{"type":"FeatureCollection","crs":{"type":"name","properties":{"name":"urn:ogc:def:crs:OGC:1.3:CRS84"}},"features":[{"type":"Feature","properties":{"name_th":"ประเทศไทย","name_en":"Thailand","iso":"TH","source":"GISTDA Province_TH (dissolved 77 provinces)","parts":361,"area_km2":514353.6,"perimeter_km":11139.7,"simplify_m":150.0},"geometry":{"type":"MultiPolygon","coordinates":[[[[98.31406,7.4785],[98.31384,7.48327],[98.31943,7.49411],[98.32457,7.49811],[98.31584,7.48379],[98.31406,7.4785]]],[[[98.33126,7.52354],[98.33475,7.52251],[98.33203,7.51174],[98.32683,7.50595],[98.32808,7.50188],[98.32471,7.49942],[98.32097,7.50795],[98.32761,7.51428],[98.32804,7.51957],[98.33126,7.52354]]],[[[98.37704,7.60298],[98.36988,7.59747],[98.36693,7.59132],[98.36266,7.58843],[98.35546,7.58974],[98.35317,7.59864],[98.35429,7.60358],[98.35893,7.60818],[98.3685,7.6079],[98.36249,7.6147],[98.3674,7.61509],[98.36983,7.60987],[98.37574,7.61775],[98.37827,7.61332],[98.37566,7.6062],[98.37704,7.60298]]],[[[98.29584,7.73803],[98.29775,7.73824],[98.29523,7.73441],[98.2947,7.73503],[98.29584,7.73803]]],[[[98.36778,7.74909],[98.36979,7.74684],[98.38552,7.74584],[98.38033,7.73932],[98.37382,7.74022],[98.37243,7.74362],[98.36048,7.73973],[98.35787,7.73541],[98.35747,7.73896],[98.36262,7.74511],[98.36778,7.74909]]],[[[98.30033,7.7438],[98.3,7.74944],[98.3031,7.74733],[98.30033,7.7438]]],[[[98.32974,7.75926],[98.33359,7.76305],[98.33347,7.75546],[98.33106,7.75316],[98.32767,7.75338],[98.32974,7.75926]]],[[[98.39372,7.75816],[98.38995,7.75794],[98.39146,7.76133],[98.40008,7.76625],[98.39372,7.75816]]],[[[98.29795,7.76727],[98.30216,7.76694],[98.29749,7.76543],[98.29795,7.76727]]],[[[98.37772,7.77932],[98.36128,7.78146],[98.35511,7.78739],[98.36401,7.79551],[98.38281,7.79444],[98.38338,7.78943],[98.38567,7.78976],[98.38682,7.78596],[98.38908,7.78572],[98.38944,7.78052],[98.38532,7.78307],[98.37772,7.77932]]],[[[98.2842,7.8202],[98.28683,7.8214],[98.28682,7.82078],[98.2842,7.8202]]],[[[98.41612,7.82576],[98.41005,7.82738],[98.40906,7.82963],[98.41705,7.83089],[98.41882,7.82888],[98.41612,7.82576]]],[[[98.4231,7.83724],[98.42402,7.83142],[98.4217,7.83582],[98.4231,7.83724]]],[[[98.45598,7.92537],[98.45536,7.92335],[98.45538,7.92533],[98.45598,7.92537]]],[[[98.42617,7.93062],[98.42552,7.92921],[98.42178,7.93105],[98.41828,7.92868],[98.41633,7.93038],[98.416,7.93181],[98.41889,7.93189],[98.41826,7.93405],[98.41476,7.93335],[98.41661,7.94333],[98.42774,7.94069],[98.43577,7.94679],[98.43852,7.9361],[98.43656,7.93115],[98.43139,7.92656],[98.42617,7.93062]]],[[[98.445,7.95969],[98.44895,7.96205],[98.44812,7.95588],[98.45319,7.95634],[98.45244,7.95228],[98.45003,7.9517],[98.44547,7.95507],[98.445,7.95969]]],[[[98.45216,7.96732],[98.4528,7.96717],[98.45178,7.96411],[98.44995,7.96485],[98.45216,7.96732]]],[[[98.44233,8.05991],[98.44916,8.06487],[98.44793,8.05965],[98.44951,8.05684],[98.44233,8.05991]]],[[[98.4054,8.10921],[98.40552,8.10686],[98.40064,8.10448],[98.39999,8.10455],[98.40179,8.10845],[98.4054,8.10921]]],[[[98.42608,8.11871],[98.4248,8.11441],[98.42542,8.11819],[98.42608,8.11871]]],[[[97.64037,8.47365],[97.62935,8.48833],[97.63479,8.49082],[97.6396,8.48499],[97.64685,8.48145],[97.64716,8.47898],[97.64037,8.47365]]],[[[97.62322,8.51674],[97.63359,8.51177],[97.64048,8.50206],[97.63986,8.49825],[97.63171,8.50114],[97.62322,8.51674]]],[[[97.64655,8.51739],[97.64521,8.52005],[97.64889,8.51986],[97.64936,8.51722],[97.64655,8.51739]]],[[[97.62373,8.57415],[97.62612,8.56809],[97.6302,8.56987],[97.63238,8.56704],[97.62771,8.55289],[97.62539,8.55455],[97.62504,8.56307],[97.62043,8.56971],[97.62002,8.57581],[97.62373,8.57415]]],[[[97.6349,8.56895],[97.63565,8.57176],[97.63814,8.56878],[97.63719,8.56602],[97.6349,8.56895]]],[[[97.63027,8.58755],[97.62688,8.58907],[97.62801,8.59444],[97.62716,8.60063],[97.63445,8.59201],[97.63027,8.58755]]],[[[97.64236,8.61686],[97.63491,8.6216],[97.63304,8.63605],[97.62729,8.6451],[97.62572,8.65598],[97.62932,8.66002],[97.63693,8.66091],[97.63726,8.66494],[97.64278,8.6635],[97.6432,8.66013],[97.6414,8.64371],[97.64136,8.62935],[97.64366,8.6227],[97.64236,8.61686]]],[[[97.63661,8.66919],[97.63102,8.67306],[97.63855,8.67749],[97.64258,8.67415],[97.64154,8.66814],[97.63661,8.66919]]],[[[97.80042,8.82948],[97.80494,8.82828],[97.80215,8.82516],[97.79798,8.82764],[97.80042,8.82948]]],[[[97.81234,9.07539],[97.81919,9.06689],[97.81272,9.05933],[97.80737,9.06771],[97.80902,9.0723],[97.80703,9.07929],[97.80983,9.08249],[97.81234,9.07539]]],[[[97.86428,9.37463],[97.86724,9.37528],[97.86969,9.36852],[97.86645,9.36572],[97.8629,9.36642],[97.86191,9.37046],[97.86428,9.37463]]],[[[97.89233,9.3982],[97.89682,9.39606],[97.89338,9.39591],[97.89126,9.39805],[97.89233,9.3982]]],[[[98.39183,9.40153],[98.39259,9.39955],[98.39218,9.39976],[98.39183,9.40153]]],[[[97.90248,9.40561],[97.90119,9.40557],[97.90187,9.40626],[97.90248,9.40561]]],[[[97.87627,9.40558],[97.87645,9.40114],[97.8799,9.39831],[97.88292,9.38244],[97.87189,9.37879],[97.86926,9.39076],[97.85919,9.39636],[97.8588,9.40079],[97.85495,9.40219],[97.85196,9.40079],[97.84469,9.40426],[97.84298,9.41155],[97.83956,9.41583],[97.85131,9.41527],[97.85456,9.42382],[97.85919,9.42343],[97.86274,9.4256],[97.86183,9.42887],[97.85077,9.43141],[97.8497,9.43493],[97.84648,9.43644],[97.85913,9.43922],[97.85693,9.44546],[97.85149,9.44681],[97.85259,9.45078],[97.85524,9.45189],[97.8544,9.45537],[97.8694,9.45459],[97.87084,9.458],[97.87753,9.4576],[97.87799,9.46233],[97.88358,9.46403],[97.89058,9.46142],[97.89643,9.45458],[97.90278,9.45253],[97.89985,9.43696],[97.9032,9.43381],[97.90132,9.43134],[97.90459,9.42633],[97.90009,9.4212],[97.8944,9.42833],[97.89046,9.42736],[97.88302,9.43173],[97.87614,9.43174],[97.88129,9.41405],[97.87909,9.41288],[97.87711,9.41571],[97.8717,9.41742],[97.87268,9.4156],[97.86981,9.40961],[97.87302,9.4059],[97.87627,9.40558]]],[[[97.83298,9.41949],[97.82947,9.41922],[97.82814,9.42143],[97.83147,9.42581],[97.83479,9.42476],[97.83298,9.41949]]],[[[98.34927,9.43362],[98.35043,9.43905],[98.35598,9.43708],[98.3522,9.43261],[98.34927,9.43362]]],[[[98.3256,9.45579],[98.32564,9.45916],[98.32845,9.45859],[98.3256,9.45579]]],[[[97.8751,9.47195],[97.87678,9.47196],[97.87658,9.47077],[97.8751,9.47195]]],[[[97.90358,9.47934],[97.90556,9.47364],[97.9018,9.4787],[97.90358,9.47934]]],[[[98.37305,9.48183],[98.36999,9.49149],[98.3713,9.49465],[98.37427,9.48909],[98.38385,9.48467],[98.38428,9.48173],[98.37844,9.4769],[98.37217,9.47848],[98.37305,9.48183]]],[[[98.33107,9.46899],[98.33204,9.47954],[98.33903,9.48703],[98.33798,9.49153],[98.35423,9.50803],[98.35161,9.49883],[98.35233,9.49117],[98.34399,9.48402],[98.3442,9.47776],[98.33107,9.46899]]],[[[97.87484,9.49431],[97.87336,9.49458],[97.87432,9.49515],[97.87484,9.49431]]],[[[98.37336,9.50098],[98.37424,9.50042],[98.3735,9.49889],[98.37336,9.50098]]],[[[98.36887,9.50234],[98.3698,9.50215],[98.36833,9.49956],[98.36887,9.50234]]],[[[98.35676,9.51854],[98.3612,9.51424],[98.35466,9.5114],[98.35522,9.51372],[98.35804,9.51316],[98.35499,9.51549],[98.35676,9.51854]]],[[[98.38388,9.56454],[98.38114,9.56474],[98.38311,9.57247],[98.387,9.57134],[98.38388,9.56454]]],[[[98.42411,9.7136],[98.41941,9.71777],[98.42629,9.71644],[98.42411,9.7136]]],[[[98.39286,9.75125],[98.39289,9.74773],[98.39588,9.74463],[98.4052,9.7466],[98.40889,9.76235],[98.40642,9.76506],[98.40175,9.7636],[98.39994,9.76558],[98.40812,9.77147],[98.41141,9.77077],[98.41496,9.7774],[98.41474,9.75775],[98.42142,9.7458],[98.42119,9.73804],[98.42738,9.73485],[98.41616,9.71825],[98.4039,9.71186],[98.40101,9.7063],[98.38993,9.7046],[98.39088,9.7081],[98.39698,9.71187],[98.39786,9.71964],[98.39552,9.71981],[98.38687,9.7304],[98.38279,9.73167],[98.38024,9.73009],[98.37962,9.73292],[98.38862,9.74708],[98.38831,9.75079],[98.39286,9.75125]]],[[[98.44722,9.77924],[98.44495,9.7798],[98.44498,9.7831],[98.44914,9.78684],[98.44722,9.77924]]],[[[98.43916,9.79807],[98.4332,9.80498],[98.43499,9.81231],[98.43178,9.81467],[98.43098,9.82106],[98.43395,9.82614],[98.43114,9.82906],[98.43296,9.83066],[98.437,9.82836],[98.4418,9.83309],[98.44381,9.83949],[98.43653,9.85573],[98.44197,9.86243],[98.44517,9.86282],[98.44996,9.87397],[98.45245,9.87333],[98.45245,9.86761],[98.45699,9.86132],[98.46364,9.8592],[98.46895,9.86319],[98.47085,9.85692],[98.46399,9.84215],[98.46128,9.84094],[98.46778,9.8245],[98.46284,9.8136],[98.46049,9.81887],[98.4547,9.81787],[98.45053,9.80861],[98.45073,9.80349],[98.45412,9.80198],[98.45253,9.79729],[98.45536,9.79572],[98.45229,9.79028],[98.44638,9.80065],[98.43916,9.79807]]],[[[98.44133,9.87903],[98.44341,9.87668],[98.44202,9.87612],[98.44133,9.87903]]],[[[99.05693,7.215],[99.05896,7.21697],[99.06566,7.21398],[99.06833,7.20843],[99.06256,7.19747],[99.05409,7.19853],[99.05263,7.20483],[99.05693,7.215]]],[[[99.06125,7.21958],[99.06181,7.2213],[99.06597,7.22142],[99.07208,7.22871],[99.07932,7.22954],[99.08307,7.22654],[99.08505,7.22061],[99.08031,7.21802],[99.07328,7.2179],[99.06911,7.21416],[99.06477,7.21546],[99.06125,7.21958]]],[[[99.12207,7.49518],[99.11715,7.49365],[99.11759,7.49905],[99.12061,7.49957],[99.12207,7.49518]]],[[[99.117,7.54272],[99.11885,7.54423],[99.12808,7.54099],[99.13662,7.53471],[99.13516,7.52456],[99.13368,7.52982],[99.12563,7.53257],[99.117,7.54272]]],[[[99.10627,7.47947],[99.10354,7.47081],[99.09851,7.46732],[99.09534,7.47244],[99.08974,7.47425],[99.09067,7.47737],[99.08843,7.48231],[99.08493,7.48303],[99.08255,7.48675],[99.07986,7.48611],[99.07373,7.49695],[99.06985,7.49653],[99.06687,7.50031],[99.05246,7.52612],[99.04522,7.54542],[99.03375,7.56736],[99.03053,7.58906],[99.0336,7.60261],[99.02679,7.62261],[99.03215,7.62666],[99.0316,7.63256],[99.02707,7.64356],[99.02084,7.64516],[99.02029,7.64281],[99.01882,7.64706],[99.0197,7.64876],[99.02221,7.646],[99.02709,7.64581],[99.03432,7.65051],[99.03862,7.64981],[99.04879,7.64289],[99.05919,7.61339],[99.06182,7.61183],[99.06503,7.61732],[99.06733,7.61437],[99.06616,7.60875],[99.07949,7.59703],[99.07956,7.59061],[99.07575,7.57994],[99.07718,7.5587],[99.08109,7.54862],[99.09444,7.53281],[99.09428,7.5275],[99.10021,7.52053],[99.10307,7.51009],[99.11059,7.49815],[99.10946,7.48185],[99.10627,7.47947]]],[[[99.14293,7.56345],[99.14592,7.56027],[99.1453,7.5594],[99.14235,7.56091],[99.14293,7.56345]]],[[[99.14276,7.57288],[99.14146,7.57351],[99.14062,7.5799],[99.14276,7.57288]]],[[[99.14894,7.58833],[99.14647,7.58238],[99.14002,7.5931],[99.14201,7.59453],[99.14644,7.59246],[99.14894,7.58833]]],[[[99.15094,7.60925],[99.14885,7.6088],[99.14726,7.61407],[99.14914,7.61795],[99.15169,7.6149],[99.15094,7.60925]]],[[[98.86513,7.61636],[98.86454,7.61216],[98.86241,7.61693],[98.86513,7.61636]]],[[[99.13834,7.63974],[99.13993,7.64088],[99.14632,7.63864],[99.14962,7.63013],[99.1478,7.61788],[99.14504,7.61533],[99.13834,7.63974]]],[[[99.09062,7.60569],[99.0903,7.59792],[99.08748,7.59568],[99.07873,7.60084],[99.06714,7.61066],[99.06856,7.61447],[99.06582,7.61845],[99.05758,7.62394],[99.0564,7.63358],[99.05098,7.64755],[99.03794,7.65499],[99.04106,7.66477],[99.03903,7.68447],[99.05685,7.68761],[99.0735,7.6864],[99.09295,7.67925],[99.09889,7.67974],[99.10938,7.68624],[99.12156,7.67043],[99.1227,7.66354],[99.12925,7.65193],[99.13,7.64235],[99.12652,7.63514],[99.11748,7.62534],[99.11941,7.61458],[99.12454,7.61099],[99.12078,7.60391],[99.12323,7.59353],[99.11968,7.58823],[99.1154,7.58699],[99.11711,7.59761],[99.11002,7.60215],[99.10091,7.60226],[99.09062,7.60569]]],[[[98.76288,7.67873],[98.76557,7.67684],[98.76545,7.68046],[98.7612,7.68344],[98.76575,7.6892],[98.76465,7.69961],[98.76662,7.68331],[98.76949,7.68568],[98.77087,7.67928],[98.76362,7.67322],[98.76138,7.67669],[98.76288,7.67873]]],[[[99.12126,7.70078],[99.11908,7.69602],[99.11314,7.70546],[99.11287,7.71518],[99.11661,7.71199],[99.12126,7.70078]]],[[[99.13051,7.73444],[99.12949,7.73294],[99.1221,7.73605],[99.12391,7.74287],[99.12843,7.73938],[99.13051,7.73444]]],[[[99.1244,7.74838],[99.12532,7.75024],[99.12903,7.74227],[99.12499,7.74468],[99.1244,7.74838]]],[[[98.7655,7.7408],[98.76786,7.73967],[98.77387,7.74371],[98.77188,7.75088],[98.76478,7.75436],[98.75963,7.76071],[98.75827,7.76525],[98.76316,7.76219],[98.76587,7.76476],[98.75548,7.78486],[98.7566,7.78757],[98.77147,7.76614],[98.7716,7.76305],[98.7806,7.75751],[98.78801,7.74245],[98.78799,7.73578],[98.79164,7.72852],[98.78998,7.72676],[98.78199,7.7298],[98.78003,7.73472],[98.76806,7.73826],[98.76559,7.73548],[98.76888,7.7177],[98.76073,7.72402],[98.75585,7.73235],[98.75619,7.74263],[98.75847,7.74558],[98.7619,7.74323],[98.76512,7.74537],[98.7655,7.7408]]],[[[98.99695,7.79887],[98.99671,7.79682],[98.99319,7.80133],[98.99429,7.80483],[98.99695,7.79887]]],[[[98.99362,7.80657],[98.98836,7.80706],[98.98779,7.80967],[98.98982,7.81012],[98.99362,7.80657]]],[[[98.79323,7.8192],[98.79791,7.82023],[98.79631,7.81432],[98.79323,7.8192]]],[[[98.77477,7.82227],[98.77089,7.81276],[98.772,7.82239],[98.77477,7.82227]]],[[[98.95478,7.85802],[98.96692,7.85299],[98.97175,7.85321],[98.97755,7.8321],[98.9838,7.82195],[98.98426,7.8155],[98.98113,7.8105],[98.9851,7.80888],[98.98329,7.80342],[98.99187,7.79632],[98.99154,7.78881],[98.98814,7.7872],[98.98673,7.78339],[98.97046,7.80327],[98.96577,7.814],[98.95843,7.82341],[98.94198,7.83756],[98.93487,7.83893],[98.93416,7.84411],[98.9392,7.85436],[98.94309,7.85294],[98.95478,7.85802]]],[[[98.99129,7.83713],[98.9947,7.83106],[98.99342,7.81861],[98.98784,7.81548],[98.98133,7.83085],[98.98505,7.83983],[98.99083,7.8436],[98.99129,7.83713]]],[[[99.01415,7.83199],[99.01568,7.83504],[99.02157,7.83582],[99.02109,7.83124],[99.01516,7.83035],[99.01415,7.83199]]],[[[98.98299,7.84411],[98.98001,7.84714],[98.98353,7.84958],[98.98496,7.84574],[98.98299,7.84411]]],[[[99.01788,7.83687],[99.01245,7.84121],[99.00276,7.86945],[99.00565,7.88245],[99.02231,7.88442],[99.02628,7.8732],[99.0324,7.86741],[99.03481,7.86903],[99.03995,7.86211],[99.03814,7.85474],[99.03256,7.85307],[99.0313,7.84146],[99.0202,7.83959],[99.01788,7.83687]]],[[[99.04685,7.87049],[99.04932,7.86943],[99.04385,7.8665],[99.0428,7.87052],[99.04685,7.87049]]],[[[99.04709,7.87998],[99.04828,7.87766],[99.04027,7.87755],[99.03947,7.87891],[99.04709,7.87998]]],[[[99.04439,7.88325],[99.05654,7.89477],[99.05317,7.88225],[99.04439,7.88325]]],[[[98.96946,7.91052],[98.96791,7.92345],[98.97315,7.92664],[98.98558,7.92799],[98.99095,7.92449],[98.99842,7.9014],[98.99876,7.89602],[98.99438,7.89055],[98.99169,7.88014],[98.99411,7.86303],[98.99314,7.85183],[98.98995,7.85037],[98.98487,7.87183],[98.97637,7.88606],[98.96946,7.91052]]],[[[99.06816,7.92126],[99.06862,7.91757],[99.0698,7.91552],[99.07715,7.91554],[99.07894,7.91673],[99.0799,7.91482],[99.07969,7.90187],[99.06677,7.87802],[99.06361,7.8752],[99.05878,7.87704],[99.06479,7.91857],[99.06816,7.92126]]],[[[98.80973,7.95269],[98.80762,7.94949],[98.80333,7.95529],[98.80937,7.95836],[98.80973,7.95269]]],[[[98.80482,7.9723],[98.80718,7.97436],[98.81396,7.97402],[98.80905,7.96838],[98.80482,7.9723]]],[[[98.46191,8.02766],[98.46078,8.02249],[98.45963,8.0325],[98.46191,8.02766]]],[[[98.47167,8.04653],[98.47023,8.03999],[98.46806,8.03849],[98.46613,8.03942],[98.4662,8.0461],[98.46024,8.05022],[98.45717,8.05591],[98.45765,8.06085],[98.46737,8.06101],[98.47167,8.04653]]],[[[98.48184,9.53575],[98.48002,9.53659],[98.4783,9.54524],[98.48134,9.55156],[98.48488,9.54883],[98.48519,9.53931],[98.48184,9.53575]]],[[[98.52631,9.57447],[98.51512,9.57249],[98.51139,9.5738],[98.5153,9.57762],[98.52631,9.57447]]],[[[98.47422,9.57509],[98.47202,9.57953],[98.47437,9.582],[98.48896,9.57759],[98.48685,9.57311],[98.48219,9.57115],[98.47854,9.57633],[98.47422,9.57509]]],[[[98.46062,9.58001],[98.46284,9.58527],[98.46685,9.5875],[98.46708,9.59263],[98.47177,9.58499],[98.47013,9.57674],[98.4649,9.5733],[98.46062,9.58001]]],[[[98.46765,9.59634],[98.46855,9.59711],[98.46982,9.59441],[98.46792,9.59406],[98.46765,9.59634]]],[[[98.51426,9.69909],[98.50788,9.69404],[98.50658,9.69955],[98.50269,9.70248],[98.49784,9.70205],[98.49722,9.70633],[98.50254,9.71002],[98.51444,9.70359],[98.51426,9.69909]]],[[[98.48783,9.73454],[98.4868,9.73193],[98.48351,9.73614],[98.48562,9.73932],[98.48783,9.73454]]],[[[98.46588,9.76939],[98.46193,9.76494],[98.45909,9.76677],[98.4663,9.77429],[98.46588,9.76939]]],[[[98.47812,9.78029],[98.47707,9.77801],[98.47712,9.78025],[98.47812,9.78029]]],[[[98.47147,9.87038],[98.47401,9.86718],[98.47241,9.8618],[98.46917,9.86366],[98.47147,9.87038]]],[[[98.47357,9.90157],[98.47585,9.90728],[98.47468,9.91114],[98.48424,9.91409],[98.48912,9.91351],[98.49107,9.91036],[98.48623,9.90081],[98.48228,9.89685],[98.47218,9.89689],[98.46726,9.89194],[98.466,9.89651],[98.47357,9.90157]]],[[[98.51293,9.89984],[98.50733,9.90047],[98.50875,9.90437],[98.51375,9.90625],[98.51668,9.90143],[98.51293,9.89984]]],[[[98.52496,9.91542],[98.52684,9.91536],[98.52683,9.91322],[98.52496,9.91542]]],[[[98.50689,9.91003],[98.51325,9.92043],[98.52143,9.92185],[98.51806,9.91374],[98.51279,9.91251],[98.51035,9.90723],[98.50742,9.90703],[98.50689,9.91003]]],[[[98.5342,9.92114],[98.53593,9.92206],[98.53641,9.91782],[98.53422,9.91797],[98.5342,9.92114]]],[[[98.51528,9.92562],[98.51419,9.92431],[98.51317,9.92679],[98.51528,9.92562]]],[[[98.47925,9.92974],[98.47933,9.93273],[98.48394,9.935],[98.48686,9.93246],[98.48193,9.92763],[98.47925,9.92974]]],[[[99.28682,6.48681],[99.29335,6.48723],[99.30098,6.49387],[99.3075,6.49506],[99.3106,6.4836],[99.30905,6.47939],[99.30569,6.48086],[99.30577,6.48465],[99.30132,6.48777],[99.28685,6.48134],[99.28306,6.48235],[99.28682,6.48681]]],[[[99.31813,6.50017],[99.31954,6.50025],[99.31883,6.49852],[99.31813,6.50017]]],[[[99.18273,6.50427],[99.1811,6.50164],[99.1813,6.50364],[99.18273,6.50427]]],[[[99.17597,6.50609],[99.17931,6.50758],[99.17681,6.50366],[99.17597,6.50609]]],[[[99.17303,6.50673],[99.17136,6.50643],[99.17206,6.50849],[99.17313,6.50892],[99.17303,6.50673]]],[[[99.17369,6.514],[99.17253,6.51226],[99.17262,6.51439],[99.17369,6.514]]],[[[99.2592,6.51241],[99.25851,6.51239],[99.26243,6.51531],[99.2592,6.51241]]],[[[99.17402,6.51627],[99.1748,6.51507],[99.17382,6.51465],[99.17402,6.51627]]],[[[99.27043,6.52478],[99.26966,6.52363],[99.26921,6.52492],[99.27043,6.52478]]],[[[99.18376,6.52392],[99.18383,6.52125],[99.17463,6.51706],[99.16715,6.52099],[99.16517,6.52423],[99.15741,6.52322],[99.15374,6.52826],[99.153,6.53496],[99.15718,6.54271],[99.16348,6.53869],[99.16662,6.53325],[99.1729,6.53078],[99.17742,6.52428],[99.18376,6.52392]]],[[[99.16447,6.54139],[99.1638,6.54127],[99.16418,6.5425],[99.16447,6.54139]]],[[[99.26011,6.54489],[99.26275,6.54326],[99.26104,6.54076],[99.25453,6.54288],[99.26011,6.54489]]],[[[99.27493,6.57798],[99.27867,6.5778],[99.29663,6.56625],[99.30192,6.56713],[99.30805,6.56276],[99.31608,6.5654],[99.31351,6.55803],[99.32581,6.55272],[99.32256,6.54936],[99.32172,6.54347],[99.32317,6.52418],[99.31351,6.5092],[99.31264,6.51102],[99.30549,6.50822],[99.28325,6.5093],[99.28605,6.51893],[99.28524,6.52532],[99.28174,6.53998],[99.27606,6.54922],[99.27328,6.55898],[99.27493,6.57798]]],[[[99.18318,6.54109],[99.17205,6.54195],[99.16357,6.54878],[99.16549,6.55101],[99.16432,6.55405],[99.16636,6.55428],[99.17147,6.55249],[99.17194,6.54786],[99.17453,6.54678],[99.17603,6.54902],[99.17965,6.54627],[99.18295,6.54845],[99.17982,6.55218],[99.18007,6.5556],[99.19022,6.56231],[99.19018,6.56658],[99.1931,6.56893],[99.19119,6.57265],[99.19363,6.57806],[99.19545,6.57619],[99.19835,6.57845],[99.19835,6.57549],[99.20259,6.57658],[99.20439,6.57473],[99.20952,6.5773],[99.21057,6.57463],[99.21598,6.5749],[99.22018,6.57736],[99.22241,6.57596],[99.23075,6.58087],[99.23301,6.57724],[99.24055,6.58166],[99.24922,6.58205],[99.25535,6.57569],[99.25756,6.57014],[99.25734,6.55692],[99.23558,6.55044],[99.23309,6.54747],[99.22674,6.54575],[99.22672,6.54254],[99.2213,6.53969],[99.21765,6.53862],[99.21515,6.5414],[99.20626,6.54095],[99.20337,6.54364],[99.20154,6.53983],[99.20043,6.54324],[99.19148,6.54734],[99.18733,6.54635],[99.18318,6.54109]]],[[[99.24658,7.32839],[99.24751,7.33374],[99.25244,7.31835],[99.25932,7.30911],[99.25508,7.30344],[99.25428,7.29803],[99.25107,7.30226],[99.25188,7.31013],[99.24658,7.32839]]],[[[99.28401,7.38567],[99.27997,7.38772],[99.28926,7.39094],[99.29798,7.38966],[99.29919,7.38421],[99.30501,7.37661],[99.31442,7.37452],[99.3058,7.37003],[99.30628,7.36664],[99.30324,7.36308],[99.30507,7.36036],[99.30388,7.35571],[99.30107,7.3532],[99.29476,7.35577],[99.29332,7.36111],[99.28834,7.36563],[99.28432,7.3648],[99.28221,7.36718],[99.2843,7.37407],[99.28752,7.37616],[99.28306,7.38065],[99.28401,7.38567]]],[[[99.24651,7.37795],[99.24662,7.38193],[99.24831,7.38188],[99.24895,7.37791],[99.24651,7.37795]]],[[[99.21727,7.40745],[99.21802,7.40274],[99.21137,7.4062],[99.20966,7.4026],[99.2058,7.40488],[99.19923,7.40198],[99.20098,7.40672],[99.19924,7.4194],[99.2014,7.43516],[99.21267,7.41254],[99.21727,7.40745]]],[[[99.32005,7.47123],[99.321,7.4707],[99.31957,7.46978],[99.32005,7.47123]]],[[[99.3002,7.49101],[99.29705,7.49514],[99.30405,7.49766],[99.30495,7.49281],[99.3002,7.49101]]],[[[99.28073,7.54493],[99.27721,7.54719],[99.27743,7.54975],[99.27929,7.54955],[99.28073,7.54493]]],[[[99.28207,7.54946],[99.28367,7.54997],[99.28324,7.54771],[99.28207,7.54946]]],[[[99.28789,7.55672],[99.2868,7.56079],[99.28909,7.5613],[99.28991,7.55871],[99.28789,7.55672]]],[[[99.1819,10.04925],[99.18546,10.05184],[99.18505,10.05589],[99.18744,10.05804],[99.1903,10.0498],[99.18662,10.04798],[99.1819,10.04925]]],[[[99.18376,10.07054],[99.18181,10.06926],[99.18576,10.07233],[99.18376,10.07054]]],[[[99.21607,10.11849],[99.21597,10.11729],[99.21571,10.11851],[99.21607,10.11849]]],[[[99.16526,10.13162],[99.16585,10.13098],[99.1655,10.13054],[99.16526,10.13162]]],[[[99.16189,10.13253],[99.1625,10.13393],[99.16399,10.13245],[99.16189,10.13253]]],[[[99.17653,10.14103],[99.17756,10.14736],[99.17998,10.14226],[99.17653,10.14103]]],[[[99.20447,10.14955],[99.20282,10.15113],[99.20379,10.15183],[99.20447,10.14955]]],[[[99.21884,10.15328],[99.21744,10.15267],[99.21707,10.15524],[99.21817,10.15744],[99.21884,10.15328]]],[[[99.17724,10.16438],[99.17689,10.1643],[99.17661,10.16538],[99.17724,10.16438]]],[[[99.22156,10.19641],[99.22092,10.19622],[99.22145,10.19724],[99.22156,10.19641]]],[[[99.24786,10.20117],[99.24917,10.20215],[99.24943,10.20164],[99.24923,10.19914],[99.24786,10.20117]]],[[[99.2484,10.2072],[99.2483,10.20894],[99.24983,10.20826],[99.2484,10.2072]]],[[[99.24225,10.22186],[99.24217,10.22322],[99.24395,10.22204],[99.24225,10.22186]]],[[[99.24933,10.24773],[99.24917,10.24632],[99.2488,10.24781],[99.24933,10.24773]]],[[[99.22173,10.24639],[99.2247,10.25037],[99.2251,10.2478],[99.22173,10.24639]]],[[[99.25561,10.24906],[99.25554,10.25248],[99.2519,10.25382],[99.25376,10.25893],[99.25889,10.25969],[99.26017,10.25426],[99.25561,10.24906]]],[[[99.22565,10.25651],[99.22732,10.25737],[99.22524,10.25348],[99.22565,10.25651]]],[[[99.23223,10.27042],[99.23313,10.27284],[99.23463,10.27156],[99.23277,10.26951],[99.23223,10.27042]]],[[[99.24154,10.2918],[99.24154,10.29107],[99.24124,10.29137],[99.24154,10.2918]]],[[[99.24826,10.29497],[99.24718,10.29475],[99.24585,10.29712],[99.24826,10.29497]]],[[[99.30116,10.3203],[99.30019,10.31725],[99.29918,10.32125],[99.30116,10.3203]]],[[[99.28322,10.32894],[99.28351,10.32524],[99.28056,10.32083],[99.27916,10.32267],[99.28181,10.32828],[99.28322,10.32894]]],[[[99.29438,10.34951],[99.29538,10.34982],[99.2952,10.34786],[99.29438,10.34951]]],[[[99.31027,10.36229],[99.30791,10.36108],[99.30912,10.36396],[99.31081,10.36523],[99.31027,10.36229]]],[[[99.32225,10.37355],[99.32132,10.37292],[99.32081,10.37721],[99.32376,10.37922],[99.32225,10.37355]]],[[[99.29476,10.39098],[99.2932,10.38744],[99.29236,10.39228],[99.29476,10.39098]]],[[[99.31605,10.4261],[99.31715,10.42576],[99.31283,10.42348],[99.31605,10.4261]]],[[[99.28797,10.43674],[99.28825,10.44197],[99.29338,10.4425],[99.29379,10.44827],[99.29786,10.45249],[99.29951,10.44039],[99.30137,10.44245],[99.30254,10.43958],[99.29625,10.43424],[99.29507,10.43657],[99.29247,10.4347],[99.28797,10.43674]]],[[[99.25286,10.44914],[99.25401,10.44962],[99.25357,10.44728],[99.25286,10.44914]]],[[[99.36578,6.48599],[99.36641,6.48617],[99.36655,6.48375],[99.36578,6.48599]]],[[[99.33159,6.48834],[99.33519,6.48858],[99.33244,6.4872],[99.33159,6.48834]]],[[[99.35079,6.55002],[99.35053,6.55015],[99.35034,6.55165],[99.35079,6.55002]]],[[[99.34248,6.57166],[99.34947,6.5632],[99.34748,6.55819],[99.34556,6.55814],[99.34067,6.56894],[99.34248,6.57166]]],[[[99.44556,6.56501],[99.44983,6.56984],[99.45009,6.57502],[99.45319,6.57745],[99.45694,6.57627],[99.45303,6.5653],[99.44733,6.56188],[99.44447,6.55591],[99.44277,6.55649],[99.44556,6.56501]]],[[[99.4582,6.58108],[99.45603,6.57871],[99.45083,6.58527],[99.45437,6.58809],[99.4582,6.58108]]],[[[99.68031,6.63999],[99.68063,6.6332],[99.67695,6.63087],[99.67921,6.6222],[99.67782,6.61672],[99.68638,6.60771],[99.6874,6.60256],[99.69083,6.60841],[99.6923,6.60554],[99.69348,6.59794],[99.69144,6.59715],[99.69419,6.5939],[99.69535,6.58337],[99.69452,6.57695],[99.69265,6.57584],[99.69419,6.57339],[99.69158,6.57247],[99.69069,6.5673],[99.6932,6.56387],[99.69243,6.55988],[99.69817,6.55681],[99.69837,6.55112],[99.69789,6.54372],[99.69349,6.54213],[99.69237,6.53919],[99.69399,6.53785],[99.69138,6.53493],[99.69306,6.52968],[99.68916,6.52957],[99.68458,6.53688],[99.67984,6.5355],[99.67618,6.53954],[99.67049,6.53076],[99.66776,6.5327],[99.6664,6.53136],[99.66796,6.52336],[99.67167,6.52206],[99.66907,6.52217],[99.66899,6.5172],[99.67328,6.51231],[99.66543,6.51418],[99.66091,6.50514],[99.65407,6.50333],[99.64445,6.51893],[99.63873,6.53639],[99.63908,6.54699],[99.62384,6.56714],[99.61844,6.56465],[99.61377,6.56652],[99.61125,6.57383],[99.60301,6.58331],[99.59553,6.59808],[99.5997,6.61217],[99.6044,6.61509],[99.60871,6.61426],[99.61252,6.61864],[99.61872,6.64621],[99.61424,6.65122],[99.614,6.66057],[99.61769,6.66184],[99.61858,6.66491],[99.62673,6.66314],[99.6285,6.66928],[99.63062,6.66791],[99.63219,6.67065],[99.63547,6.67042],[99.63748,6.67359],[99.63643,6.6755],[99.63933,6.67635],[99.6445,6.70292],[99.64027,6.70575],[99.6432,6.71376],[99.6409,6.71808],[99.64194,6.72015],[99.63925,6.72113],[99.63942,6.73528],[99.64154,6.73897],[99.64575,6.74057],[99.65624,6.72869],[99.65989,6.71719],[99.66295,6.71707],[99.66485,6.70347],[99.67159,6.69689],[99.6724,6.70119],[99.67468,6.69961],[99.67687,6.70189],[99.67811,6.69118],[99.68405,6.68518],[99.68217,6.67556],[99.685,6.65957],[99.68186,6.64952],[99.68427,6.64492],[99.68136,6.6428],[99.68423,6.63985],[99.68031,6.63999]]],[[[99.66277,6.72713],[99.66045,6.72705],[99.65753,6.73163],[99.65729,6.73357],[99.66277,6.72713]]],[[[99.47386,6.97732],[99.47566,6.97858],[99.47586,6.97296],[99.47386,6.97732]]],[[[99.47292,6.98336],[99.47298,6.98389],[99.47384,6.98392],[99.47292,6.98336]]],[[[99.44533,7.01621],[99.44546,7.01545],[99.44467,7.0151],[99.44533,7.01621]]],[[[99.44872,7.03297],[99.44874,7.03219],[99.44819,7.03256],[99.44872,7.03297]]],[[[99.47211,7.03075],[99.47064,7.05089],[99.47574,7.03758],[99.47529,7.02133],[99.47211,7.03075]]],[[[99.39861,7.06727],[99.39822,7.06605],[99.39793,7.06633],[99.39861,7.06727]]],[[[99.45153,7.07523],[99.45214,7.07436],[99.45128,7.0742],[99.45153,7.07523]]],[[[99.3944,7.07701],[99.39538,7.07469],[99.39412,7.07389],[99.39246,7.07548],[99.3944,7.07701]]],[[[99.57123,7.11272],[99.57775,7.11089],[99.58305,7.11363],[99.59165,7.10658],[99.59112,7.10452],[99.59649,7.10401],[99.60679,7.09386],[99.61207,7.08477],[99.61509,7.08334],[99.61486,7.08104],[99.6075,7.08102],[99.60254,7.08524],[99.58867,7.09083],[99.58341,7.08898],[99.56487,7.09349],[99.56302,7.1045],[99.5574,7.11],[99.55341,7.12867],[99.57123,7.11272]]],[[[99.43035,7.10988],[99.42873,7.10349],[99.42687,7.11203],[99.42719,7.1136],[99.43035,7.10988]]],[[[99.4223,7.12271],[99.42311,7.12459],[99.42628,7.12033],[99.42624,7.11553],[99.4223,7.12271]]],[[[99.58389,7.13445],[99.58283,7.13219],[99.5791,7.13183],[99.57855,7.13267],[99.58389,7.13445]]],[[[99.6387,7.14478],[99.63953,7.14477],[99.63909,7.14256],[99.6387,7.14478]]],[[[99.63059,7.14302],[99.6301,7.14402],[99.63216,7.14513],[99.63059,7.14302]]],[[[99.65232,7.15078],[99.65096,7.14806],[99.64965,7.15321],[99.65112,7.15569],[99.65232,7.15078]]],[[[99.39234,7.22539],[99.39406,7.21101],[99.39047,7.21116],[99.38993,7.20906],[99.38339,7.20624],[99.37441,7.21086],[99.3707,7.21956],[99.36527,7.22452],[99.37169,7.2442],[99.36727,7.25937],[99.3682,7.26683],[99.37133,7.26877],[99.37376,7.26653],[99.37651,7.26797],[99.38384,7.28141],[99.38703,7.28104],[99.38775,7.27656],[99.39788,7.26832],[99.39747,7.26434],[99.3955,7.26352],[99.39733,7.26242],[99.41153,7.26267],[99.42664,7.26761],[99.42806,7.26398],[99.43361,7.26269],[99.43804,7.25816],[99.45104,7.25496],[99.44705,7.25012],[99.42604,7.2471],[99.418,7.24246],[99.4083,7.24278],[99.40891,7.24038],[99.40515,7.23743],[99.40481,7.23269],[99.40245,7.23321],[99.39234,7.22539]]],[[[99.47541,7.27114],[99.47414,7.27144],[99.47572,7.27192],[99.47541,7.27114]]],[[[99.45099,7.29197],[99.45156,7.29151],[99.45058,7.28987],[99.44947,7.29147],[99.45099,7.29197]]],[[[99.39428,7.30372],[99.39539,7.30228],[99.39338,7.30301],[99.39428,7.30372]]],[[[99.40871,7.31191],[99.40637,7.31276],[99.4076,7.31504],[99.41017,7.31366],[99.40871,7.31191]]],[[[99.65893,9.31036],[99.66004,9.31106],[99.66051,9.30998],[99.65893,9.31036]]],[[[99.66094,9.3155],[99.65955,9.31366],[99.65954,9.31573],[99.66026,9.31702],[99.66094,9.3155]]],[[[99.64993,9.44927],[99.65407,9.44844],[99.65385,9.4449],[99.65266,9.44235],[99.64993,9.44927]]],[[[99.66647,9.55029],[99.66476,9.54385],[99.65862,9.54534],[99.66541,9.55801],[99.66647,9.55029]]],[[[99.65827,9.66092],[99.65922,9.66215],[99.65921,9.66061],[99.65827,9.66092]]],[[[99.65924,9.67716],[99.65977,9.67756],[99.66023,9.67712],[99.65924,9.67716]]],[[[99.66186,9.69577],[99.66126,9.69694],[99.66249,9.69679],[99.66186,9.69577]]],[[[99.66238,9.70239],[99.66453,9.70304],[99.66344,9.70105],[99.66238,9.70239]]],[[[99.34074,10.39046],[99.34287,10.39564],[99.35727,10.40907],[99.35141,10.3964],[99.34074,10.39046]]],[[[99.40351,10.45934],[99.40334,10.45879],[99.40338,10.4594],[99.40351,10.45934]]],[[[99.3591,10.46732],[99.35948,10.46576],[99.35916,10.46585],[99.3591,10.46732]]],[[[99.3691,10.47781],[99.36929,10.47802],[99.3696,10.47665],[99.3691,10.47781]]],[[[99.41781,10.48529],[99.41712,10.48566],[99.41773,10.48782],[99.41781,10.48529]]],[[[99.42083,10.49863],[99.42254,10.49846],[99.4187,10.4921],[99.42083,10.49863]]],[[[99.42508,10.50653],[99.42566,10.50601],[99.42477,10.50478],[99.42508,10.50653]]],[[[99.37873,10.55629],[99.38144,10.5606],[99.3794,10.55572],[99.37634,10.55533],[99.37873,10.55629]]],[[[99.41137,10.70477],[99.40971,10.69852],[99.40719,10.70247],[99.40817,10.70135],[99.40866,10.70405],[99.41137,10.70477]]],[[[99.52988,10.78224],[99.52998,10.78148],[99.5292,10.78154],[99.52988,10.78224]]],[[[99.53832,10.80009],[99.53768,10.79952],[99.53792,10.80041],[99.53832,10.80009]]],[[[99.49211,10.82464],[99.49187,10.82088],[99.49107,10.82397],[99.49211,10.82464]]],[[[99.49698,10.83906],[99.49647,10.83932],[99.49753,10.84045],[99.49698,10.83906]]],[[[99.47566,10.84049],[99.46962,10.8365],[99.47351,10.84507],[99.48015,10.85081],[99.48596,10.86079],[99.49301,10.8598],[99.48801,10.8511],[99.48447,10.84974],[99.48362,10.84651],[99.48149,10.8472],[99.4822,10.84536],[99.47742,10.83946],[99.47566,10.84049]]],[[[99.486,10.86228],[99.48624,10.86127],[99.48561,10.86137],[99.486,10.86228]]],[[[99.48887,10.86614],[99.49003,10.86492],[99.48743,10.86406],[99.48887,10.86614]]],[[[99.69935,6.52338],[99.70132,6.52234],[99.70424,6.52474],[99.70492,6.52016],[99.7009,6.51988],[99.70161,6.51843],[99.69762,6.52001],[99.69935,6.52338]]],[[[99.68922,6.52418],[99.6919,6.5277],[99.69418,6.51928],[99.69326,6.51784],[99.69112,6.51848],[99.68922,6.52418]]],[[[99.70589,6.54624],[99.70623,6.54629],[99.70599,6.54591],[99.70589,6.54624]]],[[[99.70446,6.54663],[99.70412,6.5482],[99.70665,6.54906],[99.70446,6.54663]]],[[[99.69884,6.61099],[99.69989,6.61249],[99.70152,6.60664],[99.69884,6.61099]]],[[[99.68746,6.61854],[99.68884,6.6223],[99.68906,6.61598],[99.68746,6.61854]]],[[[99.69148,6.64171],[99.69414,6.64415],[99.69316,6.63825],[99.69148,6.64171]]],[[[99.69096,6.65369],[99.69143,6.6547],[99.69262,6.65202],[99.69096,6.65369]]],[[[99.69111,6.66224],[99.68849,6.66929],[99.69125,6.66531],[99.69111,6.66224]]],[[[99.66975,6.71142],[99.67132,6.71234],[99.67219,6.70693],[99.671,6.70641],[99.66975,6.71142]]],[[[99.70374,6.73523],[99.7053,6.73611],[99.70768,6.73248],[99.70516,6.73049],[99.70374,6.73523]]],[[[99.69475,6.84782],[99.69765,6.82896],[99.69298,6.81559],[99.69081,6.81503],[99.6906,6.81747],[99.68609,6.81959],[99.68301,6.83329],[99.68537,6.83696],[99.68315,6.84092],[99.68616,6.84311],[99.68895,6.85075],[99.69243,6.84947],[99.69279,6.8524],[99.6965,6.85254],[99.69808,6.84999],[99.69475,6.84782]]],[[[99.69976,7.12488],[99.6971,7.12441],[99.69661,7.12632],[99.70211,7.13126],[99.69976,7.12488]]],[[[99.70439,9.33258],[99.70329,9.32907],[99.70242,9.32976],[99.70439,9.33258]]],[[[99.67959,9.35241],[99.68016,9.35401],[99.68344,9.35366],[99.68334,9.35089],[99.67959,9.35241]]],[[[99.66819,9.40359],[99.67245,9.40575],[99.67695,9.39487],[99.67643,9.39104],[99.67102,9.38642],[99.66719,9.37906],[99.66239,9.38375],[99.66337,9.39501],[99.66819,9.40359]]],[[[99.67564,9.42727],[99.66947,9.42621],[99.66649,9.42987],[99.67295,9.43405],[99.67564,9.42727]]],[[[99.67981,9.4631],[99.67656,9.46242],[99.6667,9.46775],[99.66898,9.47341],[99.67621,9.47183],[99.67667,9.46904],[99.68106,9.46868],[99.67981,9.4631]]],[[[99.69605,9.48096],[99.69544,9.48347],[99.69919,9.48144],[99.69605,9.48096]]],[[[99.70517,9.50807],[99.70277,9.50948],[99.70364,9.51133],[99.70576,9.51042],[99.70517,9.50807]]],[[[99.71054,9.52254],[99.71205,9.52229],[99.71135,9.52011],[99.71054,9.52254]]],[[[99.68103,9.50705],[99.67212,9.50945],[99.66582,9.51513],[99.66171,9.51429],[99.66352,9.51789],[99.66174,9.52936],[99.66644,9.52779],[99.67001,9.53156],[99.66951,9.53492],[99.66644,9.53656],[99.68153,9.5416],[99.68078,9.5471],[99.68438,9.54519],[99.68623,9.54705],[99.68285,9.54934],[99.68375,9.55132],[99.68894,9.55328],[99.69257,9.54921],[99.69748,9.54912],[99.69869,9.55072],[99.69902,9.5484],[99.70271,9.54777],[99.706,9.54936],[99.70756,9.5466],[99.70289,9.54018],[99.70458,9.53884],[99.70266,9.53671],[99.705,9.53566],[99.69997,9.53406],[99.70732,9.53105],[99.70101,9.52805],[99.70472,9.52312],[99.69986,9.5232],[99.69838,9.52095],[99.70066,9.51351],[99.68103,9.50705]]],[[[99.67426,9.54381],[99.6738,9.54118],[99.67227,9.54239],[99.67426,9.54381]]],[[[99.69512,9.55138],[99.69378,9.54989],[99.69371,9.55046],[99.69512,9.55138]]],[[[99.68237,9.55734],[99.6845,9.55734],[99.68589,9.5551],[99.68237,9.55734]]],[[[99.71339,9.603],[99.71097,9.60503],[99.70933,9.6131],[99.71176,9.62051],[99.715,9.61269],[99.71222,9.60785],[99.71339,9.603]]],[[[99.66868,9.61235],[99.66888,9.62641],[99.6668,9.62793],[99.6664,9.63393],[99.66189,9.63747],[99.66479,9.64071],[99.66728,9.6402],[99.66761,9.64271],[99.67476,9.63254],[99.68186,9.63095],[99.68476,9.6151],[99.6773,9.60638],[99.6736,9.60703],[99.66868,9.61235]]],[[[99.675,9.64275],[99.67625,9.63875],[99.67361,9.63888],[99.67325,9.64249],[99.675,9.64275]]],[[[99.66241,9.64995],[99.6596,9.65452],[99.66496,9.66105],[99.66855,9.65647],[99.6675,9.65108],[99.67169,9.65128],[99.67559,9.64671],[99.67102,9.6471],[99.66992,9.64946],[99.6654,9.64672],[99.6657,9.65009],[99.66241,9.64995]]],[[[99.67856,9.65301],[99.67892,9.66251],[99.68187,9.66559],[99.68339,9.66405],[99.68886,9.66511],[99.6838,9.66073],[99.68107,9.65134],[99.67856,9.65301]]],[[[99.67703,9.66496],[99.67668,9.66281],[99.6761,9.66446],[99.67703,9.66496]]],[[[99.6645,9.6702],[99.66853,9.66726],[99.66845,9.66506],[99.66288,9.66575],[99.6645,9.6702]]],[[[99.6786,9.6712],[99.67763,9.66898],[99.67664,9.67034],[99.6786,9.6712]]],[[[99.68053,9.67375],[99.68032,9.67025],[99.67985,9.67262],[99.68053,9.67375]]],[[[99.66976,9.67477],[99.66991,9.67241],[99.66784,9.67248],[99.66824,9.67496],[99.66976,9.67477]]],[[[99.67597,9.67547],[99.67858,9.67685],[99.67923,9.67549],[99.67597,9.67547]]],[[[99.6646,9.67791],[99.66364,9.67519],[99.66409,9.67772],[99.6646,9.67791]]],[[[99.68316,9.67981],[99.68261,9.67585],[99.67966,9.67716],[99.6794,9.68063],[99.68305,9.68377],[99.68469,9.6808],[99.68729,9.6817],[99.68732,9.67973],[99.68316,9.67981]]],[[[99.67579,9.68076],[99.67789,9.68108],[99.67739,9.68021],[99.67579,9.68076]]],[[[99.66732,9.68223],[99.66746,9.68006],[99.66626,9.68232],[99.66732,9.68223]]],[[[99.67433,9.68806],[99.67618,9.6864],[99.67381,9.68681],[99.67433,9.68806]]],[[[99.6776,9.69575],[99.67983,9.69536],[99.67815,9.69236],[99.67356,9.6919],[99.67077,9.69434],[99.67451,9.69985],[99.6737,9.70393],[99.6773,9.70426],[99.6776,9.69575]]],[[[99.68072,9.6989],[99.67924,9.69786],[99.67927,9.69849],[99.68072,9.6989]]],[[[99.6752,9.70604],[99.67516,9.70466],[99.67435,9.70465],[99.6752,9.70604]]],[[[99.67698,9.70747],[99.67688,9.7065],[99.67542,9.70686],[99.67698,9.70747]]],[[[99.67494,9.70749],[99.6744,9.70718],[99.67437,9.70765],[99.67494,9.70749]]],[[[99.67571,9.70908],[99.67625,9.71019],[99.67673,9.70855],[99.67571,9.70908]]],[[[99.66847,9.76646],[99.66816,9.76655],[99.66818,9.76774],[99.66847,9.76646]]],[[[99.66715,9.77097],[99.66895,9.76995],[99.66792,9.76869],[99.66715,9.77097]]],[[[99.67106,9.77241],[99.67252,9.77281],[99.67084,9.76972],[99.67106,9.77241]]],[[[99.67302,9.77776],[99.67384,9.77649],[99.67081,9.77541],[99.67302,9.77776]]],[[[99.67098,9.77902],[99.67301,9.7849],[99.67065,9.78844],[99.67178,9.78996],[99.67393,9.7857],[99.67378,9.78142],[99.67098,9.77902]]],[[[99.71875,6.58306],[99.71862,6.58118],[99.71814,6.58195],[99.71875,6.58306]]],[[[99.83105,6.65299],[99.83377,6.65449],[99.83297,6.65119],[99.83105,6.65299]]],[[[99.87537,6.65567],[99.87686,6.65582],[99.8771,6.65432],[99.87537,6.65567]]],[[[99.85262,6.66165],[99.84365,6.65158],[99.84427,6.6602],[99.84746,6.6676],[99.86247,6.67057],[99.86508,6.66729],[99.85262,6.66165]]],[[[99.84395,6.67149],[99.84323,6.67194],[99.84395,6.67215],[99.84395,6.67149]]],[[[99.83291,6.67601],[99.83228,6.6738],[99.83199,6.67411],[99.83291,6.67601]]],[[[99.86386,6.69132],[99.86661,6.68528],[99.86218,6.67516],[99.85783,6.67876],[99.86145,6.68152],[99.86386,6.69132]]],[[[99.90616,6.68857],[99.90776,6.68817],[99.90618,6.68518],[99.9046,6.68577],[99.90616,6.68857]]],[[[99.85769,6.69679],[99.86074,6.69544],[99.85879,6.69123],[99.85617,6.69313],[99.85769,6.69679]]],[[[99.83751,6.69535],[99.83852,6.70035],[99.84495,6.70041],[99.84064,6.69519],[99.83751,6.69535]]],[[[99.90745,6.70345],[99.91145,6.70259],[99.9147,6.69628],[99.90805,6.68978],[99.90391,6.70613],[99.91218,6.71274],[99.91105,6.71011],[99.90793,6.70931],[99.90606,6.70629],[99.90745,6.70345]]],[[[99.87128,6.70567],[99.87157,6.70274],[99.87034,6.70534],[99.87128,6.70567]]],[[[99.87309,6.70223],[99.87319,6.70519],[99.88706,6.70901],[99.88778,6.70749],[99.87721,6.69995],[99.87309,6.70223]]],[[[99.79879,6.70575],[99.79877,6.70473],[99.79823,6.70504],[99.79879,6.70575]]],[[[99.7949,6.71041],[99.79398,6.70964],[99.79362,6.71032],[99.7949,6.71041]]],[[[99.89013,6.70946],[99.90608,6.71517],[99.89602,6.70777],[99.89013,6.70946]]],[[[99.87298,6.71201],[99.8723,6.71731],[99.8866,6.71354],[99.88753,6.71299],[99.87298,6.71201]]],[[[99.88425,6.71475],[99.88266,6.71678],[99.89272,6.71625],[99.88425,6.71475]]],[[[99.8095,6.71183],[99.80509,6.71524],[99.81436,6.71958],[99.82344,6.72012],[99.82483,6.71841],[99.8095,6.71183]]],[[[99.86099,6.72938],[99.86232,6.71656],[99.86645,6.70811],[99.86382,6.70476],[99.85524,6.70732],[99.84668,6.70402],[99.84089,6.70993],[99.8465,6.73234],[99.84921,6.7337],[99.86099,6.72938]]],[[[99.9628,9.31288],[99.96414,9.31066],[99.95998,9.30364],[99.95053,9.31234],[99.95829,9.30998],[99.9628,9.31288]]],[[[99.90938,9.31354],[99.90973,9.31589],[99.91572,9.31407],[99.91553,9.30863],[99.90938,9.31354]]],[[[99.88932,9.31729],[99.89131,9.3183],[99.8933,9.31055],[99.89175,9.30698],[99.88932,9.31729]]],[[[99.77885,9.32593],[99.78261,9.32283],[99.77531,9.32101],[99.76675,9.32523],[99.77885,9.32593]]],[[[99.71969,9.34975],[99.71846,9.35055],[99.72009,9.35117],[99.72152,9.35039],[99.71969,9.34975]]],[[[99.97693,9.36775],[99.97189,9.36815],[99.98102,9.37923],[99.97693,9.36775]]],[[[99.95736,9.36843],[99.95866,9.37035],[99.95913,9.36653],[99.95604,9.36123],[99.94178,9.35645],[99.92907,9.35982],[99.93333,9.36828],[99.93548,9.36612],[99.93836,9.36783],[99.93962,9.37252],[99.93493,9.37291],[99.93658,9.38225],[99.95125,9.39563],[99.95268,9.38973],[99.94888,9.3862],[99.94834,9.37999],[99.95736,9.36843]]],[[[100.06644,9.48763],[100.06587,9.47861],[100.0703,9.47841],[100.06947,9.47392],[100.07375,9.47123],[100.06959,9.46731],[100.06082,9.47223],[100.04916,9.46912],[100.04013,9.45237],[100.02825,9.45134],[100.01683,9.42478],[100.00926,9.42014],[100.0002,9.42502],[99.98602,9.42272],[99.96511,9.40899],[99.96005,9.41748],[99.95079,9.42283],[99.94762,9.42092],[99.94054,9.42245],[99.93581,9.41882],[99.92907,9.41761],[99.92902,9.4287],[99.9348,9.42617],[99.93726,9.42927],[99.93379,9.43843],[99.93443,9.4567],[99.93027,9.47556],[99.92638,9.47757],[99.92461,9.48696],[99.92117,9.49081],[99.91874,9.48992],[99.91832,9.49206],[99.92042,9.49468],[99.92124,9.4918],[99.92683,9.4921],[99.93392,9.50136],[99.93485,9.50739],[99.93179,9.51654],[99.93394,9.52264],[99.93399,9.53847],[99.92619,9.55977],[99.91647,9.56974],[99.91213,9.56955],[99.91189,9.57104],[99.91505,9.57122],[99.91813,9.57723],[99.92278,9.57475],[99.93354,9.57856],[99.95259,9.5793],[99.98218,9.58761],[99.98595,9.58069],[99.99828,9.57078],[100.01007,9.57018],[100.01658,9.57434],[100.01904,9.57111],[100.01819,9.56727],[100.02712,9.5613],[100.03547,9.56014],[100.04031,9.56209],[100.04123,9.56503],[100.0439,9.56028],[100.05215,9.55729],[100.06163,9.56457],[100.06142,9.56908],[100.06887,9.58493],[100.06523,9.59043],[100.06918,9.59374],[100.0689,9.59009],[100.07555,9.58669],[100.07998,9.58873],[100.07975,9.58358],[100.0817,9.58129],[100.07999,9.57467],[100.09065,9.57002],[100.08818,9.56016],[100.08355,9.5592],[100.0757,9.54899],[100.07598,9.54037],[100.07232,9.53936],[100.0683,9.53324],[100.06143,9.52894],[100.05634,9.51579],[100.05719,9.51101],[100.05489,9.50385],[100.06028,9.49931],[100.06135,9.49096],[100.06644,9.48763]]],[[[100.08408,9.53996],[100.08291,9.53712],[100.0862,9.53368],[100.07995,9.5384],[100.08084,9.54156],[100.08408,9.53996]]],[[[99.71997,9.59415],[99.72182,9.59561],[99.72211,9.59249],[99.71974,9.59077],[99.71997,9.59415]]],[[[99.71442,9.60316],[99.71701,9.60467],[99.71723,9.60318],[99.71442,9.60316]]],[[[99.94906,9.70754],[99.94944,9.70468],[99.94712,9.70531],[99.94497,9.70304],[99.94293,9.70629],[99.94906,9.70754]]],[[[99.97116,9.71062],[99.97305,9.71168],[99.97438,9.70776],[99.97171,9.70619],[99.97116,9.71062]]],[[[100.07395,9.75041],[100.07928,9.74546],[100.08111,9.7399],[100.0813,9.73406],[100.07741,9.72972],[100.07608,9.72095],[100.07987,9.7176],[100.07501,9.71416],[100.08004,9.70084],[100.07862,9.69873],[100.08154,9.69687],[100.07814,9.69701],[100.07365,9.69146],[100.07805,9.68292],[100.06852,9.67967],[100.06786,9.67635],[100.07334,9.66953],[100.07768,9.66842],[100.07711,9.66653],[100.06974,9.66673],[100.06924,9.66997],[100.05883,9.68066],[100.04429,9.68794],[100.0381,9.69446],[100.00016,9.70705],[99.99219,9.70591],[99.98903,9.70751],[99.98074,9.71989],[99.97613,9.72315],[99.97579,9.72993],[99.98019,9.7335],[99.97355,9.75011],[99.97109,9.75224],[99.96573,9.75034],[99.96353,9.75158],[99.96544,9.75357],[99.96383,9.76018],[99.96109,9.76201],[99.96082,9.7695],[99.96167,9.77324],[99.96635,9.77675],[99.96691,9.78619],[99.97053,9.78469],[99.97267,9.78693],[99.97113,9.7922],[99.97696,9.79204],[99.9827,9.79994],[99.98928,9.79875],[99.99137,9.80395],[99.99476,9.79744],[99.99766,9.79636],[99.99543,9.79265],[100.00556,9.78714],[100.01034,9.79003],[100.01294,9.79866],[100.01561,9.79836],[100.01695,9.80276],[100.02537,9.80458],[100.03124,9.80317],[100.0341,9.79307],[100.03634,9.79236],[100.03877,9.79482],[100.05181,9.79287],[100.06178,9.78741],[100.0625,9.78501],[100.05593,9.78177],[100.05757,9.77696],[100.05622,9.77286],[100.06141,9.76943],[100.0633,9.77272],[100.06679,9.77348],[100.06854,9.76919],[100.07271,9.767],[100.07191,9.76225],[100.07627,9.75478],[100.07395,9.75041]]],[[[99.71418,9.7964],[99.7134,9.79617],[99.71338,9.79678],[99.71418,9.7964]]],[[[99.71328,9.80179],[99.71346,9.79865],[99.71283,9.79884],[99.71328,9.80179]]],[[[99.98046,9.80003],[99.97715,9.80095],[99.97862,9.80325],[99.98046,9.80003]]],[[[100.88934,12.61074],[100.88877,12.61102],[100.88927,12.61123],[100.88934,12.61074]]],[[[100.87746,12.61191],[100.87553,12.61082],[100.87425,12.61274],[100.87538,12.61478],[100.87746,12.61191]]],[[[100.88379,12.61628],[100.87934,12.61455],[100.878,12.61813],[100.88379,12.61628]]],[[[100.89915,12.6256],[100.89977,12.62657],[100.90245,12.62321],[100.89961,12.62239],[100.89915,12.6256]]],[[[100.86353,12.63972],[100.86871,12.64243],[100.87398,12.64273],[100.87769,12.63623],[100.86976,12.63341],[100.86809,12.62818],[100.86789,12.6338],[100.86353,12.63972]]],[[[100.8862,12.64458],[100.8906,12.64727],[100.89142,12.6413],[100.88558,12.64183],[100.87765,12.64501],[100.8862,12.64458]]],[[[100.89832,12.64702],[100.89792,12.64468],[100.89764,12.64719],[100.89832,12.64702]]],[[[100.82542,12.67377],[100.82286,12.67301],[100.82075,12.67642],[100.82177,12.67916],[100.82542,12.67377]]],[[[100.77278,12.7043],[100.77609,12.70663],[100.77389,12.71906],[100.78261,12.71665],[100.78631,12.71814],[100.79149,12.71626],[100.80216,12.71724],[100.8043,12.70745],[100.80265,12.70246],[100.80603,12.69645],[100.80259,12.69153],[100.79586,12.68958],[100.79087,12.68403],[100.7908,12.67834],[100.78798,12.6747],[100.78011,12.671],[100.77609,12.67352],[100.77886,12.67659],[100.77546,12.68869],[100.76454,12.70278],[100.76646,12.71315],[100.76941,12.70485],[100.77278,12.7043]]],[[[100.79685,12.72884],[100.79718,12.72947],[100.7994,12.7268],[100.79769,12.72556],[100.79685,12.72884]]],[[[100.84624,12.7632],[100.84944,12.7603],[100.84337,12.75924],[100.83822,12.76066],[100.84624,12.7632]]],[[[100.77045,12.92788],[100.77559,12.92395],[100.77882,12.92433],[100.78592,12.93455],[100.78995,12.93635],[100.7891,12.92437],[100.78157,12.90261],[100.77429,12.89765],[100.77165,12.90215],[100.77186,12.90976],[100.76666,12.91416],[100.7699,12.91786],[100.77045,12.92788]]],[[[100.80655,12.92799],[100.80619,12.92554],[100.80434,12.92985],[100.80655,12.92799]]],[[[100.78958,12.94102],[100.7891,12.94424],[100.79153,12.94261],[100.79428,12.94397],[100.79257,12.94128],[100.78958,12.94102]]],[[[100.80193,13.17222],[100.80117,13.17833],[100.8075,13.18018],[100.80727,13.17529],[100.80966,13.17302],[100.80779,13.16606],[100.80943,13.16107],[100.81271,13.15952],[100.81643,13.15052],[100.82008,13.15029],[100.81737,13.14326],[100.81968,13.1378],[100.80977,13.12488],[100.80703,13.12654],[100.80681,13.135],[100.80327,13.138],[100.80655,13.14523],[100.79959,13.14784],[100.80362,13.14958],[100.80473,13.15504],[100.80107,13.16275],[100.7982,13.16321],[100.80193,13.17222]]],[[[102.58881,11.7038],[102.58976,11.69509],[102.59834,11.6947],[102.60063,11.70105],[102.60823,11.68942],[102.60206,11.68708],[102.60058,11.67733],[102.60859,11.65656],[102.60806,11.64547],[102.60439,11.63435],[102.59491,11.62875],[102.60339,11.6262],[102.59239,11.62076],[102.59655,11.61776],[102.59175,11.61696],[102.59143,11.61378],[102.58792,11.61242],[102.58775,11.60616],[102.59051,11.60577],[102.59671,11.6097],[102.60032,11.60922],[102.60115,11.60706],[102.5965,11.6046],[102.59629,11.59687],[102.59301,11.59376],[102.59446,11.58277],[102.59304,11.58216],[102.59571,11.57786],[102.59229,11.56168],[102.58429,11.56485],[102.57507,11.57412],[102.56788,11.57631],[102.57106,11.58843],[102.56674,11.59391],[102.56429,11.59451],[102.56031,11.59116],[102.55655,11.59258],[102.55497,11.59653],[102.55014,11.59632],[102.54728,11.59131],[102.54679,11.59578],[102.54422,11.59579],[102.53986,11.60261],[102.52827,11.60363],[102.52557,11.60673],[102.52761,11.61018],[102.53214,11.61196],[102.53426,11.61011],[102.53573,11.61223],[102.53539,11.61576],[102.52984,11.61579],[102.53255,11.61924],[102.54246,11.61924],[102.54203,11.62126],[102.54481,11.62234],[102.5447,11.63523],[102.54946,11.63423],[102.55504,11.63959],[102.55362,11.64174],[102.55441,11.63955],[102.54826,11.63491],[102.54402,11.63867],[102.53926,11.63808],[102.5334,11.65268],[102.52991,11.65643],[102.52892,11.65511],[102.52317,11.65722],[102.53151,11.666],[102.53446,11.6663],[102.53185,11.67116],[102.53178,11.6744],[102.53387,11.67426],[102.53162,11.68227],[102.53359,11.6821],[102.53673,11.68414],[102.53117,11.6828],[102.52982,11.68159],[102.53248,11.68831],[102.52978,11.68551],[102.52775,11.68711],[102.52757,11.69779],[102.53082,11.69978],[102.53234,11.69699],[102.53603,11.69682],[102.53476,11.69903],[102.53959,11.70156],[102.54075,11.7055],[102.54249,11.70426],[102.54392,11.70472],[102.53866,11.70841],[102.53412,11.72476],[102.53622,11.72755],[102.54012,11.72646],[102.5402,11.73411],[102.54748,11.7381],[102.54673,11.74176],[102.54457,11.74245],[102.54499,11.75493],[102.54799,11.75985],[102.55502,11.76114],[102.55846,11.75678],[102.55972,11.749],[102.56243,11.74825],[102.56601,11.74237],[102.5664,11.73611],[102.57088,11.73222],[102.56593,11.72992],[102.56697,11.72489],[102.56441,11.72432],[102.5651,11.71793],[102.56209,11.71414],[102.5647,11.70082],[102.572,11.70161],[102.57085,11.70943],[102.57293,11.70752],[102.57723,11.708],[102.57895,11.71244],[102.58316,11.71005],[102.5853,11.70462],[102.58881,11.7038]]],[[[102.52066,11.70906],[102.51208,11.7255],[102.51927,11.72641],[102.52555,11.71702],[102.52066,11.70906]]],[[[102.38849,11.77564],[102.39359,11.77684],[102.39473,11.77167],[102.39012,11.77176],[102.38849,11.77564]]],[[[102.38997,11.79407],[102.39173,11.78611],[102.38835,11.78436],[102.38672,11.77616],[102.38384,11.78218],[102.3845,11.79541],[102.38087,11.79917],[102.38,11.80807],[102.38193,11.81097],[102.38554,11.80984],[102.39099,11.80181],[102.38963,11.79807],[102.39302,11.7969],[102.38997,11.79407]]],[[[102.4488,11.79823],[102.45057,11.8016],[102.45271,11.79872],[102.45007,11.79533],[102.4488,11.79823]]],[[[102.3756,11.80585],[102.37703,11.80548],[102.37566,11.80485],[102.3756,11.80585]]],[[[102.4555,11.80693],[102.45191,11.80547],[102.45262,11.8073],[102.45622,11.81034],[102.4555,11.80693]]],[[[102.37748,11.809],[102.3785,11.80776],[102.37746,11.80746],[102.37748,11.809]]],[[[102.37692,11.80969],[102.37636,11.8094],[102.37567,11.81134],[102.37692,11.80969]]],[[[102.39771,11.81571],[102.39834,11.81514],[102.39649,11.81467],[102.39771,11.81571]]],[[[102.4672,11.81212],[102.45143,11.81376],[102.44768,11.81188],[102.44715,11.80723],[102.44388,11.81093],[102.44461,11.82071],[102.44829,11.81885],[102.451,11.82291],[102.45127,11.81836],[102.45438,11.81745],[102.46697,11.8226],[102.47071,11.82765],[102.468,11.84118],[102.47192,11.84142],[102.47033,11.83408],[102.47729,11.83249],[102.48157,11.82814],[102.48604,11.83005],[102.48803,11.82775],[102.50366,11.82852],[102.5059,11.8306],[102.51167,11.82525],[102.50447,11.81195],[102.50288,11.81512],[102.49217,11.81577],[102.48765,11.81287],[102.48542,11.80615],[102.48907,11.7966],[102.48689,11.78998],[102.48347,11.79885],[102.47859,11.79975],[102.47874,11.80427],[102.4672,11.81212]]],[[[102.39694,11.81689],[102.39582,11.817],[102.39727,11.81787],[102.39694,11.81689]]],[[[102.40141,11.81993],[102.40215,11.82045],[102.40178,11.81853],[102.40141,11.81993]]],[[[102.38382,11.82333],[102.38521,11.8242],[102.38604,11.82148],[102.38382,11.82333]]],[[[102.45873,11.83694],[102.45953,11.83845],[102.46145,11.83376],[102.45916,11.83322],[102.45873,11.83694]]],[[[102.53024,11.83381],[102.52058,11.83305],[102.52574,11.8542],[102.52595,11.85414],[102.53284,11.84278],[102.53024,11.83381]]],[[[102.52534,11.85669],[102.52524,11.8558],[102.52406,11.85651],[102.52534,11.85669]]],[[[102.52322,11.85913],[102.52351,11.85749],[102.52247,11.85891],[102.52322,11.85913]]],[[[102.39919,12.04269],[102.39788,12.0358],[102.41256,12.0233],[102.4187,12.00919],[102.42275,12.0067],[102.42884,11.98962],[102.43464,11.98775],[102.43583,11.98473],[102.44317,11.98116],[102.44292,11.97879],[102.44606,11.97723],[102.44228,11.97367],[102.44322,11.97105],[102.43658,11.96574],[102.43527,11.96164],[102.43734,11.95501],[102.4354,11.95236],[102.4301,11.95536],[102.42959,11.95818],[102.42346,11.95966],[102.41243,11.96751],[102.40953,11.97235],[102.39923,11.97969],[102.40012,11.98344],[102.39606,11.98615],[102.39233,11.99316],[102.38558,11.99394],[102.38176,12.00061],[102.37424,11.99842],[102.37212,11.99961],[102.36838,11.99345],[102.37297,11.98426],[102.37696,11.98111],[102.3789,11.96642],[102.3774,11.96342],[102.36185,11.96226],[102.35677,11.96557],[102.34901,11.96487],[102.34377,11.97049],[102.33261,11.97495],[102.32579,11.97138],[102.32242,11.97386],[102.31384,11.9687],[102.3134,11.96578],[102.31862,11.96361],[102.31974,11.96043],[102.31719,11.95629],[102.31447,11.95768],[102.3033,11.97849],[102.29291,11.9833],[102.29195,11.98579],[102.29618,11.99264],[102.29601,11.99634],[102.28755,12.01427],[102.28127,12.01786],[102.28356,12.02259],[102.28848,12.02096],[102.29034,12.024],[102.28863,12.03107],[102.29204,12.04514],[102.28503,12.06239],[102.28225,12.06546],[102.27894,12.0643],[102.27452,12.07268],[102.27682,12.07676],[102.27544,12.09452],[102.26981,12.10568],[102.26461,12.11047],[102.26523,12.11484],[102.26034,12.12363],[102.25386,12.12919],[102.2497,12.13686],[102.25883,12.13548],[102.26443,12.13816],[102.26387,12.14343],[102.25071,12.15413],[102.25083,12.15739],[102.25624,12.15638],[102.27005,12.14538],[102.27781,12.14773],[102.27681,12.14321],[102.27893,12.14165],[102.29268,12.14415],[102.32227,12.13643],[102.3412,12.11896],[102.34785,12.11866],[102.35647,12.11244],[102.35902,12.10174],[102.36236,12.09845],[102.36638,12.08726],[102.37585,12.07294],[102.38306,12.06853],[102.38155,12.06441],[102.38431,12.06049],[102.38404,12.05611],[102.3964,12.05002],[102.39919,12.04269]]],[[[102.24455,12.1626],[102.24829,12.1628],[102.25011,12.15859],[102.24454,12.15924],[102.24455,12.1626]]],[[[102.25016,12.29025],[102.25285,12.28804],[102.25122,12.28589],[102.24912,12.28828],[102.25016,12.29025]]],[[[102.2351,12.2953],[102.23534,12.29695],[102.24071,12.29687],[102.24399,12.29298],[102.23801,12.28611],[102.2351,12.2953]]],[[[102.13321,12.39876],[102.13453,12.3964],[102.13262,12.39337],[102.13142,12.3924],[102.13321,12.39876]]],[[[102.12475,12.40978],[102.12616,12.40482],[102.11865,12.4089],[102.11902,12.4116],[102.12475,12.40978]]],[[[102.10786,12.42269],[102.11106,12.42596],[102.11049,12.42288],[102.10786,12.42269]]],[[[102.0245,12.46274],[102.02468,12.46016],[102.02093,12.4635],[102.02214,12.46529],[102.0245,12.46274]]],[[[102.06678,12.46532],[102.06596,12.46482],[102.06592,12.46614],[102.06678,12.46532]]],[[[101.94789,12.51422],[101.94928,12.5147],[101.95155,12.51157],[101.94846,12.50874],[101.94789,12.51422]]],[[[100.97051,12.52315],[100.97419,12.51723],[100.97413,12.51312],[100.9703,12.51872],[100.96788,12.51748],[100.96623,12.52142],[100.97051,12.52315]]],[[[100.95989,12.5172],[100.95752,12.50793],[100.95164,12.5148],[100.95425,12.52284],[100.95215,12.5293],[100.95534,12.52952],[100.95989,12.5172]]],[[[100.97019,12.55033],[100.97135,12.5511],[100.97206,12.54811],[100.97019,12.55033]]],[[[101.44618,12.55911],[101.44802,12.56166],[101.44525,12.58015],[101.45049,12.58291],[101.45919,12.57433],[101.46472,12.57545],[101.46839,12.57183],[101.46924,12.56644],[101.46638,12.5674],[101.45916,12.56463],[101.45347,12.55394],[101.4504,12.55403],[101.45046,12.55001],[101.44691,12.5457],[101.44909,12.53991],[101.44806,12.53234],[101.44521,12.52877],[101.44637,12.52478],[101.44186,12.5214],[101.44066,12.52738],[101.44461,12.53568],[101.44618,12.55911]]],[[[101.56844,12.55472],[101.56701,12.55817],[101.56911,12.55841],[101.56908,12.55459],[101.56844,12.55472]]],[[[100.94563,12.58295],[100.94561,12.58835],[100.95403,12.58549],[100.95788,12.5651],[100.96307,12.56114],[100.95236,12.54961],[100.9488,12.56189],[100.94995,12.56505],[100.94632,12.5685],[100.94209,12.58053],[100.94563,12.58295]]],[[[101.7003,12.56605],[101.698,12.567],[101.70169,12.57192],[101.7003,12.56605]]],[[[100.93449,12.57614],[100.93493,12.57182],[100.93215,12.57053],[100.93086,12.57235],[100.93449,12.57614]]],[[[101.51105,12.58504],[101.51056,12.58225],[101.50847,12.58423],[101.50891,12.58572],[101.51105,12.58504]]],[[[100.95952,12.5874],[100.96263,12.59093],[100.96702,12.58513],[100.9661,12.58131],[100.95939,12.5825],[100.95952,12.5874]]],[[[101.69323,12.59944],[101.69198,12.59693],[101.68923,12.59749],[101.69321,12.60193],[101.69323,12.59944]]],[[[100.9159,12.60384],[100.91718,12.60574],[100.91761,12.60117],[100.9159,12.60384]]],[[[101.69028,12.61731],[101.69064,12.60966],[101.68875,12.60735],[101.68613,12.6107],[101.68917,12.61388],[101.68818,12.61747],[101.69028,12.61731]]],[[[100.91823,12.61655],[100.91757,12.61533],[100.91725,12.61575],[100.91823,12.61655]]],[[[101.16881,12.64382],[101.16857,12.64335],[101.16831,12.64354],[101.16881,12.64382]]],[[[101.17013,12.64441],[101.16975,12.64444],[101.1702,12.64481],[101.17013,12.64441]]],[[[101.1709,12.64569],[101.17078,12.64529],[101.17046,12.64534],[101.1709,12.64569]]],[[[101.16892,12.64759],[101.17054,12.64926],[101.1711,12.64698],[101.16892,12.64759]]],[[[101.17418,12.64834],[101.17391,12.64849],[101.17425,12.64887],[101.17418,12.64834]]],[[[98.35821,8.1229],[98.3661,8.13464],[98.36011,8.14439],[98.35414,8.17367],[98.34714,8.17719],[98.33243,8.17833],[98.30728,8.19845],[98.29908,8.20243],[98.29069,8.20458],[98.28156,8.20166],[98.2831,8.21681],[98.28041,8.23664],[98.28264,8.24026],[98.2822,8.24866],[98.24764,8.39902],[98.23625,8.43332],[98.21376,8.52705],[98.20381,8.55357],[98.20575,8.56622],[98.21317,8.58832],[98.2196,8.5904],[98.23104,8.5817],[98.23953,8.58956],[98.24121,8.59899],[98.23829,8.60062],[98.23684,8.60563],[98.23719,8.61604],[98.23185,8.61717],[98.22877,8.62172],[98.23268,8.62667],[98.24265,8.63005],[98.24654,8.63918],[98.24663,8.6546],[98.24121,8.67461],[98.23744,8.7055],[98.23892,8.70545],[98.2393,8.70585],[98.23486,8.71947],[98.23594,8.72241],[98.23382,8.72139],[98.2282,8.7269],[98.22302,8.72839],[98.22131,8.73828],[98.22615,8.73403],[98.23295,8.7336],[98.24632,8.74286],[98.25053,8.74359],[98.25533,8.74984],[98.25706,8.75964],[98.26029,8.76249],[98.26201,8.77482],[98.25987,8.79588],[98.25112,8.81012],[98.25853,8.8134],[98.26509,8.82621],[98.26635,8.83971],[98.26268,8.85776],[98.26817,8.86966],[98.26201,8.88998],[98.24608,8.9142],[98.2606,8.93765],[98.26317,8.95814],[98.25847,8.98701],[98.25286,9.00114],[98.24708,9.00348],[98.24601,9.03943],[98.25107,9.08164],[98.24949,9.12562],[98.24993,9.12837],[98.25291,9.12652],[98.25567,9.12837],[98.26078,9.14346],[98.25928,9.16891],[98.26333,9.17818],[98.26388,9.20603],[98.26592,9.20748],[98.27362,9.20563],[98.27599,9.20788],[98.28263,9.22842],[98.28713,9.22891],[98.29761,9.24398],[98.2973,9.3569],[98.3898,9.33277],[98.39392,9.36283],[98.396,9.36636],[98.39721,9.40333],[98.4024,9.40354],[98.40642,9.39699],[98.41505,9.40757],[98.41949,9.40933],[98.41832,9.41174],[98.4222,9.42245],[98.42419,9.42632],[98.42639,9.4263],[98.42693,9.42957],[98.42504,9.42971],[98.43299,9.46256],[98.43509,9.49382],[98.43765,9.49419],[98.43536,9.50092],[98.44716,9.53865],[98.44948,9.53989],[98.45221,9.54744],[98.45551,9.56337],[98.46116,9.56201],[98.46603,9.56695],[98.46945,9.56423],[98.46687,9.55912],[98.46364,9.55688],[98.45974,9.55774],[98.45987,9.55562],[98.46886,9.54343],[98.47543,9.52578],[98.46977,9.50827],[98.46865,9.49774],[98.46593,9.49244],[98.46217,9.49256],[98.46423,9.48985],[98.46337,9.48402],[98.46715,9.47899],[98.47233,9.46006],[98.47529,9.45583],[98.47442,9.47178],[98.46963,9.48459],[98.48192,9.50411],[98.48067,9.53155],[98.48633,9.53701],[98.49675,9.51255],[98.48027,9.49585],[98.4789,9.48369],[98.48317,9.4763],[98.48106,9.48686],[98.4831,9.49564],[98.49412,9.50175],[98.49467,9.50648],[98.49922,9.51304],[98.49187,9.53371],[98.49032,9.56506],[98.50734,9.56428],[98.53607,9.5732],[98.54471,9.56982],[98.54679,9.57301],[98.52297,9.58092],[98.50815,9.59563],[98.49263,9.59158],[98.47509,9.59492],[98.46427,9.60383],[98.46312,9.62881],[98.46952,9.62434],[98.47353,9.62644],[98.47956,9.63446],[98.48138,9.62994],[98.48514,9.62942],[98.48662,9.62279],[98.4969,9.61603],[98.49997,9.62329],[98.50301,9.62141],[98.50386,9.62505],[98.5093,9.62509],[98.51839,9.6211],[98.51083,9.62773],[98.516,9.63451],[98.50439,9.62865],[98.50063,9.6302],[98.49998,9.63447],[98.50828,9.64312],[98.51075,9.65377],[98.52081,9.65231],[98.52435,9.65305],[98.5245,9.65497],[98.50298,9.65868],[98.50028,9.65706],[98.50006,9.65259],[98.49822,9.65244],[98.49585,9.66134],[98.49196,9.6626],[98.48929,9.67967],[98.48491,9.68109],[98.48458,9.6861],[98.49087,9.68559],[98.4937,9.68128],[98.49761,9.68127],[98.49812,9.67517],[98.50685,9.67444],[98.50982,9.67205],[98.52076,9.68101],[98.52945,9.67749],[98.53532,9.67782],[98.52925,9.68337],[98.53179,9.68402],[98.53192,9.68911],[98.54087,9.6983],[98.53886,9.70696],[98.54168,9.7061],[98.54629,9.71757],[98.55124,9.7165],[98.54989,9.72333],[98.55724,9.7292],[98.55665,9.73702],[98.55373,9.74138],[98.55457,9.74952],[98.55802,9.75317],[98.55277,9.75131],[98.54857,9.74547],[98.54348,9.74323],[98.53403,9.74502],[98.52978,9.75092],[98.52229,9.75034],[98.5194,9.74527],[98.51079,9.74144],[98.50846,9.73718],[98.50554,9.73871],[98.50372,9.73713],[98.50032,9.74056],[98.50184,9.74437],[98.50713,9.7449],[98.50733,9.75095],[98.51271,9.75369],[98.51253,9.76227],[98.50683,9.77137],[98.50804,9.7769],[98.50644,9.78292],[98.51207,9.78448],[98.5184,9.79036],[98.52341,9.78653],[98.53394,9.79099],[98.54295,9.78899],[98.54791,9.79019],[98.54766,9.79764],[98.56511,9.81342],[98.56017,9.81207],[98.56588,9.81872],[98.56536,9.82116],[98.56307,9.82134],[98.54808,9.80459],[98.5401,9.80031],[98.53543,9.8009],[98.53701,9.80604],[98.52798,9.82234],[98.52845,9.82985],[98.52285,9.83314],[98.52108,9.84314],[98.5155,9.85429],[98.51971,9.85709],[98.53479,9.85911],[98.52814,9.86133],[98.52698,9.87238],[98.53782,9.88579],[98.54999,9.8879],[98.55375,9.88381],[98.55467,9.875],[98.55679,9.87489],[98.56037,9.88579],[98.56485,9.88971],[98.57092,9.90487],[98.57562,9.90729],[98.57028,9.91097],[98.56569,9.92174],[98.57019,9.92987],[98.58577,9.93473],[98.59595,9.93411],[98.58873,9.9378],[98.58525,9.94282],[98.58948,9.9537],[98.59426,9.95286],[98.59153,9.96131],[98.59427,9.97077],[98.59164,9.97307],[98.59196,9.9757],[98.60122,9.98256],[98.60423,9.99692],[98.61626,10.02297],[98.6237,10.03556],[98.63116,10.04193],[98.6393,10.05915],[98.64275,10.0721],[98.65493,10.08681],[98.65392,10.0887],[98.63299,10.08863],[98.6342,10.10377],[98.64165,10.11785],[98.63933,10.13198],[98.654,10.16536],[98.67039,10.17315],[98.68245,10.19284],[98.69845,10.20934],[98.71995,10.26397],[98.7244,10.28296],[98.72946,10.29451],[98.73179,10.30962],[98.7435,10.32643],[98.74382,10.34253],[98.7548,10.39151],[98.76695,10.40578],[98.77087,10.42157],[98.78142,10.44146],[98.78614,10.44463],[98.7993,10.44705],[98.79673,10.45574],[98.80932,10.47081],[98.8089,10.4738],[98.80279,10.47801],[98.80002,10.48373],[98.80576,10.48267],[98.8044,10.48813],[98.81104,10.4898],[98.81539,10.49494],[98.81935,10.50767],[98.81656,10.51484],[98.81797,10.52711],[98.82111,10.52994],[98.81973,10.53157],[98.81262,10.53024],[98.81554,10.53966],[98.80908,10.54011],[98.81769,10.54657],[98.81353,10.54939],[98.81279,10.5552],[98.80878,10.55362],[98.80388,10.55948],[98.79854,10.55958],[98.79935,10.56213],[98.80403,10.56381],[98.80633,10.56971],[98.80716,10.57915],[98.80998,10.58228],[98.80728,10.58779],[98.81068,10.59259],[98.80842,10.59364],[98.80389,10.58707],[98.80146,10.58665],[98.8016,10.59303],[98.79686,10.59569],[98.80121,10.60108],[98.79929,10.60551],[98.79368,10.60335],[98.78611,10.60624],[98.78098,10.60144],[98.7808,10.61581],[98.7738,10.6162],[98.77112,10.62171],[98.77505,10.62597],[98.77477,10.63153],[98.77744,10.63452],[98.77619,10.63964],[98.78263,10.64675],[98.78461,10.65254],[98.77972,10.67946],[98.78243,10.68435],[98.78545,10.68045],[98.78962,10.68319],[98.79647,10.69743],[98.80246,10.70006],[98.80082,10.7076],[98.80741,10.70768],[98.81245,10.71295],[98.80895,10.714],[98.80889,10.71592],[98.81806,10.71846],[98.8187,10.72323],[98.82369,10.72602],[98.82294,10.73067],[98.82871,10.73309],[98.83166,10.73658],[98.8319,10.74073],[98.83527,10.74169],[98.8343,10.74358],[98.83893,10.74786],[98.83925,10.75345],[98.8448,10.75377],[98.84493,10.75798],[98.8501,10.7613],[98.85904,10.77427],[98.86074,10.77385],[98.85834,10.77575],[98.86195,10.77907],[98.86371,10.77638],[98.86753,10.7764],[98.87014,10.783],[98.87128,10.78179],[98.87484,10.78371],[98.87562,10.78772],[98.87863,10.78887],[98.8805,10.78535],[98.88423,10.7856],[98.88605,10.77771],[98.88917,10.77808],[98.8891,10.77416],[98.89839,10.7806],[98.90295,10.77888],[98.90573,10.78529],[98.90532,10.79398],[98.91119,10.80031],[98.91463,10.80778],[98.91326,10.81226],[98.92083,10.81998],[98.9233,10.82723],[98.92935,10.82329],[98.93055,10.81997],[98.93673,10.8187],[98.93571,10.81338],[98.94653,10.81198],[98.95417,10.81369],[98.95832,10.81201],[98.96575,10.82059],[98.96507,10.82354],[98.97328,10.83227],[98.98001,10.83061],[98.98342,10.83246],[98.99019,10.84426],[98.99403,10.84361],[98.99689,10.84719],[99.00137,10.84797],[99.01074,10.85665],[99.01178,10.87229],[99.00867,10.8745],[99.00841,10.87877],[99.00026,10.88142],[99.00578,10.89272],[99.00267,10.90015],[99.00298,10.90752],[98.99777,10.91131],[99.00042,10.91435],[98.99905,10.92285],[99.0035,10.92979],[99.00296,10.93507],[99.0117,10.94258],[99.01989,10.96644],[99.02359,10.97014],[99.02634,10.97008],[99.03045,10.96887],[99.03354,10.96418],[99.04015,10.96199],[99.04895,10.96264],[99.05044,10.95473],[99.05706,10.94716],[99.06283,10.95217],[99.08089,10.95528],[99.08425,10.96434],[99.09038,10.9668],[99.09383,10.97215],[99.09545,10.98563],[99.10056,10.99214],[99.10263,10.99929],[99.1012,11.00199],[99.10239,11.01269],[99.10996,11.0147],[99.11481,11.02066],[99.12689,11.02689],[99.12953,11.0306],[99.13949,11.02828],[99.14115,11.03006],[99.14651,11.02947],[99.15013,11.03338],[99.15671,11.03239],[99.16453,11.03861],[99.16493,11.04234],[99.17122,11.04314],[99.17279,11.04606],[99.17032,11.05176],[99.17144,11.05484],[99.17451,11.05881],[99.18009,11.05984],[99.17688,11.06261],[99.17977,11.07154],[99.17765,11.07442],[99.17895,11.08199],[99.18975,11.08381],[99.20006,11.09076],[99.20312,11.10136],[99.21111,11.09787],[99.21604,11.10097],[99.21729,11.1059],[99.2223,11.10683],[99.22743,11.11172],[99.22883,11.13082],[99.22386,11.13559],[99.22462,11.14214],[99.23154,11.14399],[99.25281,11.16921],[99.25204,11.17545],[99.25892,11.18808],[99.25753,11.19279],[99.26099,11.19518],[99.26276,11.20049],[99.27056,11.20442],[99.27852,11.19878],[99.28119,11.19123],[99.28662,11.19077],[99.29109,11.19521],[99.294,11.19467],[99.29154,11.20323],[99.29762,11.20534],[99.30217,11.21052],[99.30287,11.21543],[99.30737,11.21771],[99.30734,11.23004],[99.30958,11.23461],[99.3067,11.23898],[99.30089,11.24064],[99.29778,11.24414],[99.29655,11.25105],[99.30683,11.25638],[99.31359,11.27179],[99.31738,11.27377],[99.31697,11.2765],[99.32341,11.28156],[99.32626,11.28726],[99.32317,11.30285],[99.31197,11.31752],[99.31796,11.32043],[99.31945,11.32451],[99.32656,11.32932],[99.32731,11.33716],[99.3316,11.33784],[99.33514,11.3347],[99.34304,11.33289],[99.34207,11.33847],[99.34448,11.349],[99.35541,11.35717],[99.3652,11.37183],[99.37864,11.37551],[99.3844,11.38148],[99.39581,11.38223],[99.40141,11.38877],[99.40185,11.39438],[99.39773,11.40089],[99.40507,11.40738],[99.40145,11.4114],[99.40277,11.4247],[99.39612,11.43911],[99.40167,11.44361],[99.39374,11.45166],[99.39444,11.46128],[99.40432,11.46657],[99.40924,11.46266],[99.41176,11.4674],[99.41101,11.47273],[99.41911,11.475],[99.41981,11.48098],[99.4258,11.4822],[99.42999,11.47882],[99.43333,11.48159],[99.44078,11.47897],[99.44401,11.48056],[99.44133,11.48585],[99.44414,11.49091],[99.45256,11.49303],[99.45578,11.48995],[99.45851,11.49155],[99.45794,11.49565],[99.44838,11.50865],[99.45723,11.51305],[99.46288,11.52198],[99.46643,11.52302],[99.46661,11.52632],[99.47395,11.53254],[99.46843,11.54928],[99.46539,11.54771],[99.4627,11.54913],[99.46318,11.55705],[99.46762,11.56671],[99.45783,11.58276],[99.46296,11.58907],[99.46126,11.59744],[99.46499,11.60018],[99.46762,11.60674],[99.46722,11.61457],[99.47476,11.62366],[99.48307,11.62637],[99.49136,11.62512],[99.49267,11.62848],[99.50583,11.63612],[99.51716,11.63627],[99.52259,11.62463],[99.53001,11.6214],[99.54094,11.62324],[99.54629,11.62787],[99.55691,11.62408],[99.56567,11.62641],[99.5658,11.62998],[99.5716,11.63682],[99.56996,11.64325],[99.5733,11.64837],[99.58195,11.65331],[99.58682,11.65921],[99.58271,11.67794],[99.58836,11.68321],[99.5877,11.68807],[99.58998,11.69205],[99.59713,11.69412],[99.59821,11.6981],[99.59612,11.69902],[99.6021,11.7079],[99.60591,11.70732],[99.60995,11.71073],[99.61556,11.71093],[99.62037,11.71805],[99.61856,11.72315],[99.63027,11.72401],[99.63643,11.72756],[99.63871,11.73669],[99.63774,11.74114],[99.63993,11.74304],[99.63698,11.74598],[99.63909,11.7529],[99.63713,11.75555],[99.6402,11.76122],[99.63981,11.76501],[99.64397,11.77072],[99.64011,11.78923],[99.64139,11.79191],[99.64518,11.79092],[99.6485,11.80478],[99.65119,11.80733],[99.6504,11.81161],[99.6532,11.81319],[99.65881,11.8109],[99.65955,11.81983],[99.66489,11.82311],[99.65761,11.82948],[99.64127,11.82689],[99.63903,11.82915],[99.63537,11.82852],[99.63487,11.83179],[99.6305,11.83345],[99.62447,11.83162],[99.62143,11.83315],[99.62421,11.8377],[99.62515,11.85012],[99.61348,11.85857],[99.60963,11.86863],[99.60329,11.87096],[99.60006,11.87893],[99.59488,11.87257],[99.58826,11.87284],[99.58915,11.88644],[99.58418,11.89002],[99.57963,11.90335],[99.58666,11.91809],[99.58602,11.93085],[99.57975,11.94371],[99.59155,11.95141],[99.59337,11.95515],[99.5913,11.96507],[99.59398,11.97076],[99.59373,11.97797],[99.59014,11.98116],[99.59233,11.99298],[99.5883,11.99839],[99.58167,11.99972],[99.57438,12.00821],[99.56781,12.00741],[99.5628,12.01163],[99.53805,12.01438],[99.53632,12.01778],[99.54133,12.03478],[99.5403,12.03991],[99.5353,12.04306],[99.53543,12.04991],[99.53243,12.05371],[99.5337,12.06609],[99.54019,12.07519],[99.54577,12.07765],[99.55027,12.08284],[99.5511,12.09106],[99.55588,12.09386],[99.55529,12.11428],[99.56024,12.11965],[99.56181,12.1316],[99.56954,12.13727],[99.57083,12.14524],[99.56465,12.14519],[99.56155,12.14836],[99.55662,12.14805],[99.54897,12.15118],[99.53925,12.14445],[99.53039,12.14852],[99.52377,12.14514],[99.52296,12.14751],[99.5155,12.14841],[99.50743,12.14343],[99.49945,12.14361],[99.49441,12.13074],[99.4913,12.12904],[99.48488,12.12952],[99.47975,12.13403],[99.47371,12.13163],[99.47238,12.1342],[99.47408,12.14467],[99.47302,12.15792],[99.47835,12.16392],[99.48622,12.1661],[99.48955,12.17254],[99.48823,12.18159],[99.49479,12.19008],[99.49373,12.19291],[99.49617,12.19714],[99.49195,12.20003],[99.49037,12.21002],[99.48615,12.21229],[99.48642,12.21888],[99.48079,12.22191],[99.48178,12.22401],[99.47829,12.22641],[99.47842,12.22909],[99.47298,12.23241],[99.47126,12.23618],[99.47209,12.24145],[99.4762,12.24249],[99.48188,12.25292],[99.48041,12.26665],[99.48408,12.27336],[99.48223,12.27903],[99.47614,12.2799],[99.47429,12.28304],[99.46593,12.28232],[99.46155,12.28609],[99.46234,12.29721],[99.45756,12.30038],[99.45304,12.30735],[99.45279,12.31192],[99.44819,12.31217],[99.4444,12.31727],[99.4454,12.32265],[99.44252,12.32753],[99.44555,12.33188],[99.43396,12.3429],[99.43741,12.34955],[99.44371,12.35143],[99.44394,12.35584],[99.43227,12.36373],[99.43394,12.36856],[99.4378,12.37052],[99.43683,12.37522],[99.44267,12.3829],[99.4418,12.40057],[99.44648,12.40685],[99.44338,12.41073],[99.43432,12.41509],[99.42582,12.42577],[99.4247,12.44899],[99.41404,12.45016],[99.40821,12.45692],[99.40181,12.45984],[99.40342,12.47005],[99.40663,12.4734],[99.40593,12.48029],[99.41653,12.48899],[99.42542,12.49121],[99.4246,12.49997],[99.42029,12.50603],[99.41799,12.52522],[99.4217,12.52956],[99.42347,12.53792],[99.42185,12.55224],[99.42414,12.5572],[99.43314,12.55712],[99.43536,12.56527],[99.43075,12.57024],[99.42809,12.57868],[99.43317,12.58325],[99.43587,12.58173],[99.43883,12.58325],[99.43394,12.5908],[99.42502,12.5956],[99.42051,12.60805],[99.41154,12.61598],[99.39814,12.61391],[99.38629,12.61779],[99.37933,12.61539],[99.3775,12.62219],[99.3709,12.62214],[99.36593,12.62493],[99.36617,12.63443],[99.3566,12.63597],[99.35421,12.6405],[99.34774,12.63875],[99.34361,12.64213],[99.345,12.64814],[99.33773,12.66225],[99.32336,12.66867],[99.30867,12.66783],[99.30748,12.671],[99.29534,12.67759],[99.3001,12.68991],[99.29406,12.69717],[99.28938,12.69893],[99.28995,12.71566],[99.27827,12.71757],[99.27032,12.72934],[99.26443,12.72572],[99.25272,12.72385],[99.24775,12.71952],[99.24108,12.72213],[99.23405,12.73833],[99.22746,12.74406],[99.23397,12.75124],[99.23254,12.77035],[99.23465,12.77795],[99.22827,12.79113],[99.22905,12.79856],[99.2252,12.81333],[99.22305,12.81427],[99.22272,12.82373],[99.21923,12.82355],[99.21789,12.82851],[99.21159,12.82633],[99.20434,12.83874],[99.19861,12.84084],[99.19739,12.8451],[99.1896,12.84591],[99.18606,12.85032],[99.18729,12.85572],[99.1849,12.86231],[99.18874,12.87992],[99.18076,12.88813],[99.18322,12.89305],[99.1827,12.91103],[99.17484,12.92129],[99.16291,12.92776],[99.17108,12.93554],[99.17204,12.94287],[99.18444,12.94466],[99.18828,12.95172],[99.19511,12.95666],[99.19334,12.96562],[99.18985,12.96769],[99.18716,12.97653],[99.19478,12.99111],[99.18954,12.99052],[99.18061,12.99325],[99.1688,13.00782],[99.171,13.01445],[99.16551,13.01898],[99.15752,13.01994],[99.15487,13.0267],[99.14781,13.02656],[99.14645,13.03303],[99.14098,13.03531],[99.1397,13.03273],[99.13396,13.03344],[99.12501,13.03814],[99.1147,13.05169],[99.11395,13.05843],[99.1099,13.06428],[99.10422,13.06324],[99.09947,13.0735],[99.09951,13.07824],[99.10321,13.08409],[99.10876,13.08361],[99.12063,13.09662],[99.12866,13.09559],[99.13126,13.0979],[99.12733,13.10318],[99.1282,13.11643],[99.12901,13.11869],[99.13391,13.11878],[99.1329,13.12323],[99.13618,13.12888],[99.13625,13.13409],[99.13138,13.1373],[99.13007,13.1427],[99.13686,13.15197],[99.13429,13.16443],[99.12517,13.17034],[99.12191,13.1697],[99.11694,13.1741],[99.12489,13.18714],[99.12346,13.19471],[99.13067,13.20247],[99.15567,13.2085],[99.1638,13.20802],[99.17502,13.20197],[99.18301,13.19224],[99.18621,13.19404],[99.18992,13.19269],[99.19373,13.1972],[99.1973,13.19324],[99.19916,13.19389],[99.20415,13.20414],[99.21009,13.20953],[99.20405,13.21902],[99.20882,13.22609],[99.20781,13.23297],[99.20078,13.24774],[99.19789,13.24895],[99.19671,13.25708],[99.2029,13.26146],[99.20727,13.26014],[99.21156,13.26193],[99.20096,13.27221],[99.19975,13.2774],[99.19291,13.28116],[99.19305,13.28398],[99.18708,13.2912],[99.18993,13.30184],[99.19391,13.30419],[99.1908,13.30898],[99.19189,13.32339],[99.19701,13.32513],[99.19983,13.33229],[99.20651,13.33927],[99.20255,13.35481],[99.20572,13.36609],[99.20197,13.37349],[99.20426,13.37859],[99.20713,13.37992],[99.20444,13.38448],[99.20587,13.39099],[99.20399,13.40268],[99.21012,13.41249],[99.20716,13.42073],[99.20097,13.42621],[99.20379,13.43394],[99.1973,13.45106],[99.20703,13.4598],[99.20206,13.47446],[99.20396,13.48168],[99.19847,13.4821],[99.18752,13.49773],[99.19128,13.50036],[99.18837,13.50552],[99.19173,13.5142],[99.18931,13.52642],[99.19194,13.54183],[99.1906,13.54553],[99.17895,13.55546],[99.17671,13.56264],[99.17211,13.56366],[99.16457,13.57506],[99.1782,13.586],[99.16613,13.61099],[99.17133,13.63133],[99.16892,13.63719],[99.17008,13.64795],[99.16676,13.65457],[99.17046,13.66752],[99.16974,13.67169],[99.16592,13.67373],[99.16511,13.6812],[99.16956,13.68362],[99.17121,13.68927],[99.17059,13.69285],[99.16836,13.69251],[99.16696,13.69502],[99.1698,13.70672],[99.16762,13.72611],[99.16195,13.72575],[99.15853,13.73267],[99.15488,13.73516],[99.15369,13.75568],[99.14327,13.75692],[99.13322,13.767],[99.12647,13.76809],[99.12154,13.77401],[99.11777,13.7955],[99.12226,13.80326],[99.12114,13.81321],[99.11421,13.81994],[99.11617,13.82457],[99.11445,13.83035],[99.10683,13.83116],[99.09937,13.83806],[99.10092,13.85432],[99.10708,13.86548],[99.111,13.86641],[99.10803,13.88773],[99.10952,13.89079],[99.10483,13.89542],[99.09453,13.89014],[99.0883,13.8926],[99.08086,13.89182],[99.07455,13.90275],[99.06777,13.9065],[99.06639,13.91766],[99.05984,13.92925],[99.0545,13.93034],[99.04729,13.9393],[99.03733,13.94515],[99.02997,13.9464],[99.02345,13.94487],[99.01899,13.94692],[99.01986,13.95404],[99.01642,13.95654],[99.01325,13.96429],[99.01449,13.97423],[99.01192,13.98362],[99.00842,13.99307],[99.00433,13.99675],[99.00559,14.00021],[98.99872,14.00968],[98.99814,14.01915],[98.98917,14.02202],[98.97097,14.0339],[98.97343,14.03987],[98.96874,14.05341],[98.97018,14.05672],[98.96803,14.08032],[98.96068,14.09089],[98.95859,14.09763],[98.94559,14.09237],[98.92461,14.1088],[98.90351,14.11012],[98.89978,14.10842],[98.88776,14.12028],[98.87613,14.12536],[98.8716,14.14087],[98.86741,14.14695],[98.85978,14.14821],[98.84948,14.16025],[98.84427,14.1635],[98.83948,14.16342],[98.83116,14.17434],[98.82707,14.17624],[98.81828,14.17272],[98.80064,14.18827],[98.79848,14.1924],[98.78541,14.19475],[98.78326,14.19777],[98.77769,14.19965],[98.77483,14.2072],[98.76781,14.20854],[98.76008,14.21526],[98.7552,14.21515],[98.74768,14.22629],[98.74383,14.22821],[98.74293,14.23268],[98.73972,14.23167],[98.73197,14.24102],[98.72732,14.23847],[98.72453,14.23953],[98.71549,14.24631],[98.71165,14.25198],[98.70538,14.25346],[98.7006,14.26011],[98.69809,14.2747],[98.69207,14.27495],[98.68785,14.27261],[98.68099,14.27417],[98.67631,14.28239],[98.6679,14.28916],[98.663,14.29186],[98.65791,14.2917],[98.64608,14.30173],[98.64225,14.30141],[98.63107,14.31585],[98.62601,14.31262],[98.61887,14.31439],[98.61445,14.31309],[98.59806,14.32693],[98.59703,14.33662],[98.59293,14.34491],[98.59424,14.36076],[98.597,14.36796],[98.59362,14.37677],[98.58969,14.37044],[98.57629,14.36851],[98.57638,14.37482],[98.57326,14.38077],[98.56486,14.38495],[98.56292,14.39726],[98.5567,14.40458],[98.55771,14.41978],[98.54791,14.42319],[98.54679,14.43084],[98.5493,14.43482],[98.54232,14.44458],[98.53316,14.44331],[98.53166,14.44865],[98.52428,14.45569],[98.52012,14.47094],[98.51728,14.47103],[98.51693,14.47366],[98.51101,14.47818],[98.5097,14.49062],[98.50447,14.49596],[98.50533,14.50806],[98.5037,14.51073],[98.49799,14.51241],[98.49719,14.52475],[98.49213,14.53991],[98.48894,14.53973],[98.48438,14.53411],[98.47183,14.53653],[98.46445,14.53035],[98.46175,14.53065],[98.45952,14.54818],[98.45579,14.55617],[98.45848,14.56033],[98.45965,14.57821],[98.45172,14.58368],[98.44484,14.59266],[98.43679,14.60806],[98.43751,14.61295],[98.43353,14.61329],[98.42519,14.61919],[98.42455,14.62234],[98.42003,14.62343],[98.41584,14.6304],[98.40764,14.63308],[98.40434,14.63751],[98.37926,14.65432],[98.37883,14.65771],[98.37276,14.66415],[98.36647,14.66629],[98.36241,14.68395],[98.36346,14.68825],[98.35326,14.69607],[98.35287,14.69887],[98.34504,14.69978],[98.34031,14.70366],[98.33664,14.71084],[98.33397,14.71132],[98.32973,14.70615],[98.32348,14.7097],[98.3225,14.71555],[98.31683,14.72114],[98.31535,14.72675],[98.31093,14.72737],[98.31046,14.73078],[98.30667,14.73146],[98.30654,14.73767],[98.30077,14.74809],[98.29708,14.75022],[98.29429,14.76982],[98.28982,14.77422],[98.28535,14.77317],[98.28322,14.7751],[98.2768,14.79186],[98.277,14.79686],[98.27083,14.79941],[98.26106,14.81121],[98.25403,14.81406],[98.24715,14.83185],[98.25358,14.83614],[98.25409,14.83995],[98.25853,14.84345],[98.26083,14.85688],[98.25603,14.86383],[98.24475,14.87154],[98.24176,14.8771],[98.23334,14.88326],[98.23262,14.88742],[98.22987,14.88945],[98.23416,14.89734],[98.24086,14.89843],[98.25006,14.91598],[98.2436,14.92322],[98.24343,14.93901],[98.23293,14.94336],[98.22853,14.94825],[98.23126,14.95377],[98.23247,14.96737],[98.2274,14.96875],[98.22059,14.97573],[98.21696,14.97536],[98.20887,14.98305],[98.21272,15.01958],[98.21915,15.02555],[98.22447,15.02694],[98.22868,15.03724],[98.2351,15.0428],[98.22106,15.05513],[98.22112,15.06004],[98.21687,15.06375],[98.21024,15.07726],[98.20492,15.07745],[98.20297,15.08297],[98.19221,15.0879],[98.19021,15.09258],[98.18419,15.09652],[98.1854,15.10476],[98.18226,15.10911],[98.18281,15.11366],[98.18993,15.1308],[98.19538,15.13454],[98.18956,15.14055],[98.1902,15.14919],[98.19242,15.15246],[98.20003,15.15577],[98.20166,15.16527],[98.20755,15.16986],[98.20772,15.17469],[98.21223,15.17676],[98.21364,15.18022],[98.21298,15.18438],[98.20777,15.18992],[98.20949,15.2],[98.19895,15.21046],[98.20196,15.21489],[98.19833,15.21964],[98.20059,15.22538],[98.19829,15.23367],[98.20285,15.23646],[98.20786,15.234],[98.21373,15.23553],[98.22244,15.22376],[98.23231,15.22224],[98.23643,15.21945],[98.23974,15.22149],[98.24751,15.22151],[98.25344,15.22556],[98.25792,15.22354],[98.26035,15.23516],[98.26753,15.24704],[98.27319,15.25139],[98.28018,15.27013],[98.29303,15.27307],[98.30349,15.28028],[98.29446,15.29764],[98.30057,15.30353],[98.29596,15.30848],[98.29571,15.3114],[98.2984,15.31313],[98.30282,15.31051],[98.30543,15.3132],[98.30763,15.31242],[98.31564,15.30677],[98.32742,15.30251],[98.33636,15.29443],[98.35271,15.29291],[98.36418,15.28332],[98.37511,15.28189],[98.37905,15.27404],[98.38572,15.27017],[98.38829,15.27168],[98.39462,15.26318],[98.39897,15.26096],[98.40214,15.25445],[98.41414,15.2646],[98.41699,15.27281],[98.41349,15.28376],[98.40897,15.28713],[98.4141,15.29442],[98.40823,15.30252],[98.40204,15.30589],[98.39087,15.30149],[98.38802,15.30113],[98.38809,15.30352],[98.40072,15.30961],[98.39998,15.32156],[98.41162,15.32084],[98.41497,15.32319],[98.40991,15.33646],[98.41191,15.35307],[98.41642,15.36338],[98.43122,15.36794],[98.43563,15.36169],[98.44161,15.36532],[98.4442,15.37121],[98.45534,15.36787],[98.44962,15.38305],[98.45923,15.38613],[98.46312,15.37594],[98.47116,15.37225],[98.47279,15.37545],[98.48148,15.37777],[98.48101,15.38842],[98.48322,15.39189],[98.49008,15.39379],[98.49703,15.38854],[98.50006,15.38954],[98.509,15.37587],[98.51606,15.37965],[98.52482,15.37086],[98.52821,15.37247],[98.53771,15.37063],[98.54763,15.35896],[98.54458,15.35432],[98.55089,15.3447],[98.5474,15.34276],[98.54965,15.33779],[98.5546,15.33464],[98.55889,15.33615],[98.58035,15.37616],[98.58546,15.47102],[98.55302,15.6023],[98.56297,15.64028],[98.54661,15.6821],[98.57298,15.78461],[98.61046,15.87649],[98.60414,15.87581],[98.60144,15.87293],[98.59594,15.87534],[98.59735,15.88529],[98.59376,15.88641],[98.58924,15.8942],[98.58934,15.90778],[98.58474,15.91691],[98.58877,15.93295],[98.59235,15.93825],[98.59244,15.95031],[98.59591,15.96037],[98.60236,15.96514],[98.60621,15.96514],[98.60903,15.97208],[98.60718,15.98536],[98.60037,15.99691],[98.59675,16.00851],[98.59033,16.01408],[98.57726,16.01996],[98.57487,16.02555],[98.56221,16.03261],[98.56105,16.0367],[98.56307,16.045],[98.56716,16.05628],[98.57803,16.06031],[98.58093,16.06402],[98.58125,16.07085],[98.58945,16.07609],[98.60061,16.07342],[98.60277,16.06533],[98.60844,16.06113],[98.60366,16.05347],[98.60732,16.05108],[98.60861,16.04225],[98.6121,16.0424],[98.61423,16.03992],[98.62867,16.04489],[98.63161,16.04861],[98.62697,16.06186],[98.6397,16.06082],[98.64265,16.06655],[98.66161,16.07379],[98.66263,16.07637],[98.65922,16.08225],[98.6711,16.0897],[98.67496,16.09549],[98.66635,16.11001],[98.68242,16.11163],[98.68257,16.11743],[98.67835,16.12585],[98.68616,16.12825],[98.68667,16.13306],[98.69206,16.13101],[98.69951,16.13482],[98.7089,16.13471],[98.71374,16.13184],[98.71864,16.12294],[98.72798,16.12281],[98.74311,16.11888],[98.74972,16.12076],[98.76787,16.12009],[98.77987,16.12627],[98.78496,16.12305],[98.78866,16.1108],[98.80447,16.10359],[98.80969,16.10833],[98.82471,16.11333],[98.82962,16.11752],[98.82815,16.12082],[98.83114,16.12607],[98.84155,16.12974],[98.84758,16.12759],[98.85194,16.13609],[98.8498,16.14017],[98.85447,16.15648],[98.85085,16.16094],[98.85615,16.16327],[98.85745,16.16743],[98.86161,16.16886],[98.86242,16.17135],[98.85966,16.18212],[98.86091,16.18742],[98.8542,16.19273],[98.8551,16.19476],[98.85957,16.19467],[98.86166,16.1987],[98.85961,16.20696],[98.85288,16.21389],[98.85311,16.21847],[98.85588,16.22394],[98.86569,16.23293],[98.87087,16.23458],[98.87188,16.23836],[98.87511,16.23641],[98.87757,16.23007],[98.88253,16.24006],[98.88781,16.24239],[98.88798,16.24833],[98.89345,16.24789],[98.90396,16.25425],[98.9048,16.26047],[98.9107,16.26865],[98.90701,16.27516],[98.91267,16.29304],[98.91105,16.29842],[98.91605,16.30574],[98.92366,16.30457],[98.92799,16.30653],[98.92781,16.31117],[98.92525,16.31285],[98.93202,16.32874],[98.92923,16.33772],[98.92444,16.34181],[98.92648,16.34535],[98.92402,16.34694],[98.91766,16.34422],[98.91185,16.34449],[98.90913,16.34766],[98.91118,16.35259],[98.91726,16.35785],[98.92041,16.36994],[98.91713,16.37679],[98.91819,16.38824],[98.90068,16.40067],[98.89646,16.40752],[98.89189,16.40737],[98.88908,16.41686],[98.87918,16.42575],[98.87578,16.4226],[98.86809,16.42394],[98.86055,16.43015],[98.85565,16.42885],[98.84684,16.41936],[98.84067,16.42232],[98.8293,16.42233],[98.82728,16.41269],[98.81331,16.39388],[98.81705,16.38886],[98.81694,16.38532],[98.79782,16.37619],[98.79181,16.36989],[98.78477,16.36827],[98.78135,16.36327],[98.78297,16.35503],[98.77634,16.34991],[98.77683,16.34513],[98.77437,16.34488],[98.77204,16.34791],[98.76867,16.34716],[98.76553,16.34284],[98.76116,16.34515],[98.75382,16.34392],[98.74738,16.34658],[98.74474,16.34488],[98.7454,16.34205],[98.74274,16.33825],[98.73641,16.33776],[98.73382,16.33285],[98.72816,16.3325],[98.72527,16.32274],[98.72848,16.31966],[98.72737,16.31562],[98.7253,16.31515],[98.72557,16.31289],[98.72146,16.31475],[98.71886,16.31015],[98.71999,16.29685],[98.70722,16.29446],[98.70466,16.28352],[98.70666,16.28168],[98.70349,16.27888],[98.70411,16.27291],[98.70181,16.27034],[98.69862,16.26875],[98.69463,16.27002],[98.6922,16.2721],[98.69313,16.27553],[98.68409,16.27876],[98.68202,16.28203],[98.67919,16.27841],[98.68221,16.2768],[98.68091,16.27381],[98.67771,16.27115],[98.67509,16.27206],[98.67379,16.27483],[98.67626,16.27988],[98.67323,16.28463],[98.66907,16.28369],[98.66669,16.2919],[98.66926,16.29268],[98.66984,16.29964],[98.67168,16.30056],[98.66945,16.30132],[98.66885,16.30577],[98.67068,16.30613],[98.66762,16.30901],[98.67047,16.31059],[98.6695,16.31367],[98.67183,16.31744],[98.6665,16.31641],[98.66367,16.31947],[98.66802,16.32249],[98.66674,16.32453],[98.669,16.32638],[98.66661,16.33376],[98.66664,16.34581],[98.66502,16.34811],[98.653,16.35216],[98.65544,16.35756],[98.66214,16.35983],[98.66461,16.36441],[98.66241,16.36829],[98.65365,16.37025],[98.65827,16.37778],[98.64913,16.39355],[98.65629,16.39947],[98.64365,16.40344],[98.64117,16.40967],[98.63624,16.4115],[98.64041,16.41673],[98.63762,16.42579],[98.6397,16.43122],[98.65148,16.44853],[98.65783,16.4532],[98.65789,16.45704],[98.65133,16.4629],[98.65143,16.47118],[98.64774,16.47373],[98.64423,16.4728],[98.64302,16.47892],[98.63395,16.47813],[98.6334,16.48423],[98.62986,16.48798],[98.62733,16.49591],[98.62094,16.49892],[98.61398,16.50577],[98.60615,16.5268],[98.59886,16.53183],[98.59559,16.53753],[98.59819,16.54654],[98.59511,16.54723],[98.5903,16.54334],[98.58294,16.54759],[98.58339,16.55108],[98.58687,16.55285],[98.58534,16.5591],[98.57847,16.55742],[98.57864,16.56654],[98.57262,16.56927],[98.57707,16.57369],[98.5796,16.56702],[98.58698,16.56589],[98.58701,16.56827],[98.57979,16.57538],[98.5836,16.57742],[98.58285,16.58282],[98.58719,16.58672],[98.58261,16.5952],[98.58403,16.59939],[98.58114,16.60092],[98.57729,16.59794],[98.57702,16.60631],[98.57113,16.60611],[98.57165,16.6112],[98.56897,16.6164],[98.57391,16.6209],[98.57121,16.63181],[98.56161,16.62985],[98.55922,16.63553],[98.55346,16.63371],[98.54471,16.6386],[98.53709,16.63422],[98.53107,16.64062],[98.52435,16.6429],[98.52337,16.65024],[98.5172,16.64917],[98.51235,16.64415],[98.51549,16.66756],[98.51892,16.6761],[98.51513,16.68523],[98.51783,16.69347],[98.51178,16.69595],[98.51693,16.69871],[98.51743,16.70118],[98.50303,16.69877],[98.50093,16.69164],[98.49639,16.69052],[98.49905,16.69598],[98.49615,16.7025],[98.50283,16.71085],[98.50178,16.7149],[98.49428,16.71567],[98.49156,16.70879],[98.48562,16.71663],[98.47108,16.71412],[98.4712,16.71734],[98.47785,16.71912],[98.47537,16.72316],[98.46954,16.72492],[98.46848,16.72834],[98.46328,16.72852],[98.46897,16.73849],[98.46257,16.74686],[98.46248,16.75088],[98.46826,16.75234],[98.47178,16.75084],[98.47427,16.74616],[98.479,16.74667],[98.47988,16.74923],[98.47638,16.75346],[98.47698,16.76407],[98.48433,16.76734],[98.48935,16.77258],[98.48355,16.78011],[98.48608,16.79023],[98.48996,16.79161],[98.49265,16.78867],[98.49533,16.79191],[98.49922,16.78557],[98.50383,16.78549],[98.50627,16.78752],[98.50699,16.79634],[98.51069,16.79786],[98.5144,16.79639],[98.51564,16.79101],[98.52044,16.79028],[98.52447,16.79397],[98.5258,16.79921],[98.51634,16.79789],[98.51486,16.80456],[98.52104,16.80788],[98.54778,16.81397],[98.54117,16.82028],[98.53789,16.82921],[98.53248,16.82959],[98.52605,16.82698],[98.52295,16.83485],[98.51533,16.83746],[98.50816,16.83695],[98.50259,16.83225],[98.4921,16.84151],[98.4975,16.86003],[98.50123,16.86406],[98.50764,16.86661],[98.51147,16.85606],[98.51561,16.85691],[98.5137,16.86721],[98.50705,16.87673],[98.50839,16.87952],[98.51715,16.87959],[98.52188,16.87655],[98.52479,16.87126],[98.53277,16.86702],[98.53584,16.86002],[98.54,16.86137],[98.52651,16.88371],[98.52875,16.89086],[98.53564,16.89344],[98.53571,16.89895],[98.51265,16.9026],[98.52136,16.91058],[98.52215,16.91708],[98.50999,16.9166],[98.50749,16.91067],[98.50125,16.91756],[98.50554,16.92787],[98.49938,16.92851],[98.49043,16.92265],[98.49091,16.93405],[98.4829,16.93773],[98.484,16.94105],[98.49735,16.95031],[98.50152,16.94974],[98.50489,16.94443],[98.50839,16.94517],[98.50796,16.94864],[98.49923,16.95772],[98.48883,16.9578],[98.48992,16.96813],[98.4876,16.97124],[98.48112,16.97158],[98.47557,16.96824],[98.46972,16.97071],[98.46923,16.97376],[98.47815,16.97663],[98.48075,16.97982],[98.47337,16.98619],[98.47266,16.99524],[98.4693,16.99621],[98.46465,16.99205],[98.45835,16.99123],[98.44848,16.99699],[98.45017,17.00398],[98.45529,17.01126],[98.45209,17.0163],[98.4554,17.02216],[98.45151,17.02472],[98.44103,17.02071],[98.43029,17.02218],[98.43664,17.02746],[98.43762,17.03633],[98.4306,17.03938],[98.42401,17.03786],[98.42426,17.04361],[98.42096,17.04563],[98.41633,17.04303],[98.41101,17.05408],[98.40396,17.05612],[98.40048,17.04807],[98.39711,17.04735],[98.39072,17.05264],[98.39312,17.05843],[98.39019,17.06058],[98.38405,17.05705],[98.37969,17.05907],[98.37544,17.05566],[98.37066,17.05628],[98.3608,17.04898],[98.35151,17.04989],[98.34493,17.04812],[98.33714,17.05133],[98.33334,17.05721],[98.3181,17.06893],[98.31222,17.0789],[98.3126,17.08889],[98.30268,17.08864],[98.29962,17.09111],[98.30539,17.09452],[98.30869,17.10068],[98.31566,17.09488],[98.31719,17.10491],[98.32259,17.11103],[98.30846,17.11184],[98.30126,17.10776],[98.29916,17.11089],[98.29815,17.12745],[98.29334,17.12281],[98.29528,17.11685],[98.29322,17.11396],[98.28602,17.11168],[98.28021,17.11553],[98.28316,17.12621],[98.28649,17.13042],[98.28469,17.14375],[98.28835,17.14471],[98.29649,17.14168],[98.2981,17.14412],[98.29671,17.1497],[98.28748,17.15624],[98.27863,17.15184],[98.27126,17.15211],[98.26721,17.16098],[98.27987,17.16846],[98.27929,17.17331],[98.2665,17.17736],[98.25902,17.17521],[98.25877,17.17842],[98.2641,17.18443],[98.26245,17.18755],[98.24923,17.1825],[98.25146,17.19724],[98.24586,17.19548],[98.24419,17.1984],[98.24708,17.21071],[98.2391,17.20969],[98.2309,17.20288],[98.22844,17.2048],[98.22972,17.21256],[98.24481,17.22289],[98.24289,17.22904],[98.23903,17.23027],[98.22827,17.22113],[98.2186,17.22833],[98.21226,17.22926],[98.20925,17.2439],[98.20485,17.25017],[98.19706,17.25488],[98.17414,17.25906],[98.17137,17.26377],[98.16674,17.2632],[98.1673,17.27319],[98.16166,17.27902],[98.15224,17.28413],[98.14649,17.29203],[98.13514,17.2926],[98.1382,17.29976],[98.13454,17.3064],[98.12903,17.30769],[98.12645,17.31972],[98.11977,17.32314],[98.11577,17.31925],[98.11126,17.32127],[98.10575,17.33693],[98.1052,17.34534],[98.10737,17.3502],[98.10522,17.35379],[98.10921,17.3568],[98.1108,17.36273],[98.1197,17.37337],[98.11756,17.37549],[98.11,17.37621],[98.1084,17.38258],[98.11043,17.38538],[98.10198,17.39051],[98.09349,17.39111],[98.08874,17.396],[98.08074,17.38984],[98.07842,17.39577],[98.07284,17.40073],[98.0711,17.40754],[98.06481,17.41175],[98.06115,17.41996],[98.04569,17.42993],[98.04723,17.4339],[98.05598,17.43616],[98.05676,17.44121],[98.04855,17.44284],[98.04209,17.4507],[98.03681,17.45227],[98.02579,17.46876],[98.00488,17.49106],[97.99162,17.51078],[97.98823,17.5121],[97.98344,17.5095],[97.97077,17.5083],[97.96545,17.51664],[97.96775,17.52108],[97.9623,17.52784],[97.93989,17.53173],[97.93489,17.53373],[97.93272,17.53848],[97.92362,17.53925],[97.91918,17.55795],[97.91493,17.5588],[97.91038,17.56313],[97.91124,17.5674],[97.90779,17.57368],[97.90784,17.58062],[97.90448,17.5856],[97.8505,17.62459],[97.84015,17.63752],[97.82946,17.64544],[97.82661,17.65135],[97.8217,17.65287],[97.81832,17.66224],[97.80412,17.67108],[97.80212,17.67561],[97.79352,17.67947],[97.79118,17.69199],[97.77847,17.70601],[97.77404,17.70785],[97.76763,17.72027],[97.7627,17.72514],[97.76479,17.73021],[97.76247,17.7344],[97.76267,17.74535],[97.76964,17.74628],[97.77444,17.75112],[97.76917,17.75456],[97.75885,17.76996],[97.75132,17.76811],[97.74579,17.77001],[97.74175,17.7869],[97.73285,17.79669],[97.72392,17.79928],[97.71829,17.80711],[97.71908,17.8178],[97.70909,17.81841],[97.70371,17.8157],[97.69958,17.81919],[97.69272,17.83109],[97.69304,17.84059],[97.68185,17.85726],[97.67286,17.87605],[97.67377,17.88761],[97.68639,17.91167],[97.68726,17.92491],[97.70771,17.94634],[97.72611,17.95035],[97.73331,17.9547],[97.73637,17.96095],[97.73771,17.975],[97.73574,17.98869],[97.72088,18.01203],[97.72358,18.02272],[97.71147,18.04126],[97.70756,18.05546],[97.699,18.06521],[97.69345,18.06571],[97.68654,18.05905],[97.68123,18.06453],[97.68006,18.07404],[97.6845,18.07803],[97.68967,18.07927],[97.69057,18.08774],[97.67817,18.11365],[97.67596,18.1604],[97.6664,18.17029],[97.65664,18.17287],[97.65007,18.17931],[97.6428,18.19258],[97.61575,18.22177],[97.60966,18.23618],[97.60857,18.24182],[97.61155,18.25134],[97.63311,18.27084],[97.63895,18.27962],[97.63946,18.2857],[97.6369,18.29201],[97.6185,18.31912],[97.59319,18.332],[97.58177,18.33347],[97.57502,18.33858],[97.56724,18.33664],[97.55888,18.33903],[97.54973,18.33313],[97.53921,18.29367],[97.53202,18.28103],[97.5081,18.2671],[97.50432,18.26635],[97.50087,18.26836],[97.4843,18.29084],[97.4665,18.30425],[97.45196,18.32874],[97.44602,18.33422],[97.44159,18.35764],[97.45136,18.37776],[97.4519,18.39047],[97.44054,18.40481],[97.42964,18.40648],[97.42515,18.41009],[97.41723,18.43752],[97.41386,18.44248],[97.40182,18.45154],[97.39886,18.45774],[97.39118,18.49138],[97.3843,18.50977],[97.37219,18.5235],[97.36228,18.52658],[97.35776,18.53026],[97.34689,18.54484],[97.34379,18.57555],[97.35666,18.59022],[97.36176,18.5995],[97.36252,18.55958],[97.38268,18.55861],[97.39416,18.56074],[97.39802,18.56495],[97.40426,18.56589],[97.40921,18.55464],[97.4177,18.55237],[97.42744,18.54414],[97.42918,18.52408],[97.43667,18.51994],[97.43686,18.50645],[97.44395,18.50108],[97.4456,18.49494],[97.4538,18.49385],[97.45929,18.49961],[97.46585,18.49747],[97.47175,18.5039],[97.48275,18.51027],[97.4846,18.50823],[97.49163,18.50905],[97.50126,18.49379],[97.5094,18.4927],[97.51804,18.49826],[97.52274,18.49534],[97.52809,18.4963],[97.53444,18.49155],[97.53682,18.49263],[97.54061,18.50134],[97.53897,18.50393],[97.5434,18.51406],[97.54596,18.52965],[97.54942,18.53057],[97.55294,18.52762],[97.55857,18.52676],[97.56383,18.5214],[97.57213,18.53445],[97.58577,18.53309],[97.58796,18.53753],[97.59077,18.53829],[97.59481,18.53549],[97.60479,18.53596],[97.60606,18.54266],[97.61366,18.54459],[97.61921,18.5425],[97.61908,18.53938],[97.62104,18.53952],[97.62275,18.54399],[97.61452,18.55526],[97.61491,18.56097],[97.6272,18.56535],[97.63586,18.55905],[97.64066,18.56222],[97.64465,18.57004],[97.65002,18.571],[97.65101,18.57692],[97.65562,18.5776],[97.65865,18.57511],[97.66723,18.57522],[97.67053,18.57323],[97.67499,18.57668],[97.68266,18.57537],[97.69292,18.56999],[97.70104,18.56929],[97.70818,18.5722],[97.71482,18.57127],[97.72242,18.57369],[97.72237,18.5792],[97.7253,18.58353],[97.73195,18.58607],[97.73429,18.58578],[97.73837,18.57956],[97.7434,18.57794],[97.749,18.57826],[97.75354,18.57598],[97.76843,18.57826],[97.76642,18.5885],[97.77185,18.59838],[97.77156,18.60349],[97.76884,18.60451],[97.7741,18.61007],[97.77381,18.61877],[97.76983,18.62165],[97.77084,18.62818],[97.76697,18.63225],[97.77103,18.63707],[97.76846,18.64373],[97.77162,18.6461],[97.77226,18.65529],[97.76739,18.6686],[97.77271,18.67542],[97.77075,18.68187],[97.77373,18.68923],[97.76499,18.70898],[97.75856,18.71176],[97.7545,18.7211],[97.75473,18.73058],[97.75215,18.73756],[97.75339,18.74144],[97.75765,18.74465],[97.75849,18.75423],[97.76368,18.75806],[97.76191,18.763],[97.75385,18.76642],[97.75404,18.78532],[97.74924,18.79055],[97.74849,18.79777],[97.75286,18.80807],[97.7455,18.81202],[97.74276,18.82279],[97.73912,18.82788],[97.74632,18.83417],[97.74871,18.84432],[97.74435,18.84988],[97.74777,18.85717],[97.74104,18.86099],[97.73958,18.86594],[97.74162,18.8813],[97.73679,18.887],[97.73066,18.88527],[97.72081,18.88628],[97.71081,18.89796],[97.70541,18.89975],[97.70396,18.89794],[97.69754,18.9051],[97.69698,18.91067],[97.68918,18.91616],[97.68955,18.92532],[97.66765,18.93183],[97.66909,18.93404],[97.66678,18.93862],[97.67121,18.94192],[97.66832,18.94784],[97.67598,18.9477],[97.6844,18.95294],[97.69151,18.94865],[97.70186,18.95854],[97.7076,18.95797],[97.70536,18.96785],[97.71061,18.96664],[97.71592,18.96981],[97.71796,18.96733],[97.72208,18.96739],[97.72611,18.97462],[97.73062,18.97253],[97.73766,18.97866],[97.73889,18.98087],[97.73524,18.9843],[97.73775,18.99665],[97.73569,19.01509],[97.73969,19.02633],[97.7377,19.02989],[97.73911,19.03586],[97.73602,19.04086],[97.74348,19.04233],[97.74773,19.03893],[97.75287,19.0422],[97.75985,19.03869],[97.7692,19.04468],[97.77169,19.05506],[97.76895,19.06274],[97.76512,19.06594],[97.76976,19.07307],[97.78085,19.07597],[97.78459,19.07304],[97.79216,19.0738],[97.79868,19.08253],[97.80212,19.0854],[97.80846,19.08606],[97.81197,19.09117],[97.8236,19.09062],[97.83688,19.09487],[97.8375,19.10826],[97.84063,19.1173],[97.83505,19.13662],[97.83781,19.13945],[97.83819,19.14419],[97.84304,19.14538],[97.8454,19.14982],[97.84219,19.15437],[97.84328,19.16028],[97.84027,19.16277],[97.84134,19.16664],[97.83903,19.17115],[97.84464,19.18247],[97.83841,19.19526],[97.83934,19.19842],[97.84554,19.20168],[97.84549,19.21568],[97.842,19.22473],[97.82715,19.22898],[97.82653,19.2371],[97.81777,19.23822],[97.81548,19.24032],[97.80973,19.25309],[97.78939,19.26371],[97.78383,19.26349],[97.78272,19.26685],[97.78592,19.27347],[97.78881,19.27423],[97.79133,19.28337],[97.79638,19.28303],[97.80188,19.28841],[97.80593,19.2871],[97.81053,19.27931],[97.81754,19.28428],[97.82117,19.28188],[97.82605,19.28244],[97.8321,19.29073],[97.84233,19.28927],[97.8432,19.29121],[97.8407,19.30036],[97.83446,19.29999],[97.82978,19.30326],[97.82871,19.31023],[97.82417,19.31546],[97.82542,19.32313],[97.82199,19.32876],[97.81178,19.33385],[97.81074,19.33724],[97.81416,19.33966],[97.79844,19.35327],[97.80179,19.36368],[97.80061,19.37108],[97.806,19.37568],[97.80304,19.37973],[97.80443,19.385],[97.80305,19.38817],[97.79964,19.38858],[97.79289,19.39414],[97.78695,19.39477],[97.78581,19.39896],[97.78843,19.40325],[97.8034,19.40498],[97.80642,19.41076],[97.8136,19.41368],[97.8162,19.41918],[97.82187,19.42266],[97.82679,19.42989],[97.82807,19.44077],[97.83331,19.44752],[97.83684,19.44916],[97.83911,19.45445],[97.8501,19.46638],[97.85807,19.46926],[97.86103,19.48181],[97.87179,19.48484],[97.87463,19.4893],[97.87373,19.4961],[97.87967,19.49656],[97.88804,19.50106],[97.87961,19.50682],[97.87565,19.50624],[97.87361,19.50956],[97.87527,19.51297],[97.87284,19.51539],[97.86929,19.5153],[97.86779,19.52382],[97.85508,19.53201],[97.85649,19.55194],[97.86305,19.5635],[97.85921,19.57061],[97.86245,19.57575],[97.87974,19.58116],[97.89018,19.5771],[97.90286,19.5788],[97.90914,19.58363],[97.91999,19.58528],[97.94303,19.59771],[97.95076,19.59402],[97.96008,19.59356],[97.96096,19.59876],[97.97125,19.60023],[97.97529,19.60294],[97.97581,19.61022],[97.97385,19.61259],[97.97594,19.61711],[97.97252,19.62272],[97.9752,19.62975],[97.97379,19.63466],[97.9803,19.63468],[97.98397,19.64057],[97.99782,19.63627],[98.00083,19.63316],[98.00405,19.63614],[98.01362,19.63599],[98.01449,19.63982],[98.01848,19.63716],[98.02681,19.63724],[98.02664,19.64093],[98.0386,19.64345],[98.03975,19.64927],[98.04468,19.65424],[98.04317,19.66484],[98.03184,19.67251],[98.03383,19.678],[98.02862,19.68838],[98.0312,19.69148],[98.03083,19.69656],[98.03469,19.70032],[98.02845,19.70768],[98.02525,19.72229],[98.0317,19.7249],[98.02975,19.73487],[98.03365,19.7412],[98.03356,19.75415],[98.03806,19.76431],[98.03426,19.77222],[98.0337,19.78763],[98.04009,19.79869],[98.03662,19.80101],[98.03504,19.80573],[98.04419,19.80857],[98.04859,19.81518],[98.0583,19.8033],[98.06471,19.80419],[98.06703,19.80953],[98.08266,19.81058],[98.08654,19.80505],[98.08377,19.79204],[98.09144,19.78999],[98.10098,19.77172],[98.11351,19.77314],[98.11585,19.77924],[98.1238,19.77937],[98.12814,19.78403],[98.13593,19.78699],[98.15115,19.77371],[98.15764,19.77088],[98.16366,19.77255],[98.16901,19.76965],[98.17906,19.75985],[98.18354,19.75989],[98.18354,19.74952],[98.19267,19.7373],[98.19846,19.73831],[98.20281,19.73227],[98.21061,19.73132],[98.2167,19.72499],[98.22271,19.72448],[98.22495,19.72717],[98.22864,19.72727],[98.23056,19.71819],[98.23792,19.70981],[98.23216,19.70131],[98.23247,19.69384],[98.24766,19.67675],[98.25297,19.67888],[98.25968,19.67832],[98.26883,19.68392],[98.2782,19.68188],[98.28741,19.6851],[98.29129,19.68412],[98.29227,19.6817],[98.29643,19.68259],[98.30031,19.68678],[98.30812,19.68767],[98.32366,19.6984],[98.33655,19.69373],[98.33887,19.6966],[98.34568,19.69836],[98.34967,19.69417],[98.35627,19.69585],[98.37175,19.68974],[98.37658,19.69713],[98.39316,19.70417],[98.40429,19.70039],[98.40643,19.695],[98.41461,19.69297],[98.41987,19.69605],[98.42321,19.69577],[98.42544,19.69286],[98.42796,19.69569],[98.43653,19.69635],[98.44567,19.69327],[98.46034,19.69777],[98.46366,19.69292],[98.46654,19.69245],[98.46839,19.69467],[98.47311,19.69452],[98.48565,19.70449],[98.4978,19.70561],[98.50708,19.70974],[98.51057,19.71728],[98.51976,19.71522],[98.52642,19.70602],[98.52989,19.70487],[98.53385,19.69635],[98.53893,19.69299],[98.53919,19.68853],[98.5499,19.68623],[98.55758,19.68101],[98.55961,19.67527],[98.56744,19.67166],[98.57271,19.70398],[98.57772,19.70458],[98.59101,19.71488],[98.60107,19.71291],[98.60887,19.70859],[98.61532,19.71071],[98.61718,19.71702],[98.62421,19.713],[98.62824,19.71534],[98.62658,19.72788],[98.63317,19.72773],[98.65419,19.7393],[98.66096,19.7338],[98.66109,19.73644],[98.66582,19.74035],[98.66434,19.74657],[98.66673,19.74901],[98.6732,19.75132],[98.68006,19.74907],[98.68503,19.75387],[98.69513,19.75423],[98.7043,19.75766],[98.71166,19.76792],[98.71785,19.76214],[98.72878,19.76116],[98.73968,19.75341],[98.75192,19.75966],[98.77819,19.75182],[98.79498,19.76958],[98.7968,19.77508],[98.80308,19.77506],[98.81342,19.78051],[98.82869,19.79343],[98.83078,19.80563],[98.83385,19.81102],[98.83848,19.81298],[98.84985,19.80685],[98.85318,19.79712],[98.86858,19.79224],[98.87474,19.78259],[98.88534,19.77928],[98.89236,19.77351],[98.89659,19.76647],[98.90891,19.76089],[98.91374,19.75578],[98.91692,19.74321],[98.92595,19.75125],[98.92919,19.75787],[98.92761,19.77104],[98.93399,19.77353],[98.94136,19.76909],[98.96539,19.74126],[98.98096,19.73413],[98.98775,19.75049],[98.98949,19.77556],[98.99177,19.78125],[98.99384,19.78332],[99.00365,19.78146],[99.00618,19.78856],[99.01676,19.79537],[99.02511,19.82505],[99.03112,19.83313],[99.029,19.83922],[99.03385,19.85005],[99.02453,19.86388],[99.02744,19.8918],[99.0226,19.90385],[99.02696,19.91408],[99.02406,19.91742],[99.02263,19.92663],[99.02424,19.9288],[99.0307,19.92674],[99.03437,19.92995],[99.04348,19.93175],[99.04074,19.94071],[99.04378,19.94522],[99.0434,19.95029],[99.03759,19.96627],[99.03061,19.97164],[99.03538,19.97898],[99.03789,19.99203],[99.05449,20.00282],[99.04636,20.00867],[99.04362,20.01718],[99.04563,20.02383],[99.04443,20.03798],[99.04832,20.04608],[99.05362,20.05018],[99.05687,20.06314],[99.06692,20.06762],[99.06981,20.08215],[99.06744,20.08743],[99.0761,20.10051],[99.08111,20.10174],[99.08291,20.09878],[99.09059,20.09736],[99.09535,20.10544],[99.10013,20.09769],[99.10451,20.09776],[99.12532,20.1042],[99.13091,20.10411],[99.12681,20.11841],[99.14458,20.12259],[99.15035,20.12862],[99.15987,20.13297],[99.16492,20.13003],[99.17119,20.13228],[99.1731,20.12942],[99.18124,20.12687],[99.19099,20.12672],[99.20001,20.13098],[99.21232,20.13067],[99.22115,20.12423],[99.22196,20.11997],[99.22606,20.11965],[99.23149,20.12524],[99.24255,20.1137],[99.24933,20.11177],[99.25301,20.11403],[99.2583,20.11313],[99.26275,20.10539],[99.28223,20.09437],[99.29446,20.08211],[99.30613,20.07868],[99.31575,20.07027],[99.32285,20.06954],[99.33212,20.0738],[99.33896,20.072],[99.34799,20.07461],[99.35427,20.07993],[99.3813,20.08932],[99.39985,20.0862],[99.41346,20.08783],[99.4153,20.09175],[99.42056,20.09281],[99.42768,20.08894],[99.43893,20.0902],[99.4433,20.09812],[99.45395,20.09812],[99.46957,20.10736],[99.48466,20.10903],[99.49225,20.11486],[99.4988,20.11583],[99.49919,20.12242],[99.49502,20.13115],[99.5086,20.14298],[99.51012,20.14698],[99.51281,20.14709],[99.51188,20.1521],[99.51836,20.15254],[99.53177,20.14611],[99.53897,20.14746],[99.53822,20.16497],[99.54176,20.17288],[99.54618,20.173],[99.5527,20.17867],[99.55657,20.19561],[99.56374,20.20609],[99.55581,20.21676],[99.54429,20.21782],[99.54177,20.22461],[99.53388,20.2318],[99.52309,20.23259],[99.52117,20.25015],[99.51636,20.25589],[99.51881,20.25956],[99.51815,20.26508],[99.50984,20.28858],[99.50524,20.29434],[99.50624,20.30759],[99.5096,20.31416],[99.50728,20.32594],[99.49659,20.34168],[99.48338,20.34995],[99.47562,20.35141],[99.46789,20.35994],[99.4586,20.36379],[99.45857,20.37981],[99.46089,20.38788],[99.45904,20.39414],[99.47379,20.39558],[99.48948,20.3854],[99.49691,20.38572],[99.50949,20.37316],[99.51072,20.36834],[99.51364,20.36768],[99.51636,20.36248],[99.52614,20.36227],[99.5394,20.35591],[99.55782,20.35803],[99.56106,20.3527],[99.57498,20.34885],[99.57657,20.34539],[99.58361,20.34256],[99.59332,20.34284],[99.59725,20.339],[99.60342,20.3378],[99.6127,20.33188],[99.61406,20.33636],[99.62266,20.33861],[99.62998,20.33631],[99.63332,20.34162],[99.64232,20.34169],[99.64434,20.34383],[99.64835,20.34207],[99.64958,20.33609],[99.65289,20.33517],[99.65704,20.32872],[99.66535,20.32645],[99.67556,20.31807],[99.68131,20.31664],[99.69907,20.32674],[99.70986,20.32415],[99.71428,20.32786],[99.7187,20.32783],[99.72048,20.33127],[99.71792,20.34205],[99.73096,20.35012],[99.73996,20.34516],[99.74492,20.34639],[99.75777,20.3393],[99.76251,20.3423],[99.77083,20.34158],[99.77708,20.33492],[99.81058,20.33592],[99.81303,20.34252],[99.82725,20.3558],[99.83144,20.36722],[99.83691,20.37299],[99.8402,20.37351],[99.84049,20.40103],[99.85953,20.42156],[99.86407,20.43333],[99.86009,20.44201],[99.86828,20.44638],[99.87339,20.44398],[99.89151,20.44535],[99.89327,20.44326],[99.89357,20.44619],[99.8976,20.4489],[99.90253,20.44699],[99.90548,20.44945],[99.91098,20.44986],[99.91629,20.44976],[99.91606,20.44794],[99.92149,20.44581],[99.92936,20.4543],[99.9396,20.45549],[99.95526,20.46476],[99.96019,20.46493],[99.96091,20.46206],[99.96611,20.46145],[99.96373,20.45949],[99.96494,20.45758],[99.9688,20.4601],[99.97035,20.45889],[99.96681,20.45496],[99.97066,20.45436],[99.97636,20.44886],[99.98036,20.45017],[99.97411,20.4441],[99.977,20.44262],[99.97718,20.43969],[99.98125,20.44177],[99.98383,20.43825],[99.98686,20.4383],[99.98536,20.4357],[99.98921,20.43555],[99.98434,20.43386],[99.98709,20.43161],[99.98445,20.42953],[99.99226,20.42732],[99.98751,20.42302],[99.99489,20.42164],[99.98981,20.41823],[99.99805,20.41892],[99.99962,20.41614],[100.00356,20.41517],[100.0032,20.41257],[100.00844,20.41854],[100.01194,20.41678],[100.01025,20.41348],[100.01377,20.41495],[100.01837,20.41303],[100.01701,20.40949],[100.01925,20.40663],[100.0231,20.40574],[100.02395,20.40795],[100.02502,20.40518],[100.03061,20.4023],[100.0301,20.40064],[100.03355,20.4026],[100.03344,20.39936],[100.03563,20.40132],[100.04022,20.39342],[100.041,20.39821],[100.04298,20.39849],[100.04503,20.39218],[100.05098,20.39328],[100.05433,20.38808],[100.05652,20.38977],[100.05647,20.39637],[100.06003,20.39627],[100.06197,20.39222],[100.06679,20.39423],[100.06334,20.39111],[100.06409,20.38552],[100.07017,20.3899],[100.07221,20.38821],[100.06577,20.38179],[100.06685,20.37484],[100.07048,20.37492],[100.07851,20.38025],[100.07675,20.37392],[100.08604,20.36866],[100.07933,20.36329],[100.08463,20.35318],[100.09637,20.31748],[100.09596,20.30216],[100.09063,20.27802],[100.09193,20.26771],[100.10347,20.25575],[100.11162,20.25056],[100.15612,20.24439],[100.17197,20.24584],[100.17669,20.25249],[100.18084,20.26494],[100.17574,20.27834],[100.16787,20.28624],[100.16682,20.29637],[100.16868,20.29977],[100.19127,20.30992],[100.21155,20.31221],[100.22102,20.31678],[100.22916,20.33189],[100.22405,20.34651],[100.22611,20.35418],[100.24659,20.368],[100.2494,20.37457],[100.24954,20.38566],[100.2661,20.39904],[100.27411,20.40093],[100.30129,20.39737],[100.31436,20.4021],[100.31881,20.39918],[100.33144,20.39824],[100.35142,20.38131],[100.35212,20.37859],[100.3554,20.37813],[100.35953,20.36768],[100.35923,20.35514],[100.3681,20.35504],[100.37552,20.35084],[100.38203,20.3158],[100.39724,20.29173],[100.40706,20.28085],[100.41317,20.25677],[100.42611,20.24567],[100.4534,20.23004],[100.45662,20.22269],[100.45358,20.2111],[100.45528,20.19909],[100.46671,20.19691],[100.47515,20.19122],[100.48088,20.18328],[100.48966,20.17665],[100.5081,20.1504],[100.51706,20.14445],[100.52888,20.14396],[100.55227,20.17558],[100.55754,20.17422],[100.56477,20.17616],[100.57766,20.16872],[100.56853,20.11479],[100.56965,20.09832],[100.56049,20.08624],[100.56049,20.07605],[100.55414,20.05435],[100.55413,20.04744],[100.5502,20.03881],[100.55158,20.03146],[100.54191,20.02225],[100.54337,20.01236],[100.54103,20.00355],[100.53878,20.00178],[100.5378,19.99392],[100.52645,19.96774],[100.52563,19.95856],[100.51617,19.94041],[100.5166,19.93606],[100.52229,19.92925],[100.52033,19.91514],[100.51374,19.90907],[100.52011,19.90349],[100.5153,19.89918],[100.51239,19.89052],[100.50057,19.88337],[100.50079,19.87077],[100.49797,19.86679],[100.48718,19.86488],[100.47389,19.85663],[100.46279,19.85736],[100.45018,19.84836],[100.44213,19.83609],[100.44874,19.82643],[100.44433,19.82179],[100.4443,19.81601],[100.44074,19.80898],[100.44324,19.80544],[100.43862,19.7915],[100.43336,19.78741],[100.42679,19.78751],[100.41537,19.78186],[100.40403,19.7531],[100.40407,19.74141],[100.40666,19.73601],[100.4168,19.73214],[100.41934,19.72858],[100.42543,19.72848],[100.43073,19.72177],[100.43745,19.7193],[100.43952,19.71165],[100.44527,19.70687],[100.43045,19.68417],[100.42818,19.67315],[100.44336,19.66254],[100.44262,19.63532],[100.44739,19.62819],[100.45566,19.62788],[100.45993,19.61931],[100.46808,19.61485],[100.47681,19.61344],[100.48283,19.60933],[100.4814,19.60457],[100.4866,19.59396],[100.48443,19.58728],[100.49065,19.58225],[100.49179,19.57844],[100.48971,19.5699],[100.48146,19.55947],[100.48244,19.54881],[100.48743,19.54288],[100.50116,19.53818],[100.51224,19.52389],[100.5193,19.52245],[100.52346,19.51887],[100.52953,19.52029],[100.53356,19.5243],[100.54933,19.51947],[100.55739,19.51025],[100.56692,19.50671],[100.57489,19.49933],[100.58071,19.49912],[100.59902,19.51065],[100.60286,19.53005],[100.61118,19.53553],[100.60861,19.5481],[100.62964,19.55516],[100.64507,19.55461],[100.6514,19.55679],[100.66022,19.54771],[100.67218,19.54951],[100.6961,19.53494],[100.70786,19.5359],[100.71117,19.53079],[100.7304,19.52556],[100.752,19.51077],[100.75786,19.51163],[100.75974,19.50794],[100.75627,19.50414],[100.76433,19.50106],[100.76569,19.48957],[100.77058,19.48715],[100.77991,19.49341],[100.79188,19.51052],[100.81625,19.52489],[100.81964,19.533],[100.82539,19.53779],[100.82677,19.5435],[100.83137,19.54482],[100.8349,19.55098],[100.83865,19.5528],[100.84813,19.56865],[100.86045,19.57386],[100.85859,19.58167],[100.86604,19.58546],[100.86532,19.58948],[100.86979,19.59035],[100.87137,19.59634],[100.87394,19.59816],[100.87319,19.60053],[100.8785,19.60172],[100.87828,19.60579],[100.88288,19.60594],[100.88772,19.62426],[100.89352,19.63424],[100.91332,19.62676],[100.91682,19.62183],[100.92576,19.62577],[100.93412,19.62282],[100.93858,19.62578],[100.95819,19.62513],[100.97354,19.61946],[100.98194,19.62755],[100.98976,19.62531],[100.99718,19.62672],[101.002,19.62241],[101.00617,19.62385],[101.01434,19.62031],[101.02002,19.62349],[101.02384,19.6302],[101.03484,19.62922],[101.03842,19.62494],[101.04268,19.62541],[101.05295,19.62007],[101.05548,19.62187],[101.06141,19.62003],[101.06678,19.61324],[101.06739,19.60466],[101.0702,19.60315],[101.07872,19.60458],[101.08681,19.59998],[101.09012,19.59683],[101.09169,19.58736],[101.09675,19.58467],[101.10129,19.58631],[101.1163,19.58441],[101.11789,19.58153],[101.11626,19.57907],[101.12262,19.57284],[101.13994,19.57892],[101.14702,19.57782],[101.15307,19.58122],[101.15995,19.58095],[101.1633,19.583],[101.1666,19.58117],[101.16934,19.5857],[101.1796,19.57841],[101.18587,19.5794],[101.19188,19.57653],[101.1974,19.57703],[101.20461,19.58856],[101.20242,19.59134],[101.20435,19.59606],[101.2032,19.59946],[101.20685,19.60548],[101.21681,19.60242],[101.2253,19.60514],[101.23259,19.60264],[101.24381,19.60342],[101.24651,19.59453],[101.25585,19.59095],[101.26158,19.59344],[101.28077,19.58223],[101.28037,19.57715],[101.28766,19.56893],[101.27407,19.55152],[101.28065,19.5371],[101.28474,19.53411],[101.28529,19.52751],[101.27813,19.52035],[101.27475,19.51217],[101.27019,19.5109],[101.2675,19.50405],[101.26678,19.49114],[101.26979,19.48522],[101.26599,19.47056],[101.24744,19.47444],[101.23889,19.47307],[101.2366,19.47799],[101.22844,19.47728],[101.22471,19.47224],[101.22002,19.47449],[101.21677,19.47326],[101.21393,19.47589],[101.21129,19.47422],[101.21143,19.46433],[101.20506,19.45857],[101.20916,19.45447],[101.208,19.44903],[101.21258,19.44469],[101.21024,19.43852],[101.215,19.43186],[101.19897,19.40669],[101.19504,19.40631],[101.19628,19.39961],[101.19103,19.40258],[101.18685,19.39823],[101.19048,19.38609],[101.19043,19.37768],[101.1975,19.37196],[101.20203,19.36393],[101.20531,19.35016],[101.21485,19.34751],[101.21935,19.34395],[101.22852,19.34671],[101.23296,19.33559],[101.24165,19.32603],[101.23182,19.3189],[101.22728,19.30604],[101.22994,19.29642],[101.2399,19.28411],[101.24297,19.26483],[101.24754,19.25622],[101.24999,19.24296],[101.25963,19.23077],[101.25411,19.22101],[101.25336,19.21135],[101.2505,19.20621],[101.25229,19.19227],[101.24502,19.18042],[101.25303,19.17039],[101.2545,19.15413],[101.25756,19.14909],[101.25849,19.13933],[101.25418,19.1317],[101.25683,19.12457],[101.27168,19.11399],[101.28421,19.11039],[101.28887,19.10473],[101.29353,19.10381],[101.29792,19.09737],[101.29775,19.09398],[101.31591,19.07987],[101.32536,19.07984],[101.32642,19.07309],[101.33147,19.07196],[101.33284,19.0681],[101.3386,19.07052],[101.34099,19.06905],[101.35042,19.05204],[101.35703,19.04996],[101.35428,19.04871],[101.35529,19.04586],[101.34868,19.03577],[101.34535,19.02574],[101.34061,19.0217],[101.33957,19.01012],[101.33577,19.00447],[101.32631,19.00222],[101.31001,19.00226],[101.30617,18.99749],[101.30525,18.98864],[101.29309,18.98192],[101.29113,18.97717],[101.29416,18.97276],[101.29198,18.96631],[101.29666,18.95514],[101.2931,18.95159],[101.2962,18.94664],[101.29609,18.94172],[101.29105,18.9354],[101.28124,18.93593],[101.27843,18.93191],[101.27408,18.93023],[101.27463,18.9184],[101.26468,18.9106],[101.25377,18.90593],[101.24568,18.88846],[101.25197,18.86832],[101.25478,18.86531],[101.25201,18.86291],[101.25428,18.84841],[101.24297,18.83201],[101.24731,18.82583],[101.24801,18.81769],[101.25835,18.809],[101.24911,18.79167],[101.25188,18.78513],[101.24908,18.77593],[101.25247,18.77182],[101.24359,18.77028],[101.23771,18.75925],[101.2387,18.75145],[101.23588,18.74154],[101.22409,18.73265],[101.23292,18.72221],[101.23426,18.71245],[101.24608,18.7118],[101.2532,18.70605],[101.25675,18.70573],[101.26096,18.70042],[101.26783,18.69799],[101.27228,18.68852],[101.26724,18.68684],[101.26619,18.6835],[101.25898,18.67807],[101.25778,18.66948],[101.25333,18.66591],[101.25023,18.65743],[101.24184,18.65166],[101.24177,18.63945],[101.23532,18.6353],[101.22611,18.62436],[101.21845,18.62456],[101.21378,18.61938],[101.1908,18.6155],[101.18223,18.61178],[101.17923,18.60544],[101.1819,18.60246],[101.17996,18.58894],[101.18674,18.57899],[101.18198,18.56839],[101.18307,18.56064],[101.17969,18.5584],[101.17457,18.55998],[101.1705,18.55675],[101.14854,18.55257],[101.14851,18.54274],[101.14196,18.53804],[101.1383,18.52829],[101.12721,18.52441],[101.11539,18.52753],[101.10427,18.52207],[101.09819,18.50822],[101.09842,18.50304],[101.09146,18.49901],[101.09306,18.47926],[101.0825,18.47582],[101.08034,18.471],[101.07319,18.46318],[101.06737,18.46036],[101.06642,18.45628],[101.06355,18.45531],[101.05409,18.4425],[101.05664,18.43598],[101.05268,18.42553],[101.0589,18.42193],[101.06907,18.41009],[101.07622,18.40775],[101.07963,18.40413],[101.08417,18.39567],[101.08269,18.39222],[101.08439,18.38171],[101.08796,18.38005],[101.0942,18.38141],[101.10959,18.3712],[101.11289,18.37188],[101.11558,18.36992],[101.11867,18.37136],[101.13217,18.36586],[101.14843,18.34704],[101.15398,18.34907],[101.16249,18.34536],[101.1674,18.34668],[101.18209,18.34049],[101.17996,18.32768],[101.17556,18.32565],[101.17394,18.32042],[101.1684,18.32073],[101.16474,18.31347],[101.15945,18.3106],[101.15874,18.30725],[101.16075,18.30493],[101.14989,18.2982],[101.14831,18.29443],[101.15626,18.28355],[101.16042,18.28297],[101.16314,18.27834],[101.15124,18.26937],[101.144,18.25965],[101.15919,18.24661],[101.1625,18.23362],[101.16656,18.23066],[101.16394,18.2223],[101.16524,18.21779],[101.17268,18.21701],[101.17931,18.22459],[101.19254,18.21341],[101.18407,18.19659],[101.18353,18.19014],[101.17735,18.18118],[101.17825,18.17327],[101.17293,18.16426],[101.17492,18.16227],[101.16896,18.13994],[101.16096,18.12383],[101.166,18.11271],[101.1647,18.10499],[101.17437,18.0891],[101.17173,18.08573],[101.17271,18.07581],[101.17586,18.07092],[101.1805,18.07064],[101.18383,18.06542],[101.17564,18.05349],[101.17688,18.05053],[101.16043,18.02984],[101.15529,18.0376],[101.14964,18.03604],[101.14082,18.02672],[101.13931,18.02096],[101.13256,18.01377],[101.12959,18.00613],[101.1212,17.9986],[101.11741,17.97736],[101.11864,17.97365],[101.11735,17.97089],[101.11454,17.97153],[101.11734,17.95137],[101.10366,17.94654],[101.09459,17.93598],[101.09526,17.93131],[101.09091,17.92985],[101.08863,17.92544],[101.0776,17.92394],[101.07111,17.92028],[101.07057,17.91395],[101.06614,17.91417],[101.06439,17.91679],[101.05996,17.91395],[101.04719,17.9133],[101.03041,17.90117],[101.02839,17.90161],[101.02687,17.89733],[101.01887,17.89145],[101.01655,17.88408],[101.02102,17.88283],[101.0173,17.87799],[101.02608,17.87214],[101.03476,17.86067],[101.03,17.84703],[101.02928,17.83866],[101.03236,17.83403],[101.02781,17.82877],[101.01856,17.82927],[101.00087,17.82314],[100.99889,17.82076],[100.99985,17.81679],[100.99265,17.80398],[101.00254,17.79489],[101.00633,17.7844],[100.99921,17.77054],[100.98122,17.7679],[100.97734,17.76221],[100.97815,17.75244],[100.98641,17.74868],[100.98825,17.74302],[100.99474,17.73561],[101.00762,17.73122],[101.00303,17.71681],[101.0053,17.70885],[101.00263,17.70746],[101.00525,17.70375],[100.99958,17.69899],[101.00934,17.69974],[100.99876,17.6786],[100.99472,17.67792],[100.99211,17.6743],[100.99018,17.66572],[100.99281,17.66278],[100.98988,17.66153],[100.99477,17.65741],[100.99136,17.64932],[100.99465,17.64229],[100.99122,17.61926],[100.98686,17.6176],[100.9872,17.61206],[100.98209,17.60864],[100.97587,17.59576],[100.96838,17.59335],[100.96498,17.58083],[100.96681,17.57088],[100.97372,17.56831],[100.97476,17.57129],[100.97827,17.57134],[100.98408,17.56586],[100.98912,17.56636],[100.99697,17.56355],[100.99742,17.55973],[101.00109,17.55949],[101.00308,17.55647],[101.00966,17.55605],[101.01239,17.55866],[101.02338,17.55752],[101.02364,17.5518],[101.0371,17.54643],[101.03963,17.54127],[101.0431,17.54544],[101.04525,17.54501],[101.04688,17.52955],[101.06035,17.52669],[101.06113,17.51225],[101.06466,17.51491],[101.08021,17.50252],[101.08074,17.50543],[101.08388,17.50404],[101.09287,17.50843],[101.10254,17.50848],[101.09587,17.50492],[101.09992,17.50138],[101.09372,17.49652],[101.1024,17.49208],[101.10683,17.49236],[101.11062,17.48504],[101.11011,17.4797],[101.1148,17.47827],[101.12179,17.48394],[101.12661,17.48149],[101.13514,17.48319],[101.13464,17.48052],[101.12959,17.48009],[101.13107,17.47291],[101.13896,17.47435],[101.14565,17.4784],[101.14687,17.47004],[101.14988,17.46614],[101.16192,17.46768],[101.16404,17.46941],[101.16408,17.4779],[101.1677,17.48077],[101.16245,17.483],[101.16408,17.48625],[101.16268,17.49135],[101.18254,17.49788],[101.1834,17.50306],[101.17946,17.50286],[101.18161,17.506],[101.17871,17.50746],[101.18039,17.51141],[101.17658,17.51669],[101.1761,17.5249],[101.18889,17.53088],[101.21121,17.53083],[101.22961,17.53624],[101.23196,17.55417],[101.24144,17.55317],[101.24709,17.56118],[101.24896,17.57861],[101.2581,17.58695],[101.25958,17.59843],[101.27418,17.61084],[101.28027,17.6081],[101.28762,17.62292],[101.29164,17.6253],[101.29396,17.63051],[101.30069,17.63405],[101.30643,17.6321],[101.30858,17.63337],[101.31189,17.64056],[101.30583,17.6464],[101.30605,17.65084],[101.32438,17.65682],[101.33167,17.65414],[101.33886,17.66029],[101.34604,17.6592],[101.35593,17.66885],[101.36141,17.68143],[101.36715,17.6793],[101.37757,17.68238],[101.37853,17.69273],[101.38214,17.69818],[101.39703,17.69068],[101.40051,17.68251],[101.40839,17.68925],[101.40672,17.7019],[101.4141,17.70909],[101.42901,17.7127],[101.43065,17.71592],[101.42122,17.72385],[101.41323,17.7251],[101.40724,17.72243],[101.40109,17.72392],[101.39711,17.72868],[101.40243,17.7344],[101.40711,17.73624],[101.41647,17.73511],[101.41635,17.731],[101.41852,17.72998],[101.42385,17.73778],[101.43696,17.73128],[101.44207,17.73362],[101.44624,17.72876],[101.447,17.73596],[101.45316,17.73848],[101.45503,17.74632],[101.46645,17.74761],[101.4625,17.75249],[101.46323,17.75423],[101.47041,17.75479],[101.48273,17.76053],[101.48363,17.75492],[101.47554,17.75124],[101.47534,17.74824],[101.48105,17.7433],[101.4904,17.74608],[101.4858,17.73632],[101.48455,17.72739],[101.48636,17.72453],[101.49035,17.72398],[101.49498,17.73365],[101.49474,17.74061],[101.50265,17.74503],[101.49729,17.75113],[101.49723,17.7549],[101.50376,17.75486],[101.5045,17.75966],[101.52104,17.77222],[101.52229,17.77705],[101.52915,17.77418],[101.53753,17.77494],[101.55076,17.78916],[101.57416,17.78526],[101.5733,17.79227],[101.56686,17.80257],[101.56026,17.80848],[101.55341,17.80757],[101.5515,17.81079],[101.55175,17.82058],[101.56502,17.84096],[101.56904,17.86265],[101.57432,17.8696],[101.5791,17.86781],[101.58682,17.85147],[101.5919,17.84915],[101.60284,17.8568],[101.61211,17.87713],[101.61258,17.88874],[101.61633,17.89362],[101.62405,17.89201],[101.63247,17.89535],[101.65009,17.89592],[101.69322,17.91248],[101.70193,17.91155],[101.70633,17.90419],[101.70993,17.90249],[101.72468,17.91235],[101.73356,17.92619],[101.72829,17.94773],[101.74309,17.97569],[101.74445,17.99128],[101.75288,18.00214],[101.75702,18.03611],[101.76398,18.04475],[101.7662,18.05423],[101.78112,18.06779],[101.78691,18.07164],[101.79539,18.06454],[101.81594,18.0593],[101.82603,18.05976],[101.83481,18.05177],[101.85672,18.0439],[101.87045,18.03117],[101.87949,18.0269],[101.88841,18.02899],[101.89716,18.02772],[101.90529,18.03017],[101.91059,18.03511],[101.9145,18.04474],[101.93606,18.07091],[101.93939,18.08278],[101.95442,18.09337],[101.95343,18.10331],[101.95614,18.10457],[101.9625,18.10227],[101.96677,18.10925],[101.9827,18.12164],[101.99699,18.12594],[102.01904,18.1495],[102.02713,18.15075],[102.03467,18.16134],[102.04565,18.19874],[102.08632,18.21954],[102.11248,18.21034],[102.135,18.21561],[102.14186,18.21242],[102.14389,18.20593],[102.16397,18.20388],[102.1859,18.14732],[102.19656,18.13968],[102.19989,18.13356],[102.22008,18.1229],[102.29177,18.05744],[102.30527,18.05159],[102.33518,18.04849],[102.35151,18.04229],[102.42682,17.98627],[102.45916,17.97122],[102.47255,17.96736],[102.49021,17.967],[102.50927,17.9711],[102.52641,17.96347],[102.53411,17.96303],[102.55426,17.96905],[102.58726,17.96282],[102.60202,17.95626],[102.60755,17.95086],[102.61385,17.93899],[102.61329,17.90817],[102.6088,17.89771],[102.60739,17.88671],[102.59288,17.86088],[102.58896,17.84327],[102.59372,17.83694],[102.59922,17.83426],[102.63948,17.83091],[102.66578,17.80656],[102.67489,17.80287],[102.68705,17.80547],[102.69812,17.81969],[102.6772,17.84193],[102.67822,17.85428],[102.6876,17.86947],[102.69709,17.87573],[102.70884,17.87942],[102.74079,17.88367],[102.75878,17.89385],[102.76991,17.90401],[102.77862,17.92498],[102.78647,17.93441],[102.79705,17.93897],[102.81812,17.94073],[102.85987,17.97296],[102.89873,17.98077],[102.93827,18.00208],[102.95606,18.00522],[102.97099,18.00357],[102.98662,17.99554],[103.01647,17.97169],[103.02437,17.97104],[103.04138,17.98145],[103.06143,18.00539],[103.07549,18.02642],[103.07846,18.03427],[103.08094,18.05145],[103.07199,18.07537],[103.07794,18.0956],[103.07732,18.11331],[103.08061,18.12468],[103.08853,18.1332],[103.13533,18.15998],[103.14851,18.17289],[103.15602,18.198],[103.15067,18.22008],[103.15113,18.23008],[103.16666,18.2556],[103.1803,18.26537],[103.20942,18.27172],[103.23755,18.28325],[103.25875,18.28636],[103.28105,18.29279],[103.29771,18.30211],[103.2994,18.30721],[103.29815,18.31376],[103.29261,18.32196],[103.27305,18.33268],[103.25459,18.33568],[103.24491,18.34987],[103.24327,18.36117],[103.2479,18.37162],[103.25868,18.37837],[103.28167,18.4008],[103.29358,18.42204],[103.31035,18.43275],[103.35067,18.43446],[103.40816,18.44884],[103.42785,18.4415],[103.45867,18.42466],[103.47435,18.42754],[103.48801,18.42349],[103.51447,18.42684],[103.53454,18.42499],[103.55015,18.41904],[103.57006,18.40605],[103.60512,18.40563],[103.6184,18.40053],[103.64291,18.38628],[103.69757,18.34276],[103.70776,18.34143],[103.74625,18.34368],[103.7507,18.3396],[103.79608,18.34302],[103.82189,18.33667],[103.83132,18.33068],[103.83645,18.32465],[103.85072,18.28986],[103.85708,18.28401],[103.8705,18.28654],[103.88688,18.29423],[103.9132,18.32056],[103.92819,18.33009],[103.95375,18.33922],[103.97244,18.33704],[103.98991,18.31993],[103.99625,18.30742],[104.05994,18.22026],[104.06257,18.21467],[104.0627,18.20376],[104.07165,18.18531],[104.08186,18.17441],[104.08871,18.16139],[104.1052,18.11621],[104.13168,18.0851],[104.17001,18.04705],[104.2132,17.9994],[104.22543,17.97957],[104.23899,17.94197],[104.24642,17.93011],[104.27206,17.8681],[104.27936,17.85807],[104.30368,17.84369],[104.33758,17.83562],[104.35453,17.82337],[104.38729,17.7711],[104.39439,17.75097],[104.40109,17.74093],[104.43853,17.69569],[104.45852,17.66438],[104.47151,17.65245],[104.48131,17.64862],[104.51397,17.62702],[104.55643,17.60654],[104.5765,17.59224],[104.58674,17.58812],[104.59941,17.58797],[104.60954,17.58362],[104.64031,17.56053],[104.67069,17.54543],[104.68345,17.53527],[104.69996,17.52705],[104.71262,17.51611],[104.72497,17.50162],[104.73026,17.48438],[104.74595,17.4573],[104.77575,17.42736],[104.79928,17.39568],[104.80401,17.37097],[104.80551,17.29792],[104.80261,17.27023],[104.80665,17.24133],[104.801,17.1629],[104.79329,17.14024],[104.78961,17.13649],[104.78692,17.12409],[104.77569,17.1052],[104.76578,17.08011],[104.74929,17.04974],[104.74149,17.04276],[104.73558,17.03239],[104.72948,17.00818],[104.7303,16.98481],[104.73566,16.94871],[104.7366,16.91491],[104.74427,16.89316],[104.75715,16.87442],[104.75946,16.86194],[104.75288,16.83782],[104.73899,16.8155],[104.73778,16.79601],[104.74607,16.76628],[104.75894,16.73922],[104.75928,16.7132],[104.764,16.70023],[104.76164,16.68522],[104.74206,16.62855],[104.73954,16.59464],[104.73317,16.56588],[104.73616,16.54439],[104.74371,16.52833],[104.76958,16.49808],[104.80276,16.47668],[104.83073,16.46467],[104.84867,16.44835],[104.86158,16.42455],[104.86247,16.40081],[104.87167,16.38519],[104.88465,16.37098],[104.88512,16.35575],[104.89339,16.34441],[104.90301,16.33869],[104.91813,16.33885],[104.92868,16.33333],[104.9329,16.32216],[104.95767,16.29242],[104.98888,16.27246],[105.01464,16.2443],[105.01692,16.23545],[105.01108,16.20456],[105.01204,16.19146],[105.02581,16.16375],[105.02633,16.15278],[105.03269,16.14442],[105.04076,16.10931],[105.04604,16.10268],[105.05756,16.09966],[105.08382,16.08572],[105.08915,16.09013],[105.10273,16.09037],[105.11945,16.0774],[105.12499,16.08015],[105.13442,16.07945],[105.13823,16.07561],[105.14762,16.07467],[105.15254,16.07088],[105.19054,16.05634],[105.22338,16.04693],[105.29868,16.03922],[105.30885,16.03435],[105.31223,16.02979],[105.35402,16.029],[105.36429,16.02104],[105.40734,16.01661],[105.41831,16.01218],[105.42415,16.00594],[105.42481,15.99069],[105.41595,15.98591],[105.39182,15.99153],[105.37661,15.98356],[105.37486,15.97577],[105.36745,15.9694],[105.36196,15.95407],[105.34933,15.94203],[105.34775,15.93236],[105.34231,15.92216],[105.34392,15.91179],[105.35217,15.90642],[105.37295,15.85783],[105.38591,15.83672],[105.38951,15.82553],[105.39056,15.80939],[105.39414,15.80263],[105.40193,15.79461],[105.41065,15.79456],[105.41965,15.78914],[105.42068,15.77317],[105.43423,15.75508],[105.45521,15.7476],[105.46866,15.74678],[105.49728,15.76701],[105.50195,15.76753],[105.50931,15.76607],[105.51483,15.75781],[105.52435,15.75598],[105.53288,15.74877],[105.54979,15.75062],[105.55406,15.74922],[105.56034,15.73866],[105.58884,15.72797],[105.60141,15.72009],[105.6101,15.6924],[105.62591,15.67743],[105.63395,15.66452],[105.63668,15.65218],[105.63702,15.6339],[105.62867,15.60581],[105.62831,15.58108],[105.62492,15.56341],[105.60852,15.54707],[105.60673,15.53897],[105.59312,15.51031],[105.60279,15.47764],[105.59781,15.46264],[105.59749,15.44622],[105.59185,15.4258],[105.57907,15.40908],[105.56113,15.39919],[105.55525,15.39925],[105.55225,15.39647],[105.53883,15.39233],[105.52738,15.3942],[105.49236,15.38548],[105.47628,15.36902],[105.46746,15.35039],[105.46887,15.34264],[105.47414,15.33487],[105.48857,15.32838],[105.49542,15.32127],[105.50208,15.32057],[105.50354,15.31557],[105.51848,15.32188],[105.54064,15.32415],[105.55433,15.3219],[105.57413,15.32834],[105.57811,15.3194],[105.5846,15.31553],[105.58184,15.30815],[105.58272,15.30195],[105.59222,15.27429],[105.58061,15.25937],[105.57608,15.25848],[105.55927,15.26213],[105.55459,15.25641],[105.55675,15.2489],[105.55022,15.25331],[105.53959,15.25223],[105.52143,15.23122],[105.516,15.21889],[105.5118,15.21706],[105.50872,15.21179],[105.49386,15.20428],[105.49062,15.19784],[105.49458,15.19475],[105.49457,15.19214],[105.49286,15.19071],[105.4891,15.19371],[105.48791,15.19002],[105.48155,15.18651],[105.47489,15.17882],[105.47401,15.1768],[105.47817,15.1689],[105.4721,15.16651],[105.46918,15.15869],[105.47012,15.15658],[105.48596,15.15021],[105.47599,15.13827],[105.46786,15.1343],[105.46859,15.12685],[105.4613,15.11581],[105.46618,15.11082],[105.4704,15.10075],[105.47935,15.09387],[105.48499,15.09234],[105.49526,15.09381],[105.51547,15.08406],[105.51354,15.06316],[105.51979,15.06461],[105.52663,15.06228],[105.53332,15.06543],[105.53718,15.06349],[105.54047,15.06879],[105.54469,15.06796],[105.54772,15.06402],[105.55397,15.06406],[105.55484,15.05538],[105.5515,15.04704],[105.54664,15.04467],[105.54683,15.03831],[105.55185,15.03082],[105.56418,15.02936],[105.56506,15.02402],[105.5725,15.02045],[105.57427,14.99905],[105.60579,14.99279],[105.62146,14.97601],[105.62475,14.97517],[105.61814,14.97183],[105.61278,14.97284],[105.60685,14.97084],[105.60398,14.96473],[105.59501,14.96165],[105.58343,14.94079],[105.56985,14.95026],[105.5678,14.95516],[105.56188,14.9539],[105.55678,14.95548],[105.55371,14.95261],[105.55324,14.94117],[105.54564,14.92634],[105.55099,14.92284],[105.55888,14.92363],[105.56474,14.91043],[105.57723,14.89626],[105.58002,14.87799],[105.57085,14.88088],[105.55991,14.87575],[105.54948,14.87475],[105.54314,14.86717],[105.54282,14.86277],[105.54681,14.85866],[105.55171,14.84563],[105.55827,14.84301],[105.55993,14.8392],[105.5562,14.83897],[105.55299,14.8344],[105.54355,14.83028],[105.53722,14.81932],[105.52367,14.82511],[105.51919,14.82292],[105.51754,14.80929],[105.51121,14.80021],[105.51378,14.79685],[105.5205,14.79466],[105.51535,14.7915],[105.52524,14.7821],[105.51399,14.773],[105.51287,14.7654],[105.51775,14.76291],[105.51261,14.75392],[105.53147,14.73989],[105.54275,14.73987],[105.5466,14.73159],[105.52936,14.73052],[105.51968,14.72727],[105.522,14.71997],[105.52068,14.71395],[105.52405,14.71023],[105.52461,14.70397],[105.52346,14.70045],[105.51781,14.69958],[105.51514,14.69626],[105.5273,14.67939],[105.51638,14.66689],[105.51644,14.65855],[105.51938,14.655],[105.51762,14.65229],[105.52816,14.64756],[105.53037,14.64002],[105.52479,14.63318],[105.52955,14.62378],[105.53695,14.62354],[105.54251,14.62012],[105.52996,14.60799],[105.52921,14.59494],[105.53577,14.59234],[105.53891,14.58377],[105.52919,14.57344],[105.53494,14.55867],[105.5333,14.5534],[105.52414,14.55182],[105.52401,14.5423],[105.52654,14.53652],[105.51701,14.53909],[105.50801,14.52404],[105.50105,14.52173],[105.5009,14.5132],[105.48077,14.50644],[105.48743,14.50067],[105.48034,14.49436],[105.47911,14.48815],[105.47389,14.48142],[105.46985,14.47064],[105.45996,14.46582],[105.45587,14.45418],[105.45042,14.45259],[105.44884,14.44762],[105.44514,14.44488],[105.44158,14.42987],[105.43427,14.4279],[105.42982,14.42421],[105.42914,14.41634],[105.42394,14.4166],[105.42158,14.42149],[105.41307,14.42903],[105.40743,14.42959],[105.40748,14.42529],[105.40339,14.4207],[105.40408,14.41527],[105.39954,14.40881],[105.39272,14.40654],[105.38693,14.41052],[105.38693,14.39647],[105.38231,14.40043],[105.37482,14.39801],[105.37233,14.39979],[105.36036,14.38756],[105.354,14.38795],[105.34169,14.38415],[105.3338,14.39268],[105.32132,14.39821],[105.30543,14.37571],[105.30356,14.36615],[105.29705,14.36907],[105.29183,14.36826],[105.28966,14.36535],[105.28436,14.36591],[105.28306,14.35608],[105.2801,14.35371],[105.2754,14.35431],[105.2665,14.36099],[105.25133,14.3619],[105.2417,14.35051],[105.23574,14.34982],[105.23347,14.3367],[105.22734,14.33347],[105.22064,14.33699],[105.2163,14.33526],[105.21094,14.3422],[105.19728,14.34779],[105.18492,14.34138],[105.17463,14.34431],[105.16651,14.32869],[105.1686,14.32452],[105.17589,14.32051],[105.17763,14.31649],[105.17597,14.31108],[105.17163,14.30858],[105.17019,14.30319],[105.16096,14.30102],[105.16035,14.28886],[105.15199,14.28616],[105.15028,14.28246],[105.15056,14.27409],[105.15372,14.26916],[105.14312,14.26136],[105.14476,14.25893],[105.15388,14.25836],[105.15288,14.25293],[105.14712,14.24289],[105.13215,14.22873],[105.12486,14.22397],[105.11585,14.22187],[105.10912,14.21225],[105.09431,14.21441],[105.08313,14.20902],[105.07226,14.2133],[105.04981,14.21502],[105.03221,14.23521],[105.02099,14.24338],[105.02241,14.25676],[105.02018,14.25988],[105.02057,14.26442],[105.01575,14.27135],[105.01583,14.27635],[105.0053,14.28988],[105.00149,14.30484],[104.99129,14.31101],[104.98425,14.31891],[104.99184,14.32395],[104.99279,14.34193],[105.00145,14.36238],[105.00107,14.3665],[104.99363,14.3757],[104.99347,14.3797],[104.98925,14.37968],[104.9734,14.39146],[104.96533,14.38879],[104.95877,14.3917],[104.95514,14.38165],[104.9466,14.38196],[104.94269,14.38404],[104.93775,14.39132],[104.92246,14.40121],[104.91749,14.39907],[104.90525,14.39974],[104.89821,14.40638],[104.89517,14.40494],[104.87165,14.41783],[104.8618,14.40887],[104.85694,14.41275],[104.85379,14.4076],[104.84171,14.40346],[104.83939,14.41366],[104.82903,14.41852],[104.81862,14.41871],[104.8179,14.42742],[104.80526,14.43759],[104.789,14.43457],[104.77586,14.42438],[104.76618,14.42383],[104.757,14.41527],[104.75671,14.41043],[104.75287,14.40546],[104.73921,14.41371],[104.73221,14.4118],[104.72432,14.40246],[104.72116,14.40825],[104.7254,14.41671],[104.72284,14.4234],[104.71586,14.42769],[104.71388,14.43217],[104.70882,14.43322],[104.70341,14.43105],[104.69479,14.4218],[104.68332,14.39566],[104.67846,14.39543],[104.67929,14.39043],[104.67137,14.39836],[104.66328,14.39841],[104.65797,14.40112],[104.65308,14.40775],[104.65223,14.42005],[104.64955,14.42328],[104.6449,14.42351],[104.62702,14.40578],[104.61353,14.39669],[104.60283,14.39545],[104.58862,14.38054],[104.58052,14.37522],[104.5769,14.36689],[104.57856,14.35735],[104.56938,14.3598],[104.56279,14.35193],[104.54474,14.35561],[104.5357,14.35401],[104.53083,14.35982],[104.52401,14.36],[104.51517,14.37021],[104.50088,14.3754],[104.48032,14.36614],[104.4757,14.36093],[104.47833,14.35233],[104.46991,14.34585],[104.46458,14.34487],[104.46171,14.34624],[104.46374,14.35495],[104.45975,14.36127],[104.44958,14.35698],[104.44197,14.36011],[104.43632,14.35826],[104.42913,14.3651],[104.41499,14.37146],[104.4118,14.37114],[104.4065,14.36612],[104.39876,14.37412],[104.39553,14.37466],[104.38987,14.3743],[104.38124,14.36905],[104.36292,14.36966],[104.35673,14.37268],[104.34979,14.36882],[104.33239,14.36919],[104.32128,14.37488],[104.31275,14.38271],[104.30729,14.38298],[104.29137,14.40073],[104.28584,14.39958],[104.27681,14.40838],[104.27281,14.40762],[104.26658,14.39908],[104.26045,14.39915],[104.25732,14.39414],[104.2511,14.39153],[104.25245,14.3869],[104.24548,14.37603],[104.22119,14.36816],[104.20953,14.36827],[104.199,14.38317],[104.19424,14.38118],[104.18687,14.38478],[104.17075,14.37586],[104.17468,14.37129],[104.17233,14.36752],[104.1754,14.3622],[104.17413,14.35938],[104.14377,14.3546],[104.13649,14.35891],[104.13991,14.36713],[104.13719,14.37332],[104.13048,14.37598],[104.12171,14.37375],[104.10812,14.37848],[104.10639,14.37084],[104.09918,14.36756],[104.0947,14.35516],[104.09031,14.34936],[104.08529,14.34678],[104.0681,14.34202],[104.05922,14.34448],[104.04907,14.34014],[104.03244,14.34035],[104.02833,14.33716],[104.02803,14.34027],[104.01399,14.34389],[104.01116,14.3481],[104.01073,14.35495],[104.00806,14.35713],[104.00305,14.35607],[103.99591,14.34512],[103.98712,14.3462],[103.98535,14.3523],[103.98148,14.35526],[103.97256,14.34995],[103.9506,14.35063],[103.94621,14.34135],[103.94755,14.33252],[103.94172,14.33006],[103.93683,14.33268],[103.92874,14.33188],[103.92186,14.33657],[103.91446,14.33547],[103.90845,14.33845],[103.89951,14.33774],[103.90007,14.34553],[103.89424,14.34308],[103.88532,14.34289],[103.88137,14.33824],[103.87602,14.34522],[103.8713,14.34761],[103.86809,14.35437],[103.85971,14.35784],[103.86107,14.36596],[103.84744,14.37094],[103.83922,14.37147],[103.83458,14.36889],[103.82857,14.35958],[103.83053,14.35384],[103.82838,14.3525],[103.81797,14.35597],[103.80267,14.35646],[103.80442,14.3662],[103.80225,14.36973],[103.78561,14.3664],[103.77576,14.35985],[103.77368,14.36054],[103.77417,14.36448],[103.75829,14.37764],[103.75119,14.37196],[103.74614,14.37814],[103.74146,14.37701],[103.73697,14.37987],[103.73151,14.3786],[103.72516,14.38045],[103.71511,14.37718],[103.70833,14.37746],[103.70085,14.39026],[103.70326,14.39809],[103.70245,14.40584],[103.7084,14.41372],[103.70819,14.43247],[103.68635,14.43937],[103.67923,14.43513],[103.66607,14.43539],[103.65926,14.43786],[103.65391,14.43633],[103.64497,14.42942],[103.64137,14.42125],[103.64904,14.42107],[103.65645,14.41815],[103.65441,14.40959],[103.64957,14.4125],[103.64217,14.41065],[103.62247,14.39839],[103.61593,14.40169],[103.61044,14.41952],[103.60453,14.41523],[103.59795,14.41692],[103.58982,14.42384],[103.57914,14.42653],[103.57427,14.42399],[103.55854,14.4239],[103.55065,14.41891],[103.53698,14.41572],[103.52809,14.40993],[103.52523,14.4009],[103.51779,14.4049],[103.50027,14.40065],[103.49417,14.38654],[103.49026,14.38563],[103.48668,14.38813],[103.48295,14.3868],[103.47971,14.37822],[103.47156,14.375],[103.47047,14.36716],[103.46705,14.36417],[103.45101,14.36792],[103.44554,14.37903],[103.43937,14.3792],[103.43825,14.38902],[103.43532,14.39091],[103.4208,14.3829],[103.41115,14.37254],[103.40996,14.36909],[103.41264,14.36148],[103.40892,14.35733],[103.39274,14.35685],[103.37699,14.35172],[103.34688,14.35393],[103.34025,14.35111],[103.33046,14.35069],[103.31725,14.35641],[103.28367,14.34771],[103.26416,14.35028],[103.24656,14.3382],[103.23717,14.33615],[103.22495,14.32553],[103.21867,14.32352],[103.21405,14.32817],[103.20316,14.32706],[103.18493,14.33413],[103.16822,14.33538],[103.16132,14.33069],[103.1535,14.31355],[103.14639,14.32483],[103.14215,14.32653],[103.12925,14.31999],[103.13109,14.30742],[103.12402,14.30206],[103.09771,14.29919],[103.08907,14.2959],[103.08294,14.29648],[103.07455,14.28556],[103.05727,14.28519],[103.05695,14.27446],[103.03839,14.25147],[103.03796,14.24265],[103.03265,14.24034],[103.02217,14.22853],[103.01943,14.22865],[103.01705,14.23219],[103.01268,14.23148],[103.01093,14.22599],[103.00077,14.21801],[102.99889,14.21407],[102.98898,14.21312],[102.98623,14.21487],[102.97025,14.20998],[102.96203,14.21224],[102.9513,14.20589],[102.95705,14.19911],[102.95605,14.19603],[102.95149,14.1954],[102.94395,14.19894],[102.93889,14.19508],[102.94098,14.18675],[102.92976,14.17639],[102.93729,14.16522],[102.94104,14.15232],[102.93979,14.14711],[102.92546,14.13343],[102.92293,14.10503],[102.9207,14.10505],[102.91316,14.09669],[102.90736,14.09505],[102.90112,14.08346],[102.90272,14.06764],[102.89914,14.06146],[102.8976,14.05242],[102.90061,14.04737],[102.89956,14.04415],[102.90369,14.04127],[102.90153,14.03581],[102.90667,14.02989],[102.91137,14.01776],[102.90209,14.01642],[102.89403,14.00745],[102.88604,14.01093],[102.88223,14.00915],[102.87958,14.00426],[102.87161,14.00345],[102.86769,14.00522],[102.84884,13.98605],[102.81543,13.96549],[102.81262,13.95659],[102.8027,13.943],[102.79804,13.94231],[102.78285,13.93273],[102.76636,13.85632],[102.75494,13.84494],[102.72327,13.7938],[102.72448,13.78916],[102.73245,13.78514],[102.73226,13.77341],[102.7155,13.77369],[102.689,13.75184],[102.67775,13.74905],[102.59868,13.70703],[102.59079,13.70631],[102.57713,13.69695],[102.57626,13.69249],[102.56797,13.68953],[102.54856,13.66019],[102.55879,13.64822],[102.56095,13.64925],[102.56135,13.64696],[102.56953,13.64428],[102.57109,13.63676],[102.5754,13.63004],[102.58109,13.62798],[102.58679,13.62947],[102.59004,13.62508],[102.59349,13.62608],[102.59482,13.623],[102.59989,13.62304],[102.60719,13.61652],[102.61044,13.61537],[102.6113,13.61699],[102.61418,13.61405],[102.6212,13.61319],[102.62455,13.61064],[102.62358,13.60843],[102.6176,13.60827],[102.6152,13.60613],[102.61411,13.60904],[102.61,13.60546],[102.59545,13.60855],[102.57801,13.60525],[102.57265,13.60142],[102.57306,13.59745],[102.56914,13.59212],[102.56991,13.58633],[102.56429,13.58277],[102.5626,13.57868],[102.5564,13.57824],[102.55299,13.57486],[102.54892,13.57704],[102.53768,13.56702],[102.52825,13.56686],[102.52674,13.56415],[102.51219,13.56876],[102.50473,13.56804],[102.50062,13.57095],[102.4958,13.56946],[102.4894,13.57236],[102.48373,13.57065],[102.48001,13.57215],[102.47185,13.56501],[102.46838,13.56685],[102.4511,13.56111],[102.44496,13.56141],[102.44387,13.56396],[102.43824,13.56012],[102.43091,13.56249],[102.42147,13.57139],[102.41526,13.57083],[102.41457,13.56872],[102.41282,13.57001],[102.40988,13.56691],[102.40547,13.56898],[102.3983,13.56658],[102.39264,13.56732],[102.38839,13.57169],[102.38281,13.57241],[102.37605,13.57783],[102.37086,13.57524],[102.3717,13.57674],[102.36771,13.57841],[102.35983,13.57163],[102.35898,13.56538],[102.3399,13.55973],[102.33453,13.53876],[102.33901,13.53228],[102.34138,13.53331],[102.34518,13.53127],[102.35119,13.52003],[102.35831,13.51312],[102.35804,13.51003],[102.3641,13.50482],[102.36096,13.50358],[102.36251,13.49855],[102.36087,13.49282],[102.36301,13.49068],[102.35707,13.47938],[102.35835,13.4713],[102.35532,13.46139],[102.35711,13.45234],[102.3554,13.4474],[102.35892,13.44662],[102.3605,13.44304],[102.35806,13.43599],[102.3625,13.42544],[102.3596,13.41852],[102.36065,13.4016],[102.35686,13.39802],[102.35482,13.38877],[102.35673,13.38137],[102.35091,13.37227],[102.34533,13.34829],[102.35205,13.34088],[102.35152,13.33155],[102.35757,13.32428],[102.35966,13.31458],[102.35763,13.30612],[102.35037,13.2923],[102.34935,13.27723],[102.35126,13.27199],[102.35868,13.27094],[102.36734,13.26292],[102.36659,13.25584],[102.37035,13.23744],[102.37862,13.22709],[102.37914,13.22255],[102.38669,13.21771],[102.3895,13.20256],[102.39344,13.19926],[102.39416,13.19117],[102.39155,13.18491],[102.39342,13.17671],[102.39673,13.17514],[102.39818,13.17131],[102.39882,13.15724],[102.40586,13.14548],[102.4101,13.14486],[102.41685,13.13956],[102.4167,13.12277],[102.42245,13.11692],[102.42513,13.10803],[102.42845,13.10837],[102.4332,13.10194],[102.43266,13.09455],[102.43529,13.08915],[102.43979,13.0851],[102.44462,13.08705],[102.44977,13.0846],[102.44932,13.08305],[102.45922,13.08221],[102.49419,13.01349],[102.51586,13.00576],[102.52534,13.00539],[102.53003,13.00216],[102.52855,13.00018],[102.52559,13.00194],[102.52596,12.99934],[102.52084,12.99965],[102.52275,12.99669],[102.5165,12.99628],[102.51636,12.99118],[102.5135,12.99133],[102.5122,12.99507],[102.50847,12.99553],[102.50776,12.9935],[102.50169,12.99161],[102.49967,12.98632],[102.49064,12.98487],[102.48568,12.9794],[102.49125,12.97114],[102.49635,12.96888],[102.5008,12.96124],[102.49636,12.95238],[102.48595,12.94797],[102.49209,12.93813],[102.49179,12.9332],[102.49617,12.92672],[102.49523,12.92206],[102.49755,12.91975],[102.49866,12.92086],[102.50183,12.91523],[102.5031,12.9008],[102.50931,12.89509],[102.50613,12.88675],[102.50866,12.88437],[102.50495,12.88222],[102.50784,12.8659],[102.4997,12.86236],[102.49804,12.8583],[102.501,12.8497],[102.51454,12.84191],[102.5153,12.82207],[102.5294,12.81807],[102.5321,12.81046],[102.52826,12.7966],[102.53614,12.78386],[102.53216,12.76659],[102.52366,12.76226],[102.52323,12.75878],[102.5177,12.75251],[102.50895,12.75358],[102.50017,12.73946],[102.50406,12.73027],[102.50317,12.71358],[102.49703,12.70348],[102.50756,12.69616],[102.5094,12.68875],[102.50496,12.6826],[102.50902,12.67197],[102.53271,12.65281],[102.53974,12.6513],[102.54465,12.656],[102.55039,12.65544],[102.55506,12.65196],[102.56753,12.65765],[102.57144,12.65343],[102.57929,12.65324],[102.58254,12.64425],[102.59897,12.62986],[102.60553,12.6275],[102.61669,12.61573],[102.62698,12.61444],[102.62983,12.60948],[102.64557,12.61056],[102.6481,12.59947],[102.64708,12.59565],[102.64435,12.59489],[102.64452,12.58501],[102.65146,12.58187],[102.66199,12.58246],[102.66709,12.57345],[102.66773,12.56281],[102.67562,12.55911],[102.68501,12.54806],[102.67774,12.54232],[102.67787,12.53832],[102.6842,12.53729],[102.69231,12.532],[102.6969,12.52642],[102.69579,12.51922],[102.70398,12.51942],[102.70535,12.51299],[102.71246,12.50728],[102.71691,12.50714],[102.72363,12.51239],[102.72808,12.51192],[102.72848,12.50889],[102.72354,12.5021],[102.72526,12.49597],[102.72067,12.49131],[102.72076,12.486],[102.72286,12.4854],[102.72977,12.49065],[102.73365,12.48927],[102.7399,12.48186],[102.73631,12.46598],[102.74162,12.46618],[102.74318,12.45977],[102.7464,12.45713],[102.75082,12.46225],[102.75403,12.45549],[102.75686,12.4571],[102.76574,12.45625],[102.76937,12.44822],[102.76922,12.44151],[102.77384,12.43442],[102.78072,12.43471],[102.78548,12.42221],[102.78714,12.41342],[102.78442,12.3998],[102.77892,12.39949],[102.77239,12.39396],[102.76095,12.39442],[102.74378,12.38776],[102.73868,12.37858],[102.72553,12.36459],[102.72369,12.33452],[102.72661,12.32505],[102.72614,12.30267],[102.72343,12.28676],[102.71373,12.26391],[102.71828,12.24822],[102.7182,12.22341],[102.7168,12.22042],[102.71285,12.22089],[102.70829,12.20569],[102.71223,12.19514],[102.70722,12.18618],[102.70377,12.17327],[102.70897,12.16494],[102.71005,12.15179],[102.71842,12.13702],[102.72261,12.13218],[102.72742,12.13145],[102.73241,12.12458],[102.73444,12.11018],[102.74705,12.09596],[102.75201,12.09393],[102.75802,12.08047],[102.77096,12.0728],[102.77001,12.06424],[102.77441,12.05337],[102.77453,12.03317],[102.78008,12.02441],[102.77619,12.01206],[102.7803,11.99001],[102.78443,11.97698],[102.79005,11.97691],[102.79294,11.9724],[102.79948,11.95031],[102.80948,11.94407],[102.81557,11.93373],[102.81346,11.92322],[102.81959,11.91691],[102.81902,11.91177],[102.82217,11.90768],[102.8203,11.89019],[102.83488,11.85283],[102.84591,11.84406],[102.85317,11.82605],[102.85951,11.82608],[102.86243,11.8233],[102.8631,11.81217],[102.86545,11.80778],[102.87329,11.803],[102.88554,11.79937],[102.88204,11.78986],[102.89204,11.78725],[102.90421,11.76926],[102.91138,11.74534],[102.91105,11.68092],[102.91316,11.67599],[102.91386,11.65088],[102.90892,11.64996],[102.90601,11.65539],[102.90429,11.67611],[102.90103,11.68292],[102.90609,11.70154],[102.90728,11.71496],[102.90193,11.73077],[102.90362,11.73287],[102.90088,11.73321],[102.90209,11.73594],[102.89936,11.73576],[102.89198,11.7521],[102.89276,11.75424],[102.89073,11.75458],[102.87071,11.7882],[102.83741,11.82931],[102.83845,11.83197],[102.83358,11.83409],[102.77419,11.9117],[102.77262,11.92182],[102.77577,11.92836],[102.7792,11.9291],[102.78388,11.92679],[102.78309,11.92958],[102.78176,11.92892],[102.78476,11.94614],[102.78175,11.95387],[102.78168,11.95594],[102.78373,11.95001],[102.78484,11.94893],[102.78338,11.95529],[102.76702,11.97935],[102.76641,11.98444],[102.77147,11.98236],[102.76966,11.98368],[102.77197,11.99004],[102.76546,12.00648],[102.76553,12.02374],[102.75354,12.04243],[102.74067,12.05606],[102.71401,12.07928],[102.67654,12.10653],[102.66343,12.11965],[102.64391,12.1325],[102.6397,12.13689],[102.64178,12.13766],[102.6261,12.14759],[102.62521,12.15169],[102.62878,12.1554],[102.63677,12.15712],[102.6459,12.15396],[102.65092,12.15799],[102.64894,12.16272],[102.65046,12.16851],[102.64158,12.17959],[102.61613,12.1953],[102.61318,12.20107],[102.59931,12.20405],[102.5946,12.20907],[102.59467,12.2132],[102.56925,12.19655],[102.56197,12.1982],[102.55663,12.20889],[102.55427,12.20589],[102.55689,12.20553],[102.55712,12.19895],[102.56763,12.1913],[102.56176,12.18592],[102.55696,12.18589],[102.55654,12.1839],[102.56541,12.1785],[102.56628,12.1736],[102.57205,12.16995],[102.57402,12.16582],[102.55794,12.1657],[102.55573,12.16227],[102.5618,12.14184],[102.55736,12.13234],[102.55388,12.13044],[102.55754,12.12967],[102.56682,12.11667],[102.56439,12.11592],[102.56054,12.10911],[102.56228,12.10335],[102.55963,12.102],[102.55839,12.09548],[102.56464,12.08917],[102.57347,12.08641],[102.57304,12.07748],[102.58374,12.07012],[102.58916,12.05385],[102.584,12.04323],[102.57702,12.05061],[102.57072,12.0518],[102.56779,12.04962],[102.56447,12.05341],[102.56042,12.05251],[102.55737,12.05643],[102.54792,12.05898],[102.55101,12.07043],[102.54845,12.07511],[102.55173,12.08227],[102.54292,12.09498],[102.53858,12.10583],[102.53076,12.11513],[102.51808,12.1231],[102.48213,12.13761],[102.47296,12.14388],[102.46881,12.14956],[102.46826,12.15454],[102.46988,12.16226],[102.47345,12.16576],[102.46381,12.16568],[102.45967,12.16328],[102.44455,12.16512],[102.43594,12.16889],[102.39772,12.16763],[102.39242,12.17049],[102.38697,12.1802],[102.37936,12.18312],[102.37077,12.19192],[102.3652,12.1941],[102.34689,12.19499],[102.34301,12.19269],[102.33832,12.18449],[102.33119,12.18467],[102.32573,12.1801],[102.32188,12.18148],[102.32113,12.18488],[102.31399,12.18278],[102.30641,12.18752],[102.29226,12.18834],[102.27691,12.20495],[102.28085,12.20884],[102.27977,12.21141],[102.28632,12.21412],[102.28277,12.21414],[102.27742,12.22242],[102.28434,12.22099],[102.28793,12.22382],[102.29012,12.23017],[102.28913,12.23303],[102.28621,12.23382],[102.28769,12.23807],[102.28418,12.24586],[102.26662,12.26782],[102.26064,12.26966],[102.26097,12.27195],[102.26452,12.27254],[102.26423,12.27703],[102.26244,12.28369],[102.25876,12.28718],[102.26452,12.29272],[102.26957,12.28425],[102.27733,12.2833],[102.28485,12.28806],[102.28696,12.29964],[102.26809,12.29997],[102.25832,12.28889],[102.25987,12.30001],[102.25743,12.30543],[102.21498,12.33469],[102.19776,12.35634],[102.15184,12.40196],[102.12658,12.41241],[102.12443,12.42322],[102.10299,12.45242],[102.09464,12.46043],[102.09272,12.45941],[102.09194,12.46346],[102.05883,12.48383],[102.05553,12.48207],[102.0599,12.46879],[102.05743,12.46801],[102.05247,12.4724],[102.04329,12.47197],[102.0442,12.47611],[102.03975,12.48121],[102.04547,12.48419],[102.04642,12.49018],[102.04541,12.49149],[102.03613,12.4864],[102.03561,12.48885],[102.03656,12.4919],[102.04325,12.49338],[102.0403,12.50329],[102.03457,12.51019],[102.01217,12.52729],[101.99533,12.53667],[101.98056,12.54183],[101.96251,12.543],[101.94846,12.5384],[101.94822,12.52869],[101.95131,12.5186],[101.95077,12.51622],[101.94852,12.51621],[101.94485,12.53194],[101.92863,12.53734],[101.92401,12.54753],[101.89718,12.5705],[101.89227,12.57296],[101.88914,12.56992],[101.88355,12.5797],[101.88585,12.58258],[101.89164,12.58185],[101.89525,12.57514],[101.89902,12.57293],[101.91174,12.57562],[101.90832,12.58922],[101.90204,12.60197],[101.89048,12.60717],[101.88911,12.6028],[101.88259,12.60092],[101.88476,12.58564],[101.88235,12.58764],[101.87793,12.6002],[101.86999,12.60796],[101.86517,12.61725],[101.86301,12.64237],[101.85498,12.64636],[101.85349,12.65273],[101.83763,12.66216],[101.826,12.67248],[101.78582,12.69347],[101.77283,12.69726],[101.76928,12.70252],[101.74651,12.70846],[101.73716,12.70725],[101.7216,12.70484],[101.68513,12.69124],[101.67229,12.68473],[101.66678,12.67774],[101.66639,12.67191],[101.6617,12.66886],[101.65705,12.66173],[101.65681,12.66422],[101.6527,12.66355],[101.6549,12.66025],[101.65117,12.65198],[101.64387,12.64601],[101.6457,12.64248],[101.63535,12.64288],[101.61412,12.65059],[101.5931,12.65337],[101.5922,12.65154],[101.57169,12.65016],[101.56524,12.6468],[101.56352,12.63639],[101.56577,12.63223],[101.55649,12.62745],[101.52816,12.63107],[101.50662,12.63156],[101.49734,12.62958],[101.48755,12.63236],[101.46852,12.63308],[101.44087,12.62751],[101.42429,12.61542],[101.42525,12.60131],[101.42264,12.59332],[101.42496,12.59064],[101.42121,12.58984],[101.41906,12.58339],[101.41362,12.58592],[101.41631,12.59088],[101.40429,12.59985],[101.33695,12.63453],[101.28525,12.65408],[101.22526,12.66635],[101.17912,12.66874],[101.13919,12.67582],[101.10326,12.67902],[101.09118,12.67516],[101.06521,12.67455],[101.05919,12.67055],[101.04757,12.66883],[101.04007,12.66413],[101.00251,12.65914],[100.98143,12.65241],[100.96935,12.64616],[100.96805,12.64156],[100.97082,12.6391],[100.9661,12.63519],[100.96373,12.62973],[100.96703,12.61834],[100.96234,12.60268],[100.96345,12.59454],[100.95303,12.60196],[100.94507,12.5983],[100.94368,12.60328],[100.93548,12.60853],[100.93113,12.60893],[100.92555,12.60551],[100.92484,12.61214],[100.91993,12.61996],[100.91384,12.6231],[100.91366,12.6271],[100.92724,12.62666],[100.92595,12.63719],[100.93015,12.64564],[100.92281,12.65441],[100.91514,12.65931],[100.90491,12.66201],[100.89634,12.66112],[100.89108,12.65861],[100.88709,12.65247],[100.86441,12.65016],[100.86162,12.65147],[100.85375,12.64779],[100.85023,12.64903],[100.84939,12.65537],[100.85942,12.65908],[100.86227,12.66417],[100.86072,12.67044],[100.85658,12.67522],[100.84821,12.67512],[100.84382,12.66974],[100.84043,12.67529],[100.8424,12.67974],[100.84044,12.68336],[100.85029,12.68799],[100.85717,12.69458],[100.854,12.69406],[100.84988,12.6976],[100.84403,12.69378],[100.83791,12.69705],[100.83919,12.707],[100.8337,12.71332],[100.83803,12.7232],[100.83394,12.73264],[100.83595,12.73964],[100.84128,12.74289],[100.83967,12.75173],[100.84275,12.75422],[100.85328,12.75359],[100.85622,12.75761],[100.85479,12.76277],[100.86345,12.76775],[100.87104,12.76941],[100.87635,12.76171],[100.87934,12.76076],[100.89441,12.76732],[100.90322,12.77871],[100.91304,12.80701],[100.91294,12.81507],[100.89901,12.85346],[100.87977,12.88375],[100.85678,12.90911],[100.85649,12.91875],[100.86172,12.93004],[100.86534,12.92527],[100.86883,12.92472],[100.87477,12.92756],[100.88261,12.93537],[100.88471,12.94842],[100.88222,12.95545],[100.88456,12.95858],[100.88301,12.97013],[100.88897,12.97312],[100.89119,12.97221],[100.89316,12.9746],[100.89518,12.97123],[100.90062,12.97001],[100.91029,12.97663],[100.92087,12.989],[100.92789,13.00769],[100.92651,13.02181],[100.92286,13.03275],[100.91082,13.05121],[100.90122,13.06241],[100.88773,13.05479],[100.88525,13.05955],[100.89742,13.06741],[100.89514,13.07082],[100.8827,13.06391],[100.87854,13.07121],[100.88732,13.07614],[100.87969,13.08078],[100.87348,13.07604],[100.87116,13.0787],[100.87944,13.10978],[100.89768,13.12394],[100.89807,13.13424],[100.90066,13.13599],[100.89863,13.13957],[100.89981,13.14269],[100.90639,13.14772],[100.9136,13.16054],[100.9235,13.16771],[100.92893,13.18163],[100.92973,13.19115],[100.93407,13.19476],[100.93623,13.20211],[100.93422,13.21106],[100.93611,13.21944],[100.92639,13.26215],[100.91543,13.28204],[100.8976,13.30202],[100.90273,13.30436],[100.9026,13.31728],[100.90908,13.31296],[100.91794,13.31415],[100.92081,13.32292],[100.9196,13.33184],[100.92336,13.33451],[100.92583,13.34073],[100.93009,13.33752],[100.93767,13.33878],[100.94026,13.33665],[100.93908,13.34009],[100.94779,13.34701],[100.96344,13.3475],[100.96911,13.35247],[100.97139,13.34949],[100.97029,13.35338],[100.97732,13.35896],[100.97607,13.3652],[100.98259,13.36565],[100.97705,13.37004],[100.98083,13.3709],[100.97846,13.37152],[100.98116,13.3737],[100.97879,13.37472],[100.9822,13.37505],[100.98561,13.37936],[100.98573,13.39374],[100.96771,13.4337],[100.96935,13.45384],[100.97382,13.47077],[100.97129,13.47645],[100.9547,13.46545],[100.94104,13.46223],[100.9048,13.46653],[100.89919,13.46906],[100.88854,13.46839],[100.88255,13.47197],[100.87358,13.47189],[100.81592,13.48451],[100.81487,13.48679],[100.81094,13.4855],[100.69551,13.5045],[100.64541,13.51828],[100.64478,13.52022],[100.64054,13.51897],[100.62552,13.52735],[100.62383,13.53079],[100.62048,13.53123],[100.61212,13.5389],[100.59677,13.53899],[100.59043,13.54301],[100.57785,13.52037],[100.56411,13.50912],[100.54963,13.50427],[100.49668,13.49972],[100.49668,13.50171],[100.49415,13.50171],[100.47336,13.49741],[100.47132,13.49739],[100.47044,13.50104],[100.45708,13.50028],[100.43978,13.49588],[100.41038,13.49284],[100.41068,13.49149],[100.4003,13.48935],[100.37623,13.48849],[100.34649,13.48377],[100.3145,13.48919],[100.29384,13.49993],[100.27703,13.48965],[100.27006,13.48248],[100.24885,13.47366],[100.14209,13.44417],[100.062,13.41719],[100.0476,13.40762],[100.04223,13.39854],[100.04257,13.39357],[100.03941,13.39359],[100.03736,13.37797],[100.03313,13.37044],[100.02431,13.3629],[100.01937,13.36208],[100.01499,13.36513],[100.00376,13.36741],[99.99648,13.36575],[100.00153,13.3547],[99.99667,13.3431],[99.99838,13.33548],[99.99575,13.3298],[99.98829,13.32871],[99.9807,13.32409],[99.97732,13.3252],[99.97683,13.3224],[99.96568,13.31554],[99.96107,13.31685],[99.96185,13.31305],[99.95819,13.31008],[99.95022,13.31004],[99.95334,13.29975],[99.95245,13.28931],[99.9437,13.26555],[99.95321,13.26067],[99.96427,13.24371],[99.98268,13.23656],[99.98956,13.23036],[99.99936,13.21867],[100.00414,13.19999],[100.01864,13.18354],[100.05369,13.16787],[100.07001,13.15264],[100.07025,13.14724],[100.06426,13.13033],[100.06275,13.11184],[100.06519,13.08164],[100.07044,13.07208],[100.0851,13.05972],[100.1023,13.0552],[100.08464,13.0277],[100.05841,12.99647],[100.03613,12.95238],[100.02645,12.92363],[100.02309,12.88431],[100.01108,12.85568],[99.99645,12.8319],[99.99144,12.81328],[99.97657,12.77629],[99.96369,12.72802],[99.96364,12.69116],[99.95958,12.67206],[99.95557,12.6325],[99.95628,12.58638],[99.96003,12.57339],[99.96365,12.56874],[99.96447,12.5536],[99.97003,12.53458],[99.97736,12.52001],[99.982,12.51814],[99.98501,12.51398],[99.98427,12.51264],[99.98001,12.51415],[99.97491,12.50362],[99.97663,12.46614],[99.97882,12.45771],[99.98186,12.45591],[99.98388,12.45026],[99.98156,12.44456],[99.98377,12.43903],[99.97943,12.43599],[99.97937,12.43228],[99.98748,12.41057],[99.99475,12.40501],[100.00152,12.37468],[99.99865,12.34206],[100.00233,12.33558],[99.99884,12.33045],[99.99715,12.33176],[99.99243,12.32821],[99.98969,12.32278],[99.97371,12.27034],[99.9759,12.25843],[99.982,12.24687],[100.00511,12.22281],[100.00614,12.219],[100.00119,12.21343],[100.00181,12.21094],[100.00409,12.20787],[100.01269,12.20809],[100.0164,12.20123],[100.01626,12.19173],[100.01987,12.19055],[100.01572,12.18354],[100.00825,12.17747],[100.00473,12.16927],[99.9955,12.16005],[99.98369,12.15216],[99.97518,12.14324],[99.97158,12.14178],[99.96963,12.14355],[99.96634,12.14111],[99.96934,12.13178],[99.96134,12.11246],[99.9626,12.10813],[99.96699,12.10575],[99.96744,12.09888],[99.96347,12.09436],[99.96215,12.08714],[99.95922,12.08558],[99.9559,12.08968],[99.94927,12.08094],[99.94466,12.08333],[99.93739,12.07701],[99.90714,12.04165],[99.86033,11.99301],[99.86068,11.9899],[99.84161,11.96107],[99.81833,11.90894],[99.81176,11.88057],[99.81255,11.87247],[99.81664,11.86472],[99.82138,11.86235],[99.82266,11.86544],[99.82529,11.86565],[99.82261,11.85887],[99.82408,11.85082],[99.83098,11.84911],[99.83484,11.84377],[99.83315,11.83156],[99.83142,11.82898],[99.82884,11.82909],[99.82821,11.83389],[99.83022,11.83759],[99.82839,11.83951],[99.81577,11.83895],[99.80504,11.82933],[99.79927,11.81815],[99.8014,11.79799],[99.81088,11.78717],[99.81644,11.78901],[99.81835,11.78503],[99.81686,11.77922],[99.81297,11.77691],[99.81331,11.78452],[99.80351,11.78321],[99.79903,11.77919],[99.79492,11.77086],[99.79637,11.76493],[99.8015,11.76527],[99.80418,11.76123],[99.80235,11.75292],[99.81075,11.74159],[99.81088,11.73823],[99.80635,11.73699],[99.80738,11.74018],[99.80517,11.7417],[99.79896,11.73965],[99.7967,11.74608],[99.79447,11.74409],[99.79215,11.74601],[99.78953,11.74486],[99.74625,11.70689],[99.726,11.68213],[99.71037,11.64575],[99.69513,11.62496],[99.65625,11.55815],[99.63446,11.50918],[99.62715,11.48268],[99.62623,11.46947],[99.62216,11.46938],[99.61871,11.46586],[99.61274,11.45285],[99.60702,11.4352],[99.60533,11.41907],[99.59913,11.41525],[99.59887,11.40416],[99.58501,11.37907],[99.58042,11.35759],[99.57792,11.35765],[99.57622,11.36058],[99.5696,11.35565],[99.55791,11.33243],[99.54992,11.2963],[99.55005,11.26713],[99.55421,11.24715],[99.56154,11.2291],[99.56896,11.21875],[99.57849,11.21297],[99.57998,11.21409],[99.58124,11.21169],[99.57832,11.21157],[99.57937,11.20874],[99.57632,11.2016],[99.57595,11.19785],[99.5782,11.19509],[99.56984,11.18988],[99.56613,11.18369],[99.55924,11.19008],[99.56232,11.20192],[99.55548,11.20529],[99.54143,11.2077],[99.52408,11.19839],[99.5116,11.18608],[99.49752,11.16629],[99.489,11.14548],[99.48699,11.13434],[99.4871,11.10817],[99.49303,11.08337],[99.49578,11.05865],[99.5014,11.03954],[99.50071,11.01181],[99.49818,11.00072],[99.49954,10.99298],[99.50232,10.99131],[99.50037,10.98848],[99.49537,10.98815],[99.49235,10.98166],[99.48923,10.96576],[99.48898,10.9493],[99.49563,10.92517],[99.50223,10.91495],[99.50966,10.91703],[99.5102,10.91497],[99.50723,10.91293],[99.5082,10.90626],[99.50963,10.90403],[99.51696,10.9023],[99.51882,10.89592],[99.51518,10.89158],[99.5115,10.89103],[99.50757,10.88494],[99.50847,10.87936],[99.51019,10.87924],[99.50955,10.87293],[99.50538,10.8722],[99.506,10.86785],[99.49786,10.86165],[99.49602,10.86321],[99.50018,10.86736],[99.49609,10.87234],[99.49515,10.8798],[99.48364,10.88213],[99.49009,10.88182],[99.48388,10.88948],[99.47794,10.88803],[99.46615,10.87145],[99.46345,10.87357],[99.45159,10.8741],[99.44063,10.87146],[99.44025,10.86569],[99.43295,10.85582],[99.43503,10.85311],[99.43206,10.82601],[99.42272,10.80037],[99.42288,10.7955],[99.41118,10.77239],[99.41342,10.76856],[99.41121,10.76698],[99.41264,10.76306],[99.41012,10.7642],[99.4078,10.76228],[99.40604,10.75949],[99.40747,10.75749],[99.40478,10.75732],[99.4027,10.75298],[99.40393,10.75202],[99.39935,10.7498],[99.39915,10.74518],[99.39352,10.74407],[99.38587,10.72002],[99.37964,10.708],[99.37061,10.70704],[99.35914,10.69203],[99.35824,10.68481],[99.36059,10.67864],[99.36422,10.68032],[99.36818,10.67794],[99.36495,10.67102],[99.36152,10.66996],[99.35822,10.66542],[99.35781,10.67748],[99.35202,10.68274],[99.34365,10.68366],[99.3294,10.67936],[99.3178,10.66867],[99.30733,10.65021],[99.30588,10.64214],[99.30504,10.64356],[99.30086,10.63817],[99.29631,10.61887],[99.29271,10.61795],[99.28348,10.6076],[99.28017,10.59247],[99.28314,10.58327],[99.27476,10.5695],[99.27407,10.55757],[99.27778,10.55309],[99.27494,10.54426],[99.26957,10.53982],[99.2638,10.54014],[99.2607,10.53658],[99.25143,10.54135],[99.24312,10.5414],[99.23781,10.53308],[99.23718,10.52167],[99.24403,10.50717],[99.24944,10.50601],[99.25672,10.51192],[99.25903,10.50934],[99.26023,10.51307],[99.26177,10.51191],[99.26742,10.51552],[99.25858,10.50035],[99.24104,10.49321],[99.23793,10.49659],[99.23176,10.49525],[99.22726,10.48316],[99.2283,10.46904],[99.23764,10.45076],[99.2434,10.44544],[99.25001,10.44296],[99.26685,10.42525],[99.27474,10.42334],[99.27582,10.41503],[99.28066,10.41084],[99.28321,10.41168],[99.28283,10.40367],[99.27936,10.39905],[99.28349,10.38432],[99.2842,10.36387],[99.27916,10.36064],[99.27764,10.35504],[99.27146,10.35268],[99.27094,10.35762],[99.26216,10.35796],[99.26332,10.36124],[99.26148,10.36365],[99.25295,10.363],[99.24644,10.35794],[99.23871,10.3438],[99.23124,10.35143],[99.23029,10.35698],[99.22052,10.36687],[99.22031,10.36495],[99.21662,10.36561],[99.2099,10.37345],[99.19468,10.37451],[99.19422,10.37233],[99.1832,10.37274],[99.16631,10.36666],[99.16129,10.36777],[99.15647,10.35789],[99.14857,10.35403],[99.14572,10.34599],[99.1474,10.33904],[99.15322,10.33133],[99.14966,10.32059],[99.14978,10.3009],[99.15686,10.29001],[99.16376,10.28413],[99.16206,10.27901],[99.17303,10.27763],[99.17555,10.27483],[99.18836,10.27565],[99.18465,10.26949],[99.19086,10.26508],[99.19771,10.26746],[99.20111,10.27237],[99.20542,10.2713],[99.20765,10.26554],[99.20282,10.25182],[99.21184,10.23679],[99.21367,10.2384],[99.21898,10.23753],[99.21847,10.23018],[99.22191,10.22667],[99.22894,10.22852],[99.2378,10.23812],[99.24694,10.23527],[99.24149,10.22646],[99.23412,10.2237],[99.22568,10.21444],[99.22211,10.21755],[99.21845,10.21236],[99.21259,10.21016],[99.20946,10.2128],[99.20617,10.21132],[99.20517,10.21638],[99.19968,10.21836],[99.19295,10.21376],[99.19042,10.21006],[99.19116,10.20109],[99.18815,10.19827],[99.18272,10.17583],[99.18065,10.17705],[99.17648,10.17474],[99.16916,10.15095],[99.16636,10.14868],[99.16357,10.15072],[99.15746,10.14344],[99.15385,10.14315],[99.14818,10.12575],[99.14882,10.09359],[99.15432,10.0885],[99.15659,10.08199],[99.15624,10.0774],[99.1512,10.07251],[99.15193,10.06901],[99.1675,10.04456],[99.17412,10.04049],[99.1786,10.04391],[99.18184,10.0433],[99.17982,10.03139],[99.17361,10.03118],[99.17204,10.02806],[99.17264,10.02381],[99.17877,10.01953],[99.17805,10.01218],[99.17483,10.00738],[99.16787,10.00891],[99.16411,10.01385],[99.15853,10.01076],[99.14933,9.98901],[99.15001,9.97497],[99.16016,9.94443],[99.16164,9.91581],[99.15674,9.89894],[99.16509,9.86019],[99.16251,9.85757],[99.16197,9.84775],[99.15519,9.84926],[99.14922,9.84412],[99.13889,9.82487],[99.13825,9.80909],[99.14579,9.74286],[99.15026,9.72642],[99.15682,9.71407],[99.16095,9.67991],[99.16879,9.65936],[99.18721,9.62975],[99.20937,9.60068],[99.20741,9.59292],[99.20766,9.5777],[99.2129,9.55562],[99.23009,9.51956],[99.24109,9.4872],[99.26467,9.44611],[99.30464,9.40636],[99.31268,9.39048],[99.31252,9.38894],[99.30688,9.39655],[99.29953,9.40028],[99.29617,9.40486],[99.29082,9.40332],[99.27908,9.39167],[99.27361,9.37573],[99.26914,9.37082],[99.26807,9.37572],[99.26317,9.37075],[99.26165,9.36122],[99.23889,9.35441],[99.23737,9.3474],[99.23409,9.3506],[99.23343,9.34564],[99.21876,9.33904],[99.21495,9.3301],[99.21537,9.32],[99.21248,9.30619],[99.21496,9.3038],[99.21428,9.30046],[99.21855,9.28798],[99.22258,9.2817],[99.22662,9.28118],[99.22716,9.27745],[99.22359,9.27097],[99.22294,9.25743],[99.24633,9.22739],[99.2543,9.2228],[99.2554,9.22634],[99.25899,9.22718],[99.26273,9.21717],[99.26787,9.21457],[99.2724,9.2178],[99.27389,9.21506],[99.27483,9.21771],[99.27737,9.21808],[99.2789,9.22261],[99.28486,9.22797],[99.28563,9.23296],[99.28929,9.22894],[99.29766,9.23098],[99.30465,9.23476],[99.31023,9.24517],[99.31318,9.24463],[99.31084,9.23915],[99.31708,9.24621],[99.32219,9.2456],[99.3235,9.2436],[99.31519,9.23565],[99.32255,9.23444],[99.32099,9.23098],[99.31313,9.22862],[99.31157,9.22118],[99.32232,9.21551],[99.33725,9.22725],[99.33485,9.22125],[99.33715,9.22371],[99.34418,9.22157],[99.33672,9.21572],[99.33792,9.21232],[99.33492,9.20888],[99.33848,9.20881],[99.33885,9.20697],[99.34273,9.20972],[99.34519,9.20742],[99.35975,9.2158],[99.35972,9.21435],[99.36178,9.21516],[99.35838,9.20704],[99.3609,9.20484],[99.35947,9.20202],[99.3607,9.19837],[99.36588,9.19806],[99.3645,9.19406],[99.36823,9.19397],[99.36704,9.19004],[99.36882,9.1897],[99.37313,9.19357],[99.37551,9.20146],[99.37672,9.19441],[99.38757,9.19979],[99.3819,9.19323],[99.38328,9.19289],[99.40027,9.20268],[99.41478,9.20626],[99.46639,9.19825],[99.47428,9.21037],[99.48559,9.2118],[99.49786,9.22143],[99.49634,9.22784],[99.50728,9.25862],[99.51662,9.2724],[99.52728,9.28344],[99.53989,9.28717],[99.55924,9.27815],[99.58788,9.26864],[99.60187,9.26774],[99.60969,9.26944],[99.61591,9.27319],[99.62286,9.28531],[99.64095,9.302],[99.66042,9.30446],[99.66628,9.30328],[99.67186,9.30651],[99.67426,9.31185],[99.67676,9.31001],[99.6817,9.31326],[99.68262,9.31793],[99.68052,9.3224],[99.6851,9.33218],[99.68207,9.3341],[99.68096,9.33819],[99.6885,9.33473],[99.68797,9.32921],[99.69229,9.32578],[99.70233,9.32238],[99.7045,9.32547],[99.70798,9.32151],[99.72627,9.31299],[99.73165,9.31251],[99.73447,9.32063],[99.7443,9.32926],[99.74181,9.32415],[99.74435,9.32431],[99.7504,9.31795],[99.7602,9.31542],[99.76916,9.32313],[99.77287,9.32098],[99.7759,9.31409],[99.78053,9.31175],[99.78307,9.31214],[99.78508,9.31834],[99.7861,9.3136],[99.79323,9.31245],[99.79537,9.31825],[99.79698,9.30981],[99.80091,9.32005],[99.80566,9.31569],[99.80419,9.31222],[99.80058,9.31067],[99.79938,9.30625],[99.80667,9.29935],[99.82024,9.29697],[99.82424,9.29853],[99.82979,9.31072],[99.83744,9.30436],[99.8388,9.29481],[99.84334,9.29407],[99.84235,9.28425],[99.84601,9.28324],[99.84459,9.26544],[99.8483,9.25421],[99.86119,9.2517],[99.86353,9.24803],[99.86381,9.23848],[99.86564,9.23653],[99.87031,9.23804],[99.86941,9.23455],[99.87078,9.22894],[99.87425,9.22534],[99.87394,9.22211],[99.87943,9.2183],[99.87896,9.2106],[99.88097,9.20797],[99.87647,9.20691],[99.87546,9.20296],[99.87363,9.17164],[99.87534,9.1406],[99.88178,9.12552],[99.88737,9.12668],[99.8938,9.1223],[99.90872,9.09852],[99.90933,9.09015],[99.91266,9.08382],[99.90957,9.07418],[99.91431,9.02081],[99.91611,9.01517],[99.91773,9.01579],[99.92224,9.00779],[99.92872,9.00685],[99.92724,9.00381],[99.92,9.00376],[99.91534,8.99464],[99.91279,8.96054],[99.91445,8.91969],[99.92073,8.86214],[99.9341,8.79666],[99.93985,8.72592],[99.94938,8.66715],[99.94819,8.6573],[99.95436,8.62359],[99.9638,8.59268],[99.97087,8.58104],[99.98075,8.57217],[99.99687,8.57227],[100.00244,8.56457],[100.0087,8.56397],[100.01578,8.55922],[100.04308,8.5294],[100.04762,8.52068],[100.04777,8.51288],[100.05185,8.50762],[100.05311,8.49852],[100.06302,8.47756],[100.06202,8.47531],[100.06751,8.46829],[100.07251,8.45564],[100.07605,8.43726],[100.08907,8.4109],[100.09166,8.41728],[100.09366,8.41744],[100.11057,8.40323],[100.11676,8.40209],[100.12989,8.39409],[100.13949,8.38553],[100.14532,8.37687],[100.14708,8.37969],[100.15629,8.37903],[100.15463,8.38171],[100.15798,8.3831],[100.16248,8.38955],[100.16998,8.38765],[100.17642,8.38223],[100.17113,8.39734],[100.16614,8.40104],[100.15946,8.41386],[100.15845,8.41939],[100.16132,8.42186],[100.15528,8.4392],[100.16353,8.44698],[100.16754,8.45454],[100.17289,8.45728],[100.16581,8.47226],[100.1684,8.47516],[100.16521,8.48793],[100.14564,8.51046],[100.13541,8.51429],[100.12875,8.51404],[100.12758,8.51668],[100.13178,8.51912],[100.15934,8.51161],[100.18058,8.49421],[100.19988,8.47064],[100.21779,8.43587],[100.25313,8.33824],[100.28402,8.23141],[100.3013,8.14293],[100.33431,7.94138],[100.37712,7.74766],[100.43312,7.5181],[100.4631,7.42097],[100.47975,7.37813],[100.515,7.30418],[100.54135,7.26127],[100.5537,7.25116],[100.55635,7.24987],[100.5598,7.25212],[100.58238,7.23382],[100.5802,7.23125],[100.58771,7.21663],[100.59767,7.21548],[100.61661,7.18507],[100.6187,7.18307],[100.6231,7.18408],[100.65627,7.12851],[100.6905,7.07801],[100.73916,7.01418],[100.76513,6.98519],[100.78684,6.96792],[100.8107,6.9549],[100.82922,6.95159],[100.83833,6.96053],[100.84463,6.95979],[100.84943,6.962],[100.90136,6.91484],[100.92045,6.90017],[100.94931,6.88166],[100.95863,6.8803],[100.98375,6.86413],[101.00811,6.85651],[101.03273,6.85416],[101.10112,6.86275],[101.13427,6.86008],[101.15852,6.8614],[101.16668,6.86507],[101.19271,6.86723],[101.21635,6.87314],[101.23436,6.88408],[101.24791,6.90115],[101.25993,6.90174],[101.26706,6.89918],[101.27162,6.89336],[101.28441,6.89195],[101.28321,6.88272],[101.28846,6.8787],[101.29588,6.87997],[101.30837,6.88688],[101.32483,6.87598],[101.33336,6.87636],[101.33829,6.88451],[101.34403,6.88609],[101.34558,6.88916],[101.34467,6.8987],[101.34161,6.90136],[101.34233,6.91048],[101.3354,6.91304],[101.32974,6.91115],[101.3274,6.92274],[101.32424,6.92775],[101.31335,6.92286],[101.30591,6.92933],[101.30063,6.92801],[101.30043,6.93904],[101.29655,6.93765],[101.29902,6.93404],[101.2921,6.93859],[101.2858,6.93772],[101.2855,6.94491],[101.28936,6.94875],[101.28052,6.94844],[101.27438,6.94123],[101.27367,6.94702],[101.27279,6.94462],[101.26783,6.94256],[101.26805,6.9451],[101.25615,6.93664],[101.25339,6.93798],[101.24959,6.93593],[101.2454,6.92958],[101.24634,6.93404],[101.24514,6.93237],[101.24458,6.93511],[101.23944,6.92884],[101.24098,6.93485],[101.2475,6.9422],[101.27915,6.95315],[101.28657,6.95211],[101.30284,6.9447],[101.32153,6.93197],[101.33823,6.91651],[101.35758,6.90397],[101.41112,6.89017],[101.45283,6.88505],[101.47002,6.87924],[101.48879,6.86781],[101.49245,6.86882],[101.5035,6.86572],[101.50469,6.86433],[101.49975,6.86461],[101.50872,6.86201],[101.52194,6.86219],[101.50927,6.86442],[101.50975,6.8663],[101.52001,6.86357],[101.52605,6.8656],[101.54453,6.84694],[101.55729,6.84619],[101.63013,6.72216],[101.63517,6.71918],[101.64268,6.70949],[101.66118,6.67594],[101.72259,6.57992],[101.75556,6.53062],[101.79942,6.4713],[101.82169,6.44815],[101.82622,6.44774],[101.82846,6.44453],[101.83338,6.44337],[101.85607,6.42786],[101.86699,6.42824],[101.87398,6.42462],[101.91741,6.37355],[101.96377,6.32943],[101.98384,6.31388],[102.08657,6.24732],[102.08711,6.24152],[102.09106,6.23693],[102.08007,6.22632],[102.07969,6.20328],[102.0771,6.19854],[102.07692,6.19108],[102.08006,6.18131],[102.07814,6.17135],[102.08223,6.17155],[102.08521,6.16549],[102.08346,6.16197],[102.08449,6.15844],[102.08832,6.15942],[102.09094,6.15438],[102.08993,6.15079],[102.09267,6.14873],[102.08689,6.14093],[102.08834,6.13871],[102.08244,6.13676],[102.0815,6.12963],[102.07715,6.12757],[102.07861,6.12301],[102.07392,6.12023],[102.07493,6.11794],[102.07262,6.11823],[102.07388,6.11589],[102.07138,6.11499],[102.06993,6.10933],[102.06729,6.10993],[102.06089,6.10308],[102.06069,6.09663],[102.0586,6.09689],[102.06064,6.09133],[102.05763,6.09087],[102.05321,6.08016],[102.03362,6.06955],[102.03108,6.07124],[102.02891,6.06529],[102.02187,6.06153],[102.0188,6.05223],[102.01548,6.05368],[102.01172,6.05136],[102.00444,6.05097],[102.00253,6.04943],[102.00363,6.04417],[101.9993,6.04064],[101.99034,6.04058],[101.98274,6.02988],[101.97756,6.03023],[101.97545,6.02411],[101.97034,6.01943],[101.97055,6.011],[101.97232,6.00971],[101.97086,6.00588],[101.9641,6.0007],[101.96265,5.99675],[101.95858,5.99747],[101.95716,5.99377],[101.95328,5.99554],[101.95466,5.99252],[101.95218,5.99144],[101.95126,5.98785],[101.9475,5.99078],[101.94753,5.98389],[101.94496,5.98711],[101.94166,5.98102],[101.94474,5.98025],[101.94301,5.97836],[101.94554,5.97714],[101.93893,5.97235],[101.94302,5.95448],[101.93596,5.94826],[101.92851,5.94895],[101.92854,5.94494],[101.93111,5.94504],[101.92837,5.9387],[101.93077,5.93641],[101.92858,5.93528],[101.93021,5.93259],[101.92708,5.92437],[101.92296,5.92435],[101.92346,5.921],[101.92047,5.91812],[101.92154,5.91059],[101.92951,5.90986],[101.92967,5.90492],[101.93287,5.90671],[101.93297,5.90029],[101.93515,5.89947],[101.93429,5.89716],[101.93797,5.89157],[101.93641,5.88862],[101.93965,5.88916],[101.939,5.87933],[101.9432,5.87201],[101.94028,5.87055],[101.94092,5.86758],[101.93727,5.86192],[101.93541,5.86344],[101.9301,5.86133],[101.92672,5.85659],[101.92902,5.85345],[101.91994,5.8457],[101.91628,5.84551],[101.91648,5.84308],[101.9059,5.84141],[101.89896,5.84431],[101.89687,5.84305],[101.89531,5.84559],[101.89063,5.83829],[101.88633,5.83947],[101.88337,5.8379],[101.88405,5.83515],[101.87949,5.83135],[101.87662,5.82087],[101.87999,5.81011],[101.87809,5.81072],[101.8785,5.80898],[101.87677,5.8094],[101.87243,5.80294],[101.86959,5.80522],[101.86731,5.8026],[101.86562,5.80413],[101.86077,5.80138],[101.86042,5.79847],[101.86358,5.79769],[101.86609,5.79097],[101.85758,5.79188],[101.85624,5.79394],[101.85468,5.79103],[101.84288,5.78885],[101.84052,5.79159],[101.84049,5.78996],[101.8358,5.7887],[101.82462,5.76484],[101.81829,5.75628],[101.82415,5.7518],[101.82385,5.74519],[101.82674,5.73854],[101.82494,5.73352],[101.81574,5.73303],[101.81128,5.7415],[101.80387,5.74422],[101.79823,5.75076],[101.79219,5.75095],[101.77506,5.7693],[101.77386,5.77386],[101.77628,5.7835],[101.76563,5.78941],[101.76066,5.7953],[101.75332,5.79724],[101.74792,5.7929],[101.74382,5.79356],[101.73912,5.78223],[101.72686,5.78529],[101.72178,5.77992],[101.71989,5.78785],[101.71815,5.78829],[101.71442,5.76361],[101.70985,5.76207],[101.70688,5.75515],[101.7021,5.75273],[101.69128,5.75523],[101.68779,5.76426],[101.69012,5.77167],[101.68767,5.78098],[101.68448,5.78338],[101.6785,5.78122],[101.67182,5.78725],[101.66894,5.79086],[101.66998,5.79535],[101.66432,5.80066],[101.6675,5.80827],[101.66273,5.81488],[101.65766,5.81219],[101.65885,5.82591],[101.65664,5.83833],[101.6612,5.84817],[101.65556,5.85744],[101.66264,5.86627],[101.65867,5.87494],[101.65411,5.87786],[101.64156,5.87049],[101.62318,5.87713],[101.62192,5.89587],[101.61815,5.89606],[101.61511,5.90078],[101.61519,5.91082],[101.60839,5.9151],[101.5978,5.91189],[101.58948,5.91853],[101.5878,5.92988],[101.58132,5.93448],[101.57532,5.93054],[101.5726,5.92553],[101.5593,5.91908],[101.55425,5.92109],[101.53948,5.9189],[101.52645,5.90957],[101.52344,5.89867],[101.52026,5.90066],[101.51778,5.89968],[101.51529,5.90381],[101.51312,5.90333],[101.50755,5.89392],[101.49884,5.88788],[101.4941,5.88173],[101.48685,5.8832],[101.48732,5.87366],[101.48548,5.87006],[101.47899,5.87272],[101.47392,5.87025],[101.47031,5.87468],[101.46492,5.87664],[101.45413,5.86738],[101.44677,5.87075],[101.4383,5.87079],[101.43724,5.87268],[101.43184,5.87099],[101.42769,5.87562],[101.42413,5.87419],[101.41768,5.87652],[101.41338,5.87311],[101.4077,5.87214],[101.40268,5.87438],[101.39563,5.87331],[101.39122,5.87584],[101.38947,5.85835],[101.3867,5.85396],[101.37966,5.85064],[101.37933,5.84567],[101.37365,5.83708],[101.37435,5.83282],[101.36173,5.83115],[101.35866,5.8333],[101.34859,5.82583],[101.34588,5.80886],[101.34121,5.80962],[101.33725,5.80693],[101.33217,5.81147],[101.32336,5.81374],[101.3121,5.80216],[101.30745,5.80458],[101.30434,5.81401],[101.29545,5.81215],[101.29077,5.81632],[101.27671,5.81202],[101.26941,5.80338],[101.26395,5.80064],[101.25871,5.78735],[101.25905,5.77863],[101.25012,5.76125],[101.25558,5.75239],[101.25364,5.74656],[101.25959,5.73241],[101.25779,5.72193],[101.261,5.71662],[101.25945,5.71163],[101.25398,5.71009],[101.24879,5.70488],[101.25053,5.69908],[101.24816,5.69613],[101.24431,5.69547],[101.24169,5.69115],[101.233,5.68783],[101.21823,5.68775],[101.2179,5.68064],[101.22098,5.67529],[101.21374,5.66148],[101.20437,5.65983],[101.20261,5.65445],[101.19507,5.64938],[101.18811,5.65067],[101.17138,5.64754],[101.16654,5.64122],[101.16816,5.63561],[101.16348,5.63049],[101.15157,5.62266],[101.14843,5.62418],[101.14451,5.62301],[101.14368,5.61417],[101.13409,5.61287],[101.12782,5.63192],[101.1292,5.63836],[101.12519,5.64641],[101.12319,5.66171],[101.11968,5.66365],[101.1183,5.6718],[101.11054,5.68153],[101.09685,5.69225],[101.09514,5.7036],[101.08845,5.70467],[101.08524,5.70882],[101.08528,5.71296],[101.08079,5.71009],[101.08046,5.71724],[101.08261,5.72139],[101.06787,5.72879],[101.06215,5.7269],[101.06283,5.73165],[101.0592,5.73419],[101.06006,5.74434],[101.05482,5.74301],[101.05336,5.74447],[101.05021,5.74009],[101.04094,5.74072],[101.03633,5.73739],[101.03372,5.73868],[101.01999,5.75923],[101.0188,5.76621],[101.0071,5.77037],[101.00725,5.77406],[101.00287,5.77932],[100.99761,5.78021],[100.99569,5.78477],[100.98933,5.78378],[100.98856,5.79601],[100.98389,5.80731],[100.98534,5.81019],[100.99248,5.81166],[100.9992,5.81903],[101.00179,5.82472],[101.00109,5.82858],[101.01212,5.83779],[101.0067,5.85131],[101.00985,5.86377],[101.00891,5.87286],[101.01324,5.87512],[101.01438,5.88216],[101.02299,5.89231],[101.02407,5.89728],[101.02915,5.90129],[101.02527,5.91153],[101.02622,5.91362],[101.03698,5.91745],[101.04534,5.91612],[101.05204,5.91063],[101.05566,5.91253],[101.056,5.91624],[101.05972,5.91629],[101.06293,5.92001],[101.06987,5.91758],[101.07498,5.91819],[101.08563,5.91043],[101.08876,5.9204],[101.08711,5.92494],[101.09174,5.92706],[101.09268,5.93341],[101.09918,5.94207],[101.09541,5.95095],[101.09975,5.95102],[101.10862,5.95888],[101.11174,5.95783],[101.11454,5.96707],[101.12342,5.97742],[101.12262,5.98222],[101.10719,5.99056],[101.1062,6.00019],[101.11258,6.00933],[101.1083,6.0158],[101.11003,6.02378],[101.10775,6.02845],[101.11223,6.03181],[101.11375,6.03919],[101.10678,6.04474],[101.10536,6.04882],[101.10014,6.05045],[101.10444,6.06015],[101.104,6.06345],[101.11057,6.06607],[101.10986,6.07363],[101.11549,6.08127],[101.11494,6.09291],[101.12619,6.09549],[101.12669,6.10581],[101.11827,6.11495],[101.11377,6.11236],[101.10617,6.11318],[101.10766,6.11809],[101.10523,6.12381],[101.10165,6.12395],[101.08908,6.13418],[101.07488,6.1356],[101.07025,6.14017],[101.06043,6.14043],[101.05834,6.14247],[101.06069,6.15084],[101.07522,6.16093],[101.07548,6.17138],[101.08408,6.17469],[101.08602,6.17893],[101.09229,6.17634],[101.0962,6.17981],[101.10137,6.17828],[101.10807,6.17973],[101.1263,6.19302],[101.12301,6.20087],[101.11504,6.20383],[101.11848,6.21171],[101.11543,6.21747],[101.1161,6.22078],[101.11284,6.22252],[101.11326,6.22647],[101.10522,6.23803],[101.11163,6.2512],[101.10765,6.2516],[101.09507,6.26023],[101.08169,6.25851],[101.07555,6.25558],[101.07198,6.2577],[101.06764,6.25572],[101.06402,6.25917],[101.05935,6.25373],[101.05004,6.25456],[101.03109,6.24417],[101.02171,6.25014],[101.01697,6.24592],[101.01239,6.24843],[101.00998,6.25623],[100.98948,6.26625],[100.98427,6.27545],[100.98449,6.27888],[100.97615,6.27918],[100.96884,6.28328],[100.96635,6.28229],[100.96758,6.27552],[100.96492,6.27232],[100.95579,6.26915],[100.95462,6.26541],[100.94658,6.26322],[100.94694,6.25273],[100.94416,6.24299],[100.92282,6.24435],[100.91694,6.24812],[100.91262,6.24513],[100.91145,6.2415],[100.90739,6.24033],[100.90745,6.23712],[100.90262,6.23323],[100.89235,6.23944],[100.89194,6.24921],[100.88585,6.2501],[100.88412,6.2553],[100.88033,6.2547],[100.87592,6.25847],[100.87459,6.26321],[100.8714,6.26458],[100.86905,6.25979],[100.86926,6.25291],[100.86511,6.24445],[100.87036,6.24008],[100.85333,6.23169],[100.84431,6.24986],[100.84602,6.25842],[100.83479,6.28883],[100.83631,6.29219],[100.835,6.29672],[100.83741,6.30027],[100.84084,6.30113],[100.84154,6.30708],[100.84852,6.31029],[100.84931,6.31439],[100.84025,6.32277],[100.84038,6.32761],[100.8355,6.3387],[100.82851,6.34772],[100.82754,6.35246],[100.82171,6.35715],[100.82216,6.36545],[100.82038,6.36916],[100.82417,6.38279],[100.82128,6.39983],[100.82413,6.40502],[100.82135,6.41571],[100.81383,6.43094],[100.81201,6.44284],[100.79143,6.44877],[100.78797,6.4537],[100.78157,6.45469],[100.78158,6.45736],[100.77617,6.46319],[100.76787,6.45551],[100.75241,6.45859],[100.74348,6.47065],[100.74273,6.48194],[100.73857,6.49059],[100.74318,6.4999],[100.73849,6.51014],[100.73406,6.50991],[100.7331,6.50617],[100.72985,6.50541],[100.73173,6.50203],[100.72941,6.50058],[100.73019,6.49642],[100.72346,6.49555],[100.71939,6.48647],[100.71166,6.48129],[100.70913,6.47113],[100.69738,6.47116],[100.69696,6.4663],[100.68618,6.46493],[100.68438,6.45376],[100.66218,6.45094],[100.65261,6.44284],[100.64299,6.44944],[100.64628,6.45855],[100.62626,6.45791],[100.61721,6.46009],[100.6083,6.47228],[100.605,6.47239],[100.60282,6.46893],[100.59495,6.47776],[100.58398,6.47847],[100.57287,6.48306],[100.56241,6.49635],[100.55319,6.49178],[100.54874,6.48516],[100.54253,6.49152],[100.53673,6.48704],[100.53264,6.49029],[100.52577,6.48804],[100.5243,6.49083],[100.51893,6.48922],[100.51559,6.49356],[100.51205,6.49266],[100.50815,6.50072],[100.50229,6.49985],[100.49415,6.50832],[100.49257,6.51565],[100.49575,6.51871],[100.49539,6.52191],[100.48903,6.52589],[100.48617,6.52328],[100.47693,6.52445],[100.4692,6.52103],[100.45769,6.53215],[100.45311,6.52751],[100.43985,6.52774],[100.42055,6.51858],[100.41532,6.52414],[100.41094,6.52352],[100.40759,6.52948],[100.40239,6.53077],[100.40191,6.53672],[100.39623,6.53416],[100.38789,6.53569],[100.38643,6.53955],[100.37308,6.54498],[100.36727,6.54002],[100.36009,6.54724],[100.35904,6.5572],[100.35308,6.56187],[100.35364,6.56808],[100.35144,6.57294],[100.34484,6.57181],[100.3409,6.57635],[100.34166,6.58002],[100.33605,6.58269],[100.33539,6.58498],[100.32935,6.58453],[100.32522,6.58659],[100.32498,6.58897],[100.32026,6.59184],[100.31598,6.60388],[100.30413,6.60516],[100.30563,6.61058],[100.31873,6.61571],[100.32546,6.6226],[100.32112,6.63596],[100.31759,6.63534],[100.31653,6.63697],[100.32157,6.64357],[100.31969,6.65439],[100.32714,6.66388],[100.32539,6.66576],[100.31916,6.66491],[100.31626,6.66738],[100.30722,6.66811],[100.30197,6.67976],[100.29475,6.67987],[100.28994,6.69227],[100.29495,6.70499],[100.29013,6.71042],[100.28665,6.708],[100.27527,6.7066],[100.26455,6.6993],[100.25735,6.71111],[100.25648,6.70897],[100.25257,6.70816],[100.25326,6.70491],[100.24932,6.69838],[100.24355,6.69642],[100.24256,6.69391],[100.2285,6.69426],[100.22917,6.69659],[100.22414,6.69757],[100.21815,6.70354],[100.21821,6.70966],[100.21521,6.71336],[100.21416,6.71973],[100.20658,6.72091],[100.2044,6.72692],[100.18566,6.71763],[100.18576,6.71386],[100.17839,6.69742],[100.17154,6.694],[100.17474,6.68374],[100.17856,6.68272],[100.18035,6.67495],[100.17755,6.66902],[100.18062,6.6551],[100.1676,6.64833],[100.16848,6.63477],[100.16572,6.63138],[100.16777,6.62825],[100.16957,6.60832],[100.17484,6.60453],[100.17767,6.60504],[100.18006,6.60132],[100.17799,6.59157],[100.1836,6.57945],[100.18304,6.57412],[100.1771,6.57311],[100.17455,6.56756],[100.17136,6.57455],[100.16498,6.57044],[100.16237,6.57627],[100.15643,6.57983],[100.1592,6.56319],[100.15304,6.55641],[100.15687,6.52416],[100.15414,6.52235],[100.1602,6.50268],[100.16031,6.49103],[100.15923,6.48728],[100.15478,6.48716],[100.1544,6.48377],[100.15857,6.47989],[100.15152,6.47691],[100.15044,6.47094],[100.14548,6.46869],[100.14489,6.46023],[100.14756,6.45288],[100.13558,6.44501],[100.13356,6.42948],[100.12316,6.42307],[100.11905,6.42404],[100.11659,6.43325],[100.11817,6.44254],[100.1139,6.44951],[100.1146,6.45814],[100.1018,6.48874],[100.1014,6.49668],[100.08728,6.49426],[100.08422,6.49681],[100.08896,6.49899],[100.09295,6.514],[100.09589,6.51791],[100.0982,6.51675],[100.09875,6.52988],[100.09495,6.54203],[100.09663,6.54592],[100.10058,6.54719],[100.09988,6.55176],[100.09016,6.54902],[100.08137,6.5565],[100.08089,6.56063],[100.07643,6.55847],[100.07663,6.551],[100.06857,6.53116],[100.0679,6.52379],[100.06229,6.51682],[100.04977,6.52098],[100.00951,6.55681],[100.00575,6.55496],[99.97998,6.55736],[99.95459,6.53848],[99.85725,6.56795],[99.84534,6.58493],[99.84375,6.5942],[99.91639,6.64433],[99.91599,6.66865],[99.92161,6.6865],[99.91316,6.70243],[99.90687,6.70505],[99.90722,6.70781],[99.91169,6.71001],[99.91288,6.71181],[99.91248,6.71319],[99.90846,6.71918],[99.90003,6.71814],[99.88767,6.72036],[99.87695,6.71888],[99.87001,6.72158],[99.85674,6.74315],[99.84122,6.74485],[99.8401,6.77895],[99.83176,6.77582],[99.82661,6.77634],[99.82797,6.77882],[99.82139,6.77383],[99.81157,6.77025],[99.80795,6.77275],[99.80494,6.77804],[99.80326,6.79263],[99.79962,6.79941],[99.80153,6.80215],[99.79997,6.80761],[99.79228,6.82168],[99.77955,6.83735],[99.77364,6.84214],[99.77041,6.84225],[99.76784,6.83618],[99.763,6.83506],[99.75735,6.8384],[99.75432,6.83287],[99.7484,6.84195],[99.73549,6.84975],[99.72239,6.85458],[99.72053,6.86187],[99.70783,6.85842],[99.7015,6.85987],[99.70262,6.86408],[99.70583,6.86411],[99.71137,6.87314],[99.70876,6.87461],[99.70455,6.87102],[99.70158,6.87132],[99.70164,6.86962],[99.69697,6.8699],[99.69039,6.88047],[99.6848,6.89668],[99.6777,6.89978],[99.68306,6.91062],[99.68143,6.9459],[99.69192,6.95552],[99.70108,6.95435],[99.70433,6.95793],[99.70446,6.96214],[99.70315,6.96679],[99.69678,6.96833],[99.69071,6.96682],[99.68654,6.96056],[99.68249,6.96043],[99.68242,6.97201],[99.68568,6.97321],[99.68123,6.97548],[99.67728,6.98105],[99.6703,7.00236],[99.67331,7.00812],[99.68088,7.01096],[99.68421,7.01467],[99.6813,7.0143],[99.67656,7.02001],[99.66867,7.04271],[99.67449,7.0527],[99.67654,7.05388],[99.679,7.05085],[99.69542,7.0789],[99.69872,7.0762],[99.69832,7.06973],[99.70057,7.06666],[99.70847,7.08053],[99.71028,7.08851],[99.71608,7.09015],[99.70973,7.10035],[99.71037,7.10305],[99.7265,7.11281],[99.73367,7.11008],[99.73582,7.11906],[99.73303,7.12771],[99.73469,7.13186],[99.73168,7.13306],[99.72105,7.1282],[99.71437,7.13401],[99.71135,7.13086],[99.70086,7.13247],[99.69022,7.12493],[99.681,7.12305],[99.67341,7.11738],[99.66992,7.11742],[99.6672,7.11378],[99.6655,7.11634],[99.67038,7.12482],[99.66517,7.14972],[99.65893,7.16205],[99.64886,7.16845],[99.63804,7.16584],[99.63452,7.15947],[99.61462,7.13899],[99.60219,7.13688],[99.59964,7.13899],[99.60183,7.14311],[99.5997,7.14603],[99.60034,7.15577],[99.59573,7.15759],[99.59137,7.15119],[99.58447,7.14718],[99.57725,7.15727],[99.57649,7.16437],[99.56688,7.18919],[99.55771,7.20747],[99.53971,7.23124],[99.52397,7.24546],[99.52113,7.25187],[99.46161,7.28881],[99.45421,7.29028],[99.45051,7.29404],[99.43856,7.29484],[99.42608,7.30327],[99.41835,7.30435],[99.41297,7.31312],[99.41555,7.31425],[99.41313,7.31587],[99.40362,7.31781],[99.40097,7.31109],[99.40173,7.30566],[99.39823,7.30438],[99.39447,7.30748],[99.38951,7.31982],[99.37528,7.33988],[99.37261,7.34167],[99.37003,7.33924],[99.36133,7.35048],[99.35987,7.35442],[99.36123,7.35764],[99.35409,7.36173],[99.33663,7.38007],[99.34815,7.40505],[99.34561,7.41211],[99.3382,7.40934],[99.33635,7.4109],[99.34487,7.41527],[99.34407,7.4366],[99.34603,7.441],[99.33272,7.47319],[99.32763,7.49407],[99.31984,7.50297],[99.31094,7.50738],[99.31296,7.51283],[99.30331,7.50915],[99.29705,7.50193],[99.29608,7.49759],[99.28988,7.50397],[99.2903,7.50675],[99.28364,7.51606],[99.28721,7.52194],[99.2934,7.51356],[99.29773,7.5161],[99.29383,7.5225],[99.29612,7.52244],[99.30036,7.5173],[99.30418,7.51877],[99.30734,7.52588],[99.30745,7.53481],[99.31222,7.53769],[99.30796,7.54545],[99.29406,7.56065],[99.29926,7.56968],[99.29015,7.5763],[99.29125,7.57995],[99.27805,7.60117],[99.28043,7.61585],[99.28305,7.61935],[99.28054,7.62009],[99.27877,7.62415],[99.27784,7.63313],[99.27514,7.63353],[99.2708,7.62224],[99.26494,7.62306],[99.26128,7.6167],[99.25126,7.62109],[99.2468,7.62589],[99.23571,7.6271],[99.23264,7.6308],[99.23269,7.63295],[99.23838,7.63384],[99.25195,7.63062],[99.25283,7.62894],[99.25668,7.62651],[99.25355,7.63027],[99.25128,7.63995],[99.25471,7.65062],[99.26052,7.65436],[99.2622,7.66229],[99.24802,7.65178],[99.21259,7.63554],[99.17769,7.61285],[99.14429,7.72602],[99.12787,7.74901],[99.1155,7.75663],[99.10416,7.76034],[99.09909,7.77161],[99.10035,7.76351],[99.10635,7.75797],[99.11354,7.75556],[99.11502,7.75273],[99.11263,7.74131],[99.11004,7.7414],[99.11211,7.73595],[99.11059,7.72757],[99.10679,7.74366],[99.10191,7.74842],[99.1075,7.73657],[99.10639,7.72622],[99.10878,7.71445],[99.10762,7.707],[99.10231,7.69661],[99.09131,7.69035],[99.06729,7.69472],[99.05392,7.72012],[99.04689,7.72489],[99.05244,7.72022],[99.06284,7.69945],[99.06148,7.69716],[99.05077,7.697],[99.04166,7.70026],[99.0231,7.74682],[99.01958,7.76519],[99.02506,7.77147],[99.04464,7.77125],[99.0484,7.76537],[99.04309,7.75913],[99.04756,7.76205],[99.04961,7.76744],[99.04771,7.77125],[99.04187,7.77407],[99.02643,7.77393],[99.02482,7.77977],[99.02203,7.78091],[99.02223,7.78567],[99.02731,7.79254],[99.02771,7.79663],[99.03071,7.79717],[99.02631,7.80206],[99.02491,7.80933],[99.01805,7.81674],[99.0169,7.82309],[99.01812,7.82483],[99.02172,7.8241],[99.02291,7.82868],[99.0276,7.82952],[99.03383,7.81877],[99.03896,7.819],[99.03373,7.82019],[99.0262,7.83641],[99.03454,7.83815],[99.04759,7.85996],[99.06565,7.87231],[99.07543,7.88534],[99.08353,7.90939],[99.08185,7.9177],[99.07209,7.91561],[99.06906,7.91772],[99.06993,7.92292],[99.0657,7.92275],[99.0572,7.90485],[99.04728,7.89343],[99.03563,7.88556],[99.0221,7.889],[99.01613,7.90096],[99.01441,7.91653],[99.00347,7.92734],[99.00166,7.93797],[98.99614,7.94139],[98.98393,7.93848],[98.9787,7.93954],[98.97347,7.93664],[98.97235,7.93298],[98.9601,7.95761],[98.94551,7.97916],[98.94132,7.99032],[98.94971,7.99747],[98.95383,7.99687],[98.95907,7.98805],[98.96461,7.9847],[98.97022,7.98653],[98.9751,7.99289],[98.98011,7.99357],[98.98252,7.9964],[98.98478,8.00616],[98.98204,8.01041],[98.98202,8.01564],[98.97694,8.01306],[98.97125,8.00446],[98.9687,8.00511],[98.96861,8.00696],[98.96551,8.00743],[98.96808,8.00939],[98.96654,8.01132],[98.95945,8.01368],[98.96317,8.01518],[98.95991,8.01828],[98.95919,8.02529],[98.95401,8.00207],[98.9375,7.99268],[98.92393,7.97046],[98.89395,7.93698],[98.88508,7.95151],[98.87646,7.97201],[98.85842,7.99481],[98.85604,8.02182],[98.84931,8.01444],[98.84229,8.01233],[98.8411,8.00882],[98.84492,8.00614],[98.84345,8.00248],[98.84027,8.00314],[98.84013,8.00557],[98.83549,8.00914],[98.83847,8.01036],[98.83588,8.01632],[98.83196,8.0191],[98.82858,8.01557],[98.82684,8.01677],[98.8291,8.02486],[98.81528,8.03695],[98.81615,8.03937],[98.80646,8.0453],[98.79681,8.04818],[98.79464,8.04517],[98.78726,8.04615],[98.77303,8.04125],[98.77161,8.02884],[98.77359,8.02291],[98.76884,8.0199],[98.76482,8.02109],[98.76299,8.02818],[98.76505,8.03598],[98.76309,8.04106],[98.75758,8.05003],[98.74977,8.0548],[98.74817,8.06076],[98.74344,8.06665],[98.74476,8.07384],[98.73998,8.07789],[98.74319,8.08635],[98.74692,8.08858],[98.74781,8.0939],[98.74726,8.11474],[98.74253,8.11562],[98.72412,8.09887],[98.71706,8.08137],[98.70993,8.0732],[98.69846,8.04999],[98.68409,8.04149],[98.66747,8.03722],[98.66753,8.03486],[98.69696,8.03612],[98.69259,7.97544],[98.68118,7.93952],[98.68865,7.91888],[98.68986,7.90565],[98.68554,7.8872],[98.685,7.86038],[98.67495,7.82614],[98.64848,7.77636],[98.63347,7.76437],[98.61863,7.74523],[98.6137,7.74486],[98.6043,7.7528],[98.50563,7.75272],[98.50239,7.78522],[98.50524,7.81988],[98.50391,7.8453],[98.5055,7.92666],[98.50793,7.99149],[98.51033,8.00293],[98.50812,8.03329],[98.51139,8.07233],[98.46318,8.11695],[98.46095,8.11795],[98.45501,8.11348],[98.44078,8.11954],[98.42013,8.12474],[98.40869,8.12309],[98.39358,8.11909],[98.38246,8.0929],[98.38727,8.08698],[98.3973,8.08226],[98.40187,8.08461],[98.40436,8.0815],[98.40816,8.08099],[98.41231,8.08714],[98.41854,8.08778],[98.42234,8.0913],[98.4259,8.09684],[98.42461,8.10077],[98.42673,8.10216],[98.42756,8.0988],[98.43348,8.09925],[98.4348,8.09519],[98.44045,8.09348],[98.43932,8.08911],[98.43504,8.08703],[98.43424,8.0766],[98.43659,8.07184],[98.44174,8.07251],[98.44373,8.07053],[98.44262,8.06588],[98.43566,8.06688],[98.43023,8.05699],[98.43036,8.0427],[98.4322,8.04015],[98.42967,8.03976],[98.42373,8.04626],[98.42068,8.04619],[98.42065,8.04205],[98.41797,8.04269],[98.41706,8.03717],[98.41409,8.03575],[98.4152,8.03367],[98.41252,8.03156],[98.41203,8.02707],[98.41043,8.03065],[98.40946,8.01415],[98.41177,8.01428],[98.41212,8.01205],[98.40801,8.00866],[98.41175,8.00978],[98.40972,8.00661],[98.41074,8.00229],[98.4202,7.98928],[98.42539,7.98806],[98.42067,7.98433],[98.41726,7.98977],[98.41032,7.99136],[98.39995,7.98684],[98.3983,7.98185],[98.39477,7.98344],[98.39315,7.97885],[98.39562,7.97501],[98.39219,7.96852],[98.39273,7.95599],[98.39452,7.95363],[98.39188,7.9499],[98.39481,7.9491],[98.39543,7.95177],[98.39644,7.94323],[98.40398,7.93554],[98.40669,7.93651],[98.4121,7.92882],[98.414,7.92136],[98.41042,7.91814],[98.41349,7.9159],[98.41139,7.91376],[98.41425,7.91312],[98.41552,7.90856],[98.42449,7.90413],[98.42371,7.90153],[98.42599,7.90374],[98.42625,7.89881],[98.43001,7.90394],[98.43193,7.91162],[98.44158,7.91563],[98.43748,7.8961],[98.43908,7.88947],[98.44094,7.88721],[98.44334,7.88813],[98.44465,7.88344],[98.44226,7.87984],[98.43914,7.88276],[98.43367,7.87795],[98.42979,7.87842],[98.42956,7.8741],[98.43305,7.87034],[98.43759,7.86992],[98.43727,7.86596],[98.43331,7.86656],[98.42573,7.87493],[98.4201,7.87467],[98.4159,7.86983],[98.41653,7.87939],[98.39438,7.87007],[98.39574,7.86844],[98.3931,7.86906],[98.39456,7.86546],[98.39278,7.85153],[98.39633,7.83902],[98.40241,7.83792],[98.40675,7.83954],[98.41019,7.83779],[98.40735,7.83529],[98.40164,7.83473],[98.40163,7.83112],[98.40517,7.83041],[98.40176,7.82754],[98.40015,7.82218],[98.4045,7.81822],[98.404,7.81607],[98.40155,7.81617],[98.40153,7.81308],[98.40477,7.80936],[98.40736,7.81119],[98.41012,7.809],[98.41219,7.80177],[98.40769,7.80042],[98.40637,7.80476],[98.39954,7.80847],[98.396,7.81473],[98.38902,7.81144],[98.38875,7.80611],[98.38532,7.80939],[98.38592,7.81402],[98.37589,7.84087],[98.36468,7.83935],[98.36091,7.83595],[98.35433,7.83436],[98.34497,7.82394],[98.33253,7.7889],[98.33806,7.78211],[98.33622,7.7777],[98.33235,7.77513],[98.32866,7.77629],[98.31809,7.7706],[98.31678,7.76812],[98.31903,7.76569],[98.31847,7.76253],[98.3146,7.75993],[98.31031,7.75864],[98.30485,7.76111],[98.30247,7.75926],[98.30629,7.77613],[98.30372,7.77922],[98.28791,7.77665],[98.28633,7.78068],[98.29063,7.78811],[98.28458,7.78887],[98.28469,7.79298],[98.29276,7.79425],[98.29883,7.80476],[98.29832,7.80993],[98.29551,7.81349],[98.29893,7.81505],[98.29791,7.81984],[98.29444,7.82392],[98.28918,7.82477],[98.29471,7.83355],[98.29178,7.85366],[98.28901,7.85927],[98.28213,7.86023],[98.28246,7.86573],[98.27637,7.86515],[98.27311,7.86862],[98.27179,7.87108],[98.27539,7.87694],[98.2724,7.8785],[98.27122,7.88326],[98.2648,7.88123],[98.2608,7.88685],[98.26367,7.89385],[98.26444,7.89189],[98.26997,7.89115],[98.27176,7.88748],[98.28096,7.88995],[98.28281,7.88787],[98.28609,7.88834],[98.28702,7.88484],[98.29387,7.89393],[98.29661,7.90973],[98.29149,7.9168],[98.28393,7.91706],[98.27528,7.92543],[98.27104,7.92622],[98.26883,7.92362],[98.2665,7.92618],[98.26213,7.92391],[98.26139,7.93474],[98.25816,7.93565],[98.26262,7.94927],[98.2677,7.94689],[98.27627,7.95083],[98.27783,7.94833],[98.28255,7.95373],[98.28316,7.96317],[98.27967,7.96392],[98.2793,7.96936],[98.27624,7.97038],[98.2785,7.97355],[98.27673,7.98217],[98.26991,7.98829],[98.28525,7.9846],[98.28971,7.98924],[98.29188,7.99636],[98.29259,8.01185],[98.28946,8.0282],[98.28455,8.03222],[98.27992,8.0301],[98.28444,8.03246],[98.28452,8.03601],[98.27604,8.03425],[98.2724,8.03841],[98.27218,8.04063],[98.2765,8.04338],[98.27716,8.05901],[98.27091,8.07131],[98.27336,8.07934],[98.28304,8.08618],[98.28941,8.08963],[98.2968,8.08934],[98.29837,8.09453],[98.29714,8.0996],[98.30149,8.10628],[98.30199,8.11855],[98.2966,8.15156],[98.28717,8.19044],[98.28352,8.19637],[98.28584,8.20013],[98.30239,8.19757],[98.3004,8.19243],[98.30418,8.19421],[98.29808,8.18946],[98.30556,8.19262],[98.31028,8.18617],[98.31397,8.1873],[98.32261,8.17895],[98.33815,8.17152],[98.33954,8.16318],[98.34517,8.15733],[98.34191,8.15552],[98.34196,8.151],[98.34317,8.14533],[98.34791,8.14395],[98.3452,8.12894],[98.34627,8.11843],[98.34967,8.1154],[98.35821,8.1229]],[[100.02029,13.74861],[100.02023,13.74854],[100.02105,13.74945],[100.02029,13.74861]],[[100.02372,13.73683],[100.02442,13.73778],[100.02483191437805,13.738446074313446],[100.02372,13.73683]],[[100.02533,13.73917],[100.02489,13.73854],[100.02483191437805,13.738446074313446],[100.02533,13.73917]],[[100.01618,13.50979],[100.0156,13.50997],[100.01422,13.51027],[100.01308,13.51064],[100.02501,13.50539],[100.02451,13.5058],[100.02213,13.50736],[100.021,13.50803],[100.02046,13.50828],[100.01895,13.50883],[100.01688,13.50957],[100.01618,13.50979]],[[100.01275,13.51108],[100.01145,13.51323],[100.01106,13.51381],[100.01017,13.51483],[100.00977,13.51528],[100.00956,13.51544],[100.00933,13.51554],[100.01308,13.51064],[100.01275,13.51108]],[[100.00009,13.50322],[100.00013,13.50326],[99.99987,13.50313],[99.99994,13.50312],[100.0,13.50316],[100.00009,13.50322]],[[99.99922,13.50346],[99.99877,13.50366],[99.99835,13.5038],[99.99987,13.50313],[99.99922,13.50346]],[[99.99789,13.50379],[99.99745,13.50376],[99.99683,13.50369],[99.99835,13.5038],[99.99789,13.50379]],[[99.99362,13.50785],[99.99359,13.50787],[99.99354,13.50785],[99.99347,13.50783],[99.99344,13.50781],[99.99367,13.50714],[99.99367,13.50775],[99.99365,13.50781],[99.99362,13.50785]],[[99.99136,13.50663],[99.99052,13.50611],[99.99021,13.50591],[99.98994,13.50566],[99.98979,13.50551],[99.99318,13.50763],[99.99136,13.50663]],[[99.98903,13.50472],[99.98847,13.5041],[99.98826,13.50386],[99.98903,13.50472]],[[99.988,13.50354],[99.98799,13.5035],[99.98808,13.50366],[99.988,13.50354]],[[99.9886,13.5006],[99.98906,13.50182],[99.98515,13.49831],[99.98725,13.49958],[99.988,13.50009],[99.9886,13.5006]],[[99.97413,13.49044],[99.97706,13.49361],[99.97626,13.49295],[99.97568,13.49242],[99.9752,13.4919],[99.97413,13.49044]],[[99.96888,13.49062],[99.97281,13.49026],[99.9725,13.49031],[99.9692,13.49075],[99.96888,13.49062]],[[99.96115,13.49642],[99.96106,13.49658],[99.96096,13.49675],[99.96087,13.49686],[99.96078,13.49688],[99.96325,13.49132],[99.96115,13.49642]],[[99.9604,13.49692],[99.95974,13.49691],[99.96078,13.49688],[99.9604,13.49692]],[[99.95927,13.4969],[99.95875,13.49685],[99.95974,13.49691],[99.95927,13.4969]],[[99.95479,13.49783],[99.95797,13.49689],[99.95699,13.49722],[99.95636,13.49741],[99.95519,13.49774],[99.95479,13.49783]],[[99.95454,13.49785],[99.95334,13.4979],[99.95479,13.49783],[99.95454,13.49785]],[[99.95072,13.49838],[99.95283,13.49795],[99.95142,13.49827],[99.95103,13.49835],[99.95072,13.49838]],[[99.95054,13.49836],[99.95009,13.49824],[99.94898,13.4979],[99.94864,13.49777],[99.94829,13.49764],[99.95072,13.49838],[99.95054,13.49836]],[[99.94088,13.49882],[99.9405,13.49882],[99.94004,13.49879],[99.93933,13.49871],[99.93851,13.49859],[99.93773,13.49846],[99.93702,13.49832],[99.93625,13.49818],[99.93589,13.49818],[99.94753,13.49752],[99.94494,13.49798],[99.94342,13.49833],[99.94202,13.49864],[99.94145,13.49874],[99.94088,13.49882]],[[99.93453,13.5008],[99.93387,13.50181],[99.93369,13.5029],[99.93272,13.5048],[99.92536,13.51382],[99.93589,13.49818],[99.93453,13.5008]],[[99.92508,13.51412],[99.92468,13.51433],[99.92418,13.51446],[99.92368,13.51456],[99.92316,13.51461],[99.92267,13.51462],[99.92204,13.51463],[99.92144,13.51455],[99.92091,13.51431],[99.92536,13.51382],[99.92508,13.51412]],[[99.91756,13.51178],[99.91681,13.51112],[99.91956,13.51334],[99.91756,13.51178]],[[99.91577,13.51031],[99.91492399999886,13.509643999999106],[99.91681,13.51112],[99.91577,13.51031]],[[99.91405,13.50896],[99.91483,13.50957],[99.91492399999886,13.509643999999106],[99.91405,13.50896]],[[99.93198,13.28401],[99.93214,13.2841],[99.93229,13.28417],[99.9313,13.28373],[99.93147,13.28379],[99.93165,13.28386],[99.93181,13.28393],[99.93198,13.28401]],[[99.93312,13.28461],[99.93327,13.28471],[99.93343,13.28482],[99.93357,13.28494],[99.93368,13.28508],[99.9337,13.28514],[99.9328,13.28443],[99.93296,13.28452],[99.93312,13.28461]],[[99.93379,13.28561],[99.93379,13.28564],[99.93377,13.28543],[99.93379,13.28561]],[[99.9337,13.28776],[99.93371,13.28798],[99.9337,13.28777],[99.9337,13.28776]],[[99.93384,13.28855],[99.93376,13.28828],[99.93377,13.28831],[99.93384,13.28855]],[[99.93421,13.28919],[99.93416,13.28912],[99.93393,13.28873],[99.93421,13.28919]],[[99.93515,13.2909],[99.93502,13.29063],[99.93506,13.2907],[99.93515,13.2909]],[[99.93634,13.29318],[99.93612,13.29301],[99.93585,13.29263],[99.93634,13.29318]],[[99.93744,13.29363],[99.93807,13.29399],[99.93694,13.2934],[99.93711,13.29347],[99.93728,13.29355],[99.93744,13.29363]],[[99.93841,13.29416],[99.93825,13.29407],[99.93809,13.29399],[99.9415,13.29534],[99.93958,13.29469],[99.93891,13.2944],[99.93858,13.29424],[99.93841,13.29416]],[[99.94348,13.29577],[99.94366,13.2958],[99.94384,13.29584],[99.94402,13.29588],[99.9442,13.29593],[99.94257,13.29563],[99.94293,13.29569],[99.9433,13.29574],[99.94348,13.29577]],[[99.94438,13.29597],[99.94456,13.29602],[99.94474,13.29608],[99.94491,13.29613],[99.94509,13.29619],[99.9442,13.29593],[99.94438,13.29597]],[[99.94543,13.29632],[99.9456,13.29639],[99.94526,13.29625],[99.94543,13.29632]],[[99.94831,13.29647],[99.94813,13.29653],[99.94838846153847,13.296437692307693],[99.94831,13.29647]],[[99.94848,13.2964],[99.94866,13.29633],[99.94883,13.29628],[99.94838846153847,13.296437692307693],[99.94848,13.2964]],[[99.94901,13.29623],[99.94919,13.29618],[99.94937,13.29614],[99.94883,13.29628],[99.94901,13.29623]],[[99.94955,13.29611],[99.94973,13.29608],[99.94992,13.29606],[99.9501,13.29604],[99.95029,13.29603],[99.95047,13.29602],[99.95066,13.29601],[99.94937,13.29614],[99.94955,13.29611]],[[99.95084,13.29602],[99.95102,13.29603],[99.95121,13.29605],[99.9514,13.29608],[99.95158,13.29612],[99.95175,13.29618],[99.95192,13.29625],[99.95209,13.29633],[99.95225,13.29643],[99.95242,13.29653],[99.95257,13.29664],[99.95066,13.29601],[99.95084,13.29602]],[[100.27174,14.02826],[100.27176,14.02829],[100.27186,14.02846],[100.27174,14.02826]],[[100.27174,14.02824],[100.27176,14.02796],[100.27174,14.02826],[100.27174,14.02824]],[[100.26905,13.99029],[100.26894,13.99085],[100.26892,13.99094],[100.26905,13.99029]],[[100.27012,13.988],[100.26978,13.98861],[100.26971,13.98872],[100.27012,13.988]],[[100.27479,13.98171],[100.274,13.98252],[100.27394,13.98258],[100.27479,13.98171]],[[100.27961,13.97708],[100.28005,13.97674],[100.27938,13.97726],[100.27961,13.97708]],[[100.28979,13.9684],[100.29027,13.96806],[100.29156,13.96716],[100.28979,13.9684]],[[100.29267,13.96654],[100.29196,13.96694],[100.29156,13.96716],[100.29267,13.96654]],[[100.29791,13.96295],[100.29803,13.96288],[100.29719,13.96338],[100.29791,13.96295]],[[100.28893,13.94958],[100.28832,13.94899],[100.28786,13.94854],[100.28893,13.94958]],[[100.28732,13.94732],[100.28753,13.94778],[100.28786,13.94854],[100.28732,13.94732]],[[100.28344,13.94321],[100.28284,13.9427],[100.28402,13.94369],[100.28344,13.94321]],[[100.27433,13.93485],[100.27452,13.93513],[100.27466,13.93534],[100.27433,13.93485]],[[100.29403,13.87578],[100.29396,13.87592],[100.29337,13.87709],[100.29403,13.87578]],[[100.31318,13.8347],[100.31369,13.83382],[100.31307,13.83489],[100.31318,13.8347]],[[100.31908,13.82261],[100.31907,13.82263],[100.31893,13.82283],[100.31908,13.82261]],[[100.32806,13.80399],[100.32883,13.80301],[100.32789,13.80421],[100.32806,13.80399]],[[100.91346,13.96101],[100.91242,13.94548],[100.91247,13.94616],[100.91346,13.96101]],[[100.33706,13.71281],[100.33687,13.71157],[100.337,13.7124],[100.33706,13.71281]],[[100.33642,13.70873],[100.33685,13.71144],[100.33195,13.70063],[100.33642,13.70873]],[[100.33368,13.68121],[100.33357,13.6817],[100.33367,13.68122],[100.33368,13.68121]],[[100.3394,13.65734],[100.33921,13.65563],[100.34112,13.65999],[100.34015,13.65874],[100.3394,13.65734]],[[100.34631,13.63993],[100.34648,13.63998],[100.34639,13.63996],[100.34631,13.63993]],[[100.34695,13.63998],[100.34676,13.64],[100.34685,13.63999],[100.34695,13.63998]],[[100.34829,13.63976],[100.34833,13.63977],[100.34836,13.63979],[100.34829,13.63976]],[[100.34898,13.63999],[100.34884,13.64],[100.34902,13.63998],[100.34898,13.63999]],[[100.34918,13.63992],[100.34911,13.63995],[100.34902,13.63998],[100.34918,13.63992]],[[100.34929,13.63984],[100.34934,13.63979],[100.34932,13.63981],[100.34929,13.63984]],[[100.34943,13.63968],[100.34939,13.63973],[100.34934,13.63979],[100.34943,13.63968]],[[100.34946,13.63962],[100.34949,13.63957],[100.34954,13.63951],[100.34946,13.63962]],[[100.35169,13.63879],[100.35182,13.63881],[100.35196,13.63885],[100.35169,13.63879]],[[100.35273,13.63907],[100.35295,13.63916],[100.35289,13.63914],[100.35273,13.63907]],[[100.35325,13.63929],[100.35367,13.63936],[100.35356,13.63935],[100.35325,13.63929]],[[100.35389,13.63935],[100.35378,13.63936],[100.35367,13.63936],[100.35389,13.63935]],[[100.3541,13.63931],[100.35399,13.63934],[100.35389,13.63935],[100.3541,13.63931]],[[100.35456,13.63908],[100.35461,13.63903],[100.35462,13.63902],[100.35456,13.63908]],[[100.35477,13.63882],[100.35484,13.63866],[100.35481,13.63874],[100.35477,13.63882]],[[100.35487,13.63858],[100.35489,13.63845],[100.35489,13.6385],[100.35487,13.63858]],[[100.35492,13.63806],[100.35491,13.63819],[100.35491,13.63811],[100.35492,13.63806]],[[100.355,13.63765],[100.35497,13.63776],[100.35498,13.63771],[100.355,13.63765]],[[100.35507,13.6374],[100.35506,13.63741],[100.35507,13.63739],[100.35507,13.6374]],[[100.35511,13.63728],[100.35518,13.63711],[100.35512,13.63726],[100.35511,13.63728]],[[100.3553,13.63687],[100.35525,13.63696],[100.35526,13.63692],[100.3553,13.63687]],[[100.3589,13.63647],[100.35849,13.63742],[100.35908,13.63605],[100.3589,13.63647]],[[100.3596,13.63482],[100.36041,13.63356],[100.36059,13.63329],[100.3596,13.63482]],[[100.36258,13.6334],[100.36207,13.63333],[100.36233,13.63336],[100.36258,13.6334]],[[100.3636,13.63362],[100.36397,13.63374],[100.36384,13.6337],[100.3636,13.63362]],[[100.36656,13.63381],[100.36584,13.63323],[100.36612,13.63345],[100.36656,13.63381]],[[100.37742,13.62078],[100.37578,13.6208],[100.37721,13.62078],[100.37742,13.62078]],[[100.37822,13.61826],[100.37839,13.61777],[100.37831,13.61802],[100.37822,13.61826]],[[100.37939,13.60974],[100.37943,13.60909],[100.37942,13.60941],[100.37939,13.60974]],[[100.37945,13.60845],[100.37944,13.60827],[100.37945,13.60841],[100.37945,13.60845]],[[100.37899,13.60135],[100.37896,13.60165],[100.37897,13.60155],[100.37899,13.60135]],[[100.37921,13.59705],[100.37922,13.5968],[100.37922,13.59697],[100.37921,13.59705]],[[100.3792,13.59647],[100.37922,13.59664],[100.37922,13.5968],[100.3792,13.59647]],[[100.37884,13.59507],[100.37889,13.59528],[100.37886,13.59518],[100.37884,13.59507]],[[100.37881,13.59475],[100.37882,13.59463],[100.37882,13.59464],[100.37881,13.59475]],[[100.37889,13.59432],[100.37892,13.59422],[100.37897,13.59412],[100.37889,13.59432]],[[100.37902,13.59402],[100.37907,13.59393],[100.37897,13.59412],[100.37902,13.59402]],[[100.37926,13.59361],[100.37919,13.59372],[100.37932,13.59351],[100.37926,13.59361]],[[100.38086,13.59192],[100.38112,13.59174],[100.38139,13.59157],[100.38086,13.59192]],[[100.3828,13.5908],[100.3825,13.59095],[100.38269,13.59085],[100.3828,13.5908]],[[100.38408,13.58968],[100.38413,13.58959],[100.38411,13.58963],[100.38408,13.58968]],[[100.38436,13.58909],[100.38426,13.58935],[100.38431,13.58922],[100.38436,13.58909]],[[100.38448,13.58856],[100.38449,13.58831],[100.38449,13.58842],[100.38448,13.58856]],[[100.38455,13.58767],[100.3845,13.58788],[100.38452,13.58778],[100.38455,13.58767]],[[100.38468,13.58738],[100.38474,13.58729],[100.38472,13.58732],[100.38468,13.58738]],[[100.38539,13.5862],[100.38534,13.58633],[100.38543,13.58606],[100.38539,13.5862]],[[100.38549,13.58573],[100.38552,13.58551],[100.38551,13.58565],[100.38549,13.58573]],[[100.38526,13.58184],[100.38525,13.58179],[100.38526,13.58181],[100.38526,13.58184]],[[100.38522,13.58148],[100.38521,13.58138],[100.3852,13.58116],[100.38522,13.58148]],[[100.38519,13.581],[100.38519,13.58094],[100.3852,13.58116],[100.38519,13.581]],[[100.38529,13.57983],[100.38526,13.57992],[100.38529,13.57982],[100.38529,13.57983]],[[100.38534,13.57962],[100.38539,13.57947],[100.38545,13.57933],[100.38534,13.57962]],[[100.38615,13.57828],[100.38619,13.57824],[100.38616,13.57827],[100.38615,13.57828]],[[100.38626,13.57814],[100.38633,13.57804],[100.38619,13.57824],[100.38626,13.57814]],[[100.38658,13.57737],[100.38661,13.57713],[100.3866,13.57725],[100.38658,13.57737]],[[100.38645,13.57635],[100.38637,13.57607],[100.38638,13.5761],[100.38645,13.57635]],[[100.38632,13.57588],[100.38631,13.57586],[100.38631,13.57585],[100.38632,13.57588]],[[100.38648,13.57482],[100.38638,13.57497],[100.38643,13.57489],[100.38648,13.57482]],[[100.38667,13.57463],[100.38654,13.57475],[100.3866,13.57469],[100.38667,13.57463]],[[100.38681,13.57454],[100.38677,13.57456],[100.38682,13.57453],[100.38681,13.57454]],[[100.38704,13.57444],[100.38699,13.57446],[100.38701,13.57445],[100.38704,13.57444]],[[100.38728,13.57426],[100.38734,13.57417],[100.38732,13.5742],[100.38728,13.57426]],[[100.3875,13.57336],[100.38751,13.57333],[100.38745,13.57356],[100.3875,13.57336]],[[100.38784,13.57271],[100.38792,13.57262],[100.38797,13.57257],[100.38784,13.57271]],[[100.38943,13.57106],[100.38936,13.57119],[100.38919,13.57145],[100.38943,13.57106]],[[100.3895,13.57092],[100.3895,13.57091],[100.38956,13.57078],[100.3895,13.57092]],[[100.38974,13.57036],[100.38981,13.57025],[100.38988,13.57014],[100.38974,13.57036]],[[100.39009,13.56989],[100.39014,13.56984],[100.39023,13.56976],[100.39009,13.56989]],[[100.39042,13.56953],[100.39033,13.56964],[100.39023,13.56976],[100.39042,13.56953]],[[100.39059,13.56928],[100.39051,13.5694],[100.39042,13.56953],[100.39059,13.56928]],[[100.39106,13.56691],[100.39112,13.56653],[100.39109,13.56672],[100.39106,13.56691]],[[100.39137,13.56571],[100.39131,13.56588],[100.39134,13.56579],[100.39137,13.56571]],[[100.39191,13.56456],[100.39167,13.56501],[100.39179,13.56478],[100.39191,13.56456]],[[100.39197,13.56443],[100.39225,13.56378],[100.39211,13.56411],[100.39197,13.56443]],[[100.39292,13.56182],[100.39295,13.5617],[100.39305,13.56137],[100.39292,13.56182]],[[100.39313,13.56107],[100.39308,13.56127],[100.39305,13.56137],[100.39313,13.56107]],[[100.39329,13.56046],[100.3934,13.56],[100.39334,13.56028],[100.39329,13.56046]],[[100.39346,13.55973],[100.39351,13.55954],[100.3934,13.56],[100.39346,13.55973]],[[100.39386,13.55738],[100.39391,13.55712],[100.39387,13.55734],[100.39386,13.55738]],[[100.39441,13.55558],[100.39451,13.55537],[100.39424,13.55601],[100.39441,13.55558]],[[100.39598,13.55353],[100.39611,13.55345],[100.39625,13.55337],[100.39598,13.55353]],[[100.3964,13.55329],[100.39647,13.55326],[100.39625,13.55337],[100.3964,13.55329]],[[100.39684,13.55311],[100.39665,13.55318],[100.39669,13.55316],[100.39684,13.55311]],[[100.39763,13.55294],[100.39742,13.55297],[100.39747,13.55296],[100.39763,13.55294]],[[100.39853,13.5529],[100.39876,13.55287],[100.39871,13.55288],[100.39853,13.5529]],[[100.40019,13.55274],[100.40042,13.55275],[100.40026,13.55275],[100.40019,13.55274]],[[100.40227,13.55296],[100.40198,13.55291],[100.40212,13.55293],[100.40227,13.55296]],[[100.40273,13.55311],[100.40282,13.55315],[100.40255,13.55304],[100.40273,13.55311]],[[100.40383,13.55392],[100.4037,13.55379],[100.40393,13.55401],[100.40383,13.55392]],[[100.40413,13.55416],[100.40403,13.55409],[100.40393,13.55401],[100.40413,13.55416]],[[100.40522,13.5545],[100.40543,13.55451],[100.40528,13.55451],[100.40522,13.5545]],[[100.40682,13.55474],[100.40628,13.55462],[100.40655,13.55468],[100.40682,13.55474]],[[100.40867,13.55474],[100.40851,13.5547],[100.40859,13.55472],[100.40867,13.55474]],[[100.40926,13.55487],[100.40939,13.55488],[100.40913,13.55486],[100.40926,13.55487]],[[100.41201,13.55591],[100.41183,13.55574],[100.41195,13.55585],[100.41201,13.55591]],[[100.41217,13.55608],[100.41231,13.55626],[100.41227,13.55621],[100.41217,13.55608]],[[100.41271,13.55685],[100.41283,13.557],[100.41274,13.5569],[100.41271,13.55685]],[[100.41298,13.55713],[100.4129,13.55707],[100.41283,13.557],[100.41298,13.55713]],[[100.41323,13.55728],[100.41342,13.55734],[100.41332,13.55731],[100.41323,13.55728]],[[100.41356,13.55737],[100.41371,13.55738],[100.41361,13.55738],[100.41356,13.55737]],[[100.4141,13.55734],[100.41428,13.55727],[100.41419,13.55731],[100.4141,13.55734]],[[100.41448,13.55716],[100.41464,13.55705],[100.41456,13.55711],[100.41448,13.55716]],[[100.41506,13.5559],[100.41506,13.55592],[100.41505,13.55581],[100.41506,13.5559]],[[100.41497,13.55411],[100.41504,13.55579],[100.415,13.55495],[100.41497,13.55411]],[[100.41503,13.55322],[100.41498,13.55358],[100.415,13.5534],[100.41503,13.55322]],[[100.41509,13.55291],[100.41516,13.5527],[100.41511,13.55287],[100.41509,13.55291]],[[100.41561,13.55171],[100.4157,13.55156],[100.41571,13.55155],[100.41561,13.55171]],[[100.41592,13.55127],[100.41607,13.55109],[100.41604,13.55113],[100.41592,13.55127]],[[100.41747,13.54942],[100.41765,13.54922],[100.41749,13.5494],[100.41747,13.54942]],[[100.41871,13.54775],[100.41861,13.54791],[100.41875,13.54768],[100.41871,13.54775]],[[100.41906,13.54711],[100.419,13.54721],[100.41928,13.54664],[100.41906,13.54711]],[[100.41934,13.54648],[100.41935,13.54645],[100.4194,13.54631],[100.41934,13.54648]],[[100.41954,13.54562],[100.41955,13.54552],[100.41956,13.5455],[100.41954,13.54562]],[[100.41943,13.54409],[100.41938,13.54392],[100.41931,13.54364],[100.41943,13.54409]],[[100.41918,13.54324],[100.41922,13.54335],[100.41931,13.54364],[100.41918,13.54324]],[[100.419,13.54271],[100.4189,13.54246],[100.41894,13.54254],[100.419,13.54271]],[[100.41879,13.54221],[100.41861,13.54189],[100.4187,13.54204],[100.41879,13.54221]],[[100.41818,13.54129],[100.4179,13.541],[100.41804,13.54114],[100.41818,13.54129]],[[100.41743,13.5406],[100.41719,13.54041],[100.41727,13.54047],[100.41743,13.5406]],[[100.41598,13.53977],[100.41579,13.53967],[100.41576,13.53965],[100.41598,13.53977]],[[100.41081,13.53802],[100.41103,13.53802],[100.41148,13.53805],[100.41081,13.53802]],[[100.41037,13.53797],[100.41034,13.53796],[100.41026,13.53793],[100.41037,13.53797]],[[100.41019,13.53789],[100.41012,13.53784],[100.41026,13.53793],[100.41019,13.53789]],[[100.40988,13.5376],[100.40999,13.53773],[100.40993,13.53767],[100.40988,13.5376]],[[100.40977,13.53738],[100.40984,13.53753],[100.4098,13.53746],[100.40977,13.53738]],[[100.40963,13.53627],[100.40965,13.53649],[100.40963,13.53631],[100.40963,13.53627]],[[100.40752,13.53581],[100.40761,13.53583],[100.40759,13.53583],[100.40752,13.53581]],[[100.40711,13.53543],[100.40715,13.5355],[100.40714,13.53549],[100.40711,13.53543]],[[100.40705,13.53511],[100.40703,13.53477],[100.40705,13.53508],[100.40705,13.53511]],[[100.40707,13.53305],[100.40703,13.53376],[100.40705,13.53333],[100.40707,13.53305]],[[100.40711,13.53278],[100.40718,13.53203],[100.40714,13.53253],[100.40711,13.53278]],[[100.40724,13.53122],[100.40726,13.53079],[100.40729,13.53041],[100.40724,13.53122]],[[100.40729,13.53035],[100.4073,13.53017],[100.40729,13.53041],[100.40729,13.53035]],[[100.40733,13.52981],[100.40731,13.52999],[100.40731,13.52995],[100.40733,13.52981]],[[100.40748,13.52883],[100.40749,13.52843],[100.40749,13.52863],[100.40748,13.52883]],[[100.40744,13.52342],[100.40746,13.52372],[100.40744,13.52346],[100.40744,13.52342]],[[100.40741,13.52306],[100.40738,13.52292],[100.40739,13.52294],[100.40741,13.52306]],[[100.40725,13.52236],[100.40714,13.52202],[100.4072,13.52219],[100.40725,13.52236]],[[100.40688,13.52136],[100.40698,13.52165],[100.4069,13.52142],[100.40688,13.52136]],[[100.40658,13.52025],[100.40666,13.5206],[100.40663,13.52049],[100.40658,13.52025]],[[100.40642,13.51831],[100.40644,13.51875],[100.40642,13.51832],[100.40642,13.51831]],[[100.40697,13.50432],[100.40705,13.5041],[100.40701,13.50422],[100.40697,13.50432]],[[100.40796,13.50194],[100.40788,13.50213],[100.40788,13.50212],[100.40796,13.50194]],[[100.40819,13.5015],[100.40805,13.50176],[100.40814,13.50158],[100.40819,13.5015]],[[100.86141,13.69814],[100.86091,13.69831],[100.85947,13.69879],[100.86141,13.69814]],[[100.87277,13.72895],[100.8713,13.72693],[100.86947,13.72355],[100.87277,13.72895]],[[100.8783,13.73787],[100.87904,13.73901],[100.87833,13.73793],[100.8783,13.73787]],[[100.90702,13.78645],[100.90716,13.78667],[100.90719,13.78672],[100.90702,13.78645]],[[100.91013,13.83613],[100.91802,13.83007],[100.9073,13.83855],[100.91013,13.83613]],[[100.9128,13.8463],[100.9126,13.84639],[100.91152,13.84684],[100.9128,13.8463]],[[100.90534,13.85907],[100.90519,13.85632],[100.90585,13.86025],[100.90534,13.85907]],[[100.90738,13.89229],[100.90761,13.89701],[100.90758,13.89646],[100.90738,13.89229]],[[100.87119,13.48988],[100.87095,13.48981],[100.85243,13.48435],[100.87119,13.48988]],[[100.87247,13.50636],[100.87262,13.50563],[100.87275,13.50503],[100.87247,13.50636]],[[100.87165,13.51349],[100.87187,13.51426],[100.87129,13.51225],[100.87165,13.51349]],[[100.87336,13.52644],[100.87277,13.52467],[100.87509,13.53162],[100.87336,13.52644]],[[100.87973,13.54655],[100.8799,13.54687],[100.87939,13.54593],[100.87973,13.54655]],[[100.88969,13.56339],[100.89014,13.56448],[100.8902,13.56463],[100.88969,13.56339]],[[100.90311,13.55481],[100.90368,13.55473],[100.90304,13.55482],[100.90311,13.55481]],[[100.90471,13.55536],[100.90463,13.5553],[100.90432,13.55506],[100.90471,13.55536]],[[100.91419,13.56993],[100.91338,13.56868],[100.90511,13.55586],[100.91419,13.56993]],[[100.91487,13.57135],[100.91502,13.5718],[100.91507,13.57197],[100.91487,13.57135]],[[100.91506,13.57215],[100.91499,13.57285],[100.91507,13.57197],[100.91506,13.57215]],[[100.9142,13.57534],[100.91371,13.57614],[100.91446,13.57491],[100.9142,13.57534]],[[100.9119,13.5786],[100.91194,13.57854],[100.91285,13.57729],[100.9119,13.5786]],[[100.91032,13.59292],[100.90988,13.59283],[100.90966,13.59278],[100.91032,13.59292]],[[100.91948,13.59477],[100.91977,13.59478],[100.9191,13.59476],[100.91948,13.59477]],[[100.92108,13.59448],[100.92134,13.59435],[100.92095,13.59455],[100.92108,13.59448]],[[100.96251,13.64201],[100.9624,13.64027],[100.96239,13.6401],[100.96251,13.64201]],[[100.95415,13.65978],[100.95379,13.65872],[100.95376,13.65862],[100.95415,13.65978]],[[100.91774,13.67622],[100.90205,13.68158],[100.91854,13.67594],[100.91774,13.67622]],[[100.33616,13.72308],[100.33561,13.72556],[100.33621,13.72285],[100.33616,13.72308]],[[100.33615,13.72622],[100.33617,13.72626],[100.33613,13.72619],[100.33615,13.72622]],[[100.33623,13.72699],[100.33621,13.72709],[100.33622,13.72703],[100.33623,13.72699]],[[100.33527,13.73172],[100.33532,13.73182],[100.33529,13.73177],[100.33527,13.73172]],[[100.3354,13.73192],[100.33547,13.73197],[100.33545,13.73196],[100.3354,13.73192]],[[100.33624,13.73404],[100.33615,13.73422],[100.33619,13.73413],[100.33624,13.73404]],[[100.33523,13.73574],[100.33527,13.73565],[100.3353,13.7356],[100.33523,13.73574]],[[100.33501,13.73632],[100.33506,13.73617],[100.33511,13.73603],[100.33501,13.73632]],[[100.33508,13.7373],[100.33504,13.73724],[100.335,13.73717],[100.33508,13.7373]],[[100.33511,13.73734],[100.33539,13.73756],[100.33525,13.73745],[100.33511,13.73734]],[[100.33564,13.73822],[100.33559,13.73867],[100.33561,13.73844],[100.33564,13.73822]],[[100.33517,13.74399],[100.33538,13.74176],[100.33528,13.74287],[100.33517,13.74399]],[[100.33505,13.74693],[100.33504,13.74654],[100.33505,13.7468],[100.33505,13.74693]],[[100.33477,13.74935],[100.33486,13.74905],[100.33482,13.7492],[100.33477,13.74935]],[[100.33469,13.74963],[100.3347,13.74958],[100.33477,13.74935],[100.33469,13.74963]],[[100.33447,13.75076],[100.33445,13.75098],[100.33445,13.75092],[100.33447,13.75076]],[[100.33343,13.75279],[100.33346,13.75277],[100.33349,13.75276],[100.33343,13.75279]],[[100.33297,13.75743],[100.33295,13.75757],[100.33295,13.75755],[100.33297,13.75743]],[[100.33289,13.7578],[100.33292,13.75771],[100.33291,13.75776],[100.33289,13.7578]],[[100.33278,13.75791],[100.33283,13.75788],[100.33279,13.75791],[100.33278,13.75791]],[[100.33207,13.75837],[100.33209,13.75809],[100.33209,13.7581],[100.33207,13.75837]],[[100.33063,13.76446],[100.33068,13.76438],[100.33066,13.76442],[100.33063,13.76446]],[[100.3301,13.7646],[100.32991,13.76461],[100.33042,13.76458],[100.3301,13.7646]],[[100.33075,13.7745],[100.33076,13.77462],[100.33059,13.77297],[100.33075,13.7745]],[[100.33094,13.78937],[100.33085,13.78851],[100.33076,13.7875],[100.33094,13.78937]],[[100.34054,14.1215],[100.34014,14.12194],[100.34034,14.12172],[100.34054,14.1215]],[[100.34423,14.1156],[100.34436,14.11535],[100.34436,14.11536],[100.34423,14.1156]],[[100.39702,14.11593],[100.3977,14.11553],[100.39726,14.11579],[100.39702,14.11593]],[[100.41559,14.11457],[100.41647,14.11437],[100.41644,14.11438],[100.41559,14.11457]],[[100.46415,14.1124],[100.46336,14.11259],[100.4634,14.11258],[100.46415,14.1124]],[[100.51926,14.12616],[100.51962,14.12596],[100.51941,14.12608],[100.51926,14.12616]],[[100.52035,14.12529],[100.51999,14.12553],[100.52015,14.12542],[100.52035,14.12529]],[[100.53778,14.11736],[100.53919,14.11714],[100.53902,14.11717],[100.53778,14.11736]],[[100.55001,14.11068],[100.55062,14.11056],[100.55018,14.11065],[100.55001,14.11068]],[[100.55274,14.11691],[100.55262,14.11698],[100.5527,14.11693],[100.55274,14.11691]],[[100.55217,14.11746],[100.5522,14.11732],[100.5522,14.11733],[100.55217,14.11746]],[[100.55786,14.1193],[100.55794,14.11919],[100.55792,14.11922],[100.55786,14.1193]],[[100.63115,14.14867],[100.62578,14.14583],[100.63109,14.14863],[100.63115,14.14867]],[[100.84168,14.25167],[100.84597,14.25371],[100.84586,14.25366],[100.84168,14.25167]],[[100.89133,14.25127],[100.89165,14.27547],[100.89157,14.26955],[100.89133,14.25127]],[[100.8916,14.24922],[100.89228,14.24408],[100.89133,14.25127],[100.8916,14.24922]],[[100.30447,14.13839],[100.30278,14.13907],[100.30387,14.13863],[100.30447,14.13839]],[[100.3072,14.1363],[100.3085,14.13579],[100.30834,14.13586],[100.3072,14.1363]],[[100.31203,14.13377],[100.31365,14.13306],[100.31297,14.13336],[100.31203,14.13377]],[[100.95102,14.26155],[100.95087,14.26148],[100.95105,14.26156],[100.95102,14.26155]],[[100.94558,14.24766],[100.94624,14.24518],[100.94671,14.24345],[100.94558,14.24766]],[[100.9469,14.23763],[100.94689,14.23775],[100.94682,14.23824],[100.9469,14.23763]],[[100.91398,14.18248],[100.91399,14.1828],[100.91406,14.18924],[100.91398,14.18248]],[[100.91383,14.17409],[100.91389,14.17732],[100.91394,14.18008],[100.91383,14.17409]],[[100.91367,14.15679],[100.91368,14.15567],[100.91365,14.16263],[100.91367,14.15679]],[[100.91366,14.1546],[100.91354,14.14504],[100.91368,14.15567],[100.91366,14.1546]],[[100.91421,14.13589],[100.91364,14.14372],[100.91354,14.14504],[100.91421,14.13589]],[[100.91428,14.09954],[100.91428,14.09961],[100.91423,14.13563],[100.91428,14.09954]],[[100.91428,14.09741],[100.9143,14.08507],[100.91428,14.09931],[100.91428,14.09741]],[[100.91424,14.06802],[100.91424,14.06737],[100.91429,14.0838],[100.91424,14.06802]],[[100.91375,14.00832],[100.91376,14.00852],[100.91407,14.01596],[100.91375,14.00832]],[[101.94837,16.84205],[101.94848,16.8419],[101.94871,16.84161],[101.94828,16.8422],[101.94818,16.84236],[101.94809,16.84251],[101.94798,16.84266],[101.94837,16.84205]],[[101.94786,16.8428],[101.94774,16.84294],[101.94761,16.84307],[101.94798,16.84266],[101.94786,16.8428]],[[101.94749,16.84321],[101.94736,16.84334],[101.94761,16.84307],[101.94749,16.84321]],[[101.94702,16.84377],[101.94712,16.84362],[101.94699284482756,16.843818275862112],[101.94702,16.84377]],[[101.94693,16.84393],[101.94684,16.84409],[101.94674,16.84424],[101.94664,16.84439],[101.94653,16.84454],[101.94699284482756,16.843818275862112],[101.94693,16.84393]],[[101.9464,16.84468],[101.94626,16.84479],[101.94653,16.84454],[101.9464,16.84468]],[[101.94611,16.8449],[101.94579,16.84509],[101.94531,16.84538],[101.94626,16.84479],[101.94611,16.8449]],[[101.94497,16.8458],[101.94516,16.8455],[101.94531,16.84538],[101.94497,16.8458]],[[101.96324,16.85079],[101.96296,16.84969],[101.96316,16.85042],[101.96324,16.85079]],[[101.9628,16.8492],[101.96275,16.84903],[101.96274,16.84897],[101.9628,16.8492]],[[101.96954,16.84462],[101.96951,16.84455],[101.96941,16.84418],[101.96954,16.84462]],[[101.97937,16.84359],[101.97925,16.84345],[101.97917,16.84335],[101.97937,16.84359]],[[101.98021,16.84072],[101.98041,16.84131],[101.98035,16.84117],[101.98021,16.84072]],[[101.98127,16.84293],[101.98113,16.84268],[101.98165,16.84333],[101.98127,16.84293]],[[101.98772,16.84319],[101.98775,16.84326],[101.98688,16.84242],[101.98759,16.84305],[101.98772,16.84319]],[[101.99121,16.84106],[101.99112,16.84081],[101.99116,16.84089],[101.99121,16.84106]],[[101.99099,16.84037],[101.99102,16.84055],[101.99098,16.84036],[101.99099,16.84037]],[[101.99524,16.8446],[101.99543,16.84483],[101.99531,16.8447],[101.99524,16.8446]],[[101.99607,16.84911],[101.99782,16.84803],[101.99749,16.8484],[101.99702,16.84876],[101.99607,16.84911]],[[101.99591,16.85017],[101.99589,16.85011],[101.99591,16.85016],[101.99591,16.85017]],[[102.00186,16.85688],[102.00216,16.85774],[102.00196,16.8573],[102.00186,16.85688]],[[102.00247,16.85903],[102.00236,16.8591],[102.00226,16.85785],[102.00247,16.85903]],[[102.00227,16.85912],[102.00214,16.85914],[102.00193,16.85914],[102.00179,16.85912],[102.00236,16.8591],[102.00227,16.85912]],[[102.00144,16.85905],[102.00094,16.85889],[102.00059,16.85877],[102.00179,16.85912],[102.00144,16.85905]],[[101.999,16.85964],[101.99933,16.86024],[101.99907,16.8599],[101.999,16.85964]],[[102.00463,16.86262],[102.00466,16.86397],[102.0046,16.86372],[102.00463,16.86262]],[[102.0095,16.86937],[102.00912,16.86897],[102.00914,16.86899],[102.0095,16.86937]],[[102.01841,16.86676],[102.01829,16.86752],[102.01821,16.86548],[102.01841,16.86613],[102.01841,16.86676]],[[102.04318,16.86527],[102.04353,16.86426],[102.04476,16.86294],[102.04318,16.86527]],[[102.04372,16.86661],[102.04435,16.86755],[102.04391,16.86695],[102.04372,16.86661]],[[102.04886,16.86807],[102.0484,16.86753],[102.04846,16.8676],[102.04886,16.86807]],[[102.05942,16.87066],[102.05946,16.87122],[102.05884,16.87199],[102.05942,16.87066]],[[102.0626,16.88683],[102.06226,16.88577],[102.06298,16.88172],[102.0626,16.88683]],[[102.06655,16.88678],[102.06676,16.88698],[102.06727,16.88815],[102.06655,16.88678]],[[102.07022,16.88733],[102.0701,16.88719],[102.0697,16.88656],[102.07022,16.88733]],[[102.07937,16.88849],[102.0799,16.88883],[102.08,16.8889],[102.07937,16.88849]],[[102.09725,16.89176],[102.09711,16.89148],[102.09721,16.89167],[102.09725,16.89176]],[[102.14068,16.87864],[102.14068,16.87861],[102.14086,16.87911],[102.14079,16.87895],[102.14068,16.87864]],[[102.14443,16.87773],[102.14468,16.87722],[102.14366,16.88019],[102.14395,16.8789],[102.14418,16.87827],[102.14443,16.87773]],[[102.14465,16.87684],[102.14468,16.87701],[102.14468,16.87722],[102.14465,16.87684]],[[102.15803,16.87471],[102.15795,16.87449],[102.15857,16.87521],[102.15839,16.87504],[102.15824,16.87492],[102.15803,16.87471]],[[102.1766,16.86879],[102.17657,16.86871],[102.1765,16.86847],[102.17649,16.86824],[102.17651,16.86793],[102.17663,16.86724],[102.1766,16.86879]],[[102.18389,16.86768],[102.18387,16.86749],[102.1839,16.86771],[102.18389,16.86768]],[[102.1855,16.86512],[102.18557,16.86575],[102.1855,16.8652],[102.1855,16.86512]],[[102.18533,16.86341],[102.18537,16.86356],[102.18541,16.86409],[102.18533,16.86341]],[[102.19993,16.86005],[102.2,16.86018],[102.20002,16.86026],[102.19993,16.86005]],[[102.21405,16.8603],[102.21357,16.86046],[102.21552,16.85977],[102.21534,16.85992],[102.21517,16.86002],[102.21496,16.86013],[102.21469,16.86019],[102.21405,16.8603]],[[102.22103,16.8656],[102.22126,16.86622],[102.22128,16.86736],[102.22103,16.8656]],[[102.22129,16.86767],[102.22128,16.86737],[102.2215,16.86818],[102.22129,16.86767]],[[102.22514,16.8705],[102.22587,16.8698],[102.22519,16.87122],[102.22504,16.8707],[102.22514,16.8705]],[[102.22785,16.87405],[102.22826,16.87386],[102.22719,16.87459],[102.22733,16.87432],[102.22742,16.87426],[102.22785,16.87405]],[[102.23367,16.87856],[102.23396,16.87795],[102.23479,16.87674],[102.23367,16.87856]],[[102.24089,16.87798],[102.24099,16.87854],[102.2409,16.87807],[102.24089,16.87798]],[[102.24447,16.88073],[102.24451,16.88022],[102.24465,16.87981],[102.24489,16.87925],[102.24554,16.87837],[102.24572,16.87819],[102.24447,16.88073]],[[102.24857,16.88269],[102.2496,16.87921],[102.24952,16.8803],[102.24857,16.88269]],[[102.24922,16.88386],[102.24933,16.88413],[102.24951,16.88508],[102.24922,16.88386]],[[102.24807,16.88732],[102.24953,16.88545],[102.24933,16.88603],[102.24807,16.88732]],[[102.2495,16.89102],[102.24977,16.88979],[102.24993,16.88931],[102.2495,16.89102]],[[102.25315,16.89382],[102.25324,16.89325],[102.25424,16.89195],[102.25315,16.89382]],[[102.28715,16.89139],[102.28711,16.89099],[102.28714,16.89112],[102.28715,16.89139]],[[102.29593,16.88957],[102.29601,16.88987],[102.29602,16.88991],[102.29593,16.88957]],[[102.29374,16.88827],[102.29402,16.88826],[102.29445,16.88829],[102.29513,16.88844],[102.29532,16.8886],[102.29541,16.88871],[102.29332,16.88832],[102.29321,16.88833],[102.29374,16.88827]],[[102.29306,16.8883],[102.29299,16.88827],[102.2929,16.88822],[102.29283,16.88816],[102.29275,16.88808],[102.29312,16.88832],[102.29306,16.8883]],[[102.2923,16.88683],[102.29244,16.88714],[102.29195,16.88644],[102.29208,16.88656],[102.2923,16.88683]],[[102.29263,16.8879],[102.29251,16.88755],[102.29244,16.88714],[102.29263,16.8879]],[[102.2927,16.88801],[102.29269,16.888],[102.29263,16.8879],[102.2927,16.88801]],[[102.29112,16.88588],[102.2913,16.88596],[102.29143,16.88604],[102.29165,16.88619],[102.29176,16.88627],[102.29077,16.88573],[102.29112,16.88588]],[[102.3036,16.8816],[102.30405,16.88174],[102.30525,16.88221],[102.3036,16.8816]],[[102.30318,16.88143],[102.30277,16.88119],[102.30245,16.88089],[102.30234,16.88073],[102.3036,16.8816],[102.30318,16.88143]],[[102.3071,16.88256],[102.30733,16.88262],[102.3076,16.88272],[102.30525,16.88221],[102.3071,16.88256]],[[102.31019,16.87118],[102.30986,16.87067],[102.30996,16.87081],[102.31019,16.87118]],[[102.32458,16.86645],[102.32458,16.86646],[102.32444,16.86567],[102.32458,16.86645]],[[102.32335,16.86448],[102.32386,16.86492],[102.32404,16.8651],[102.32113,16.86304],[102.32169,16.86326],[102.32215,16.86353],[102.32253,16.86378],[102.32335,16.86448]],[[102.31918,16.86176],[102.31959,16.86213],[102.31945,16.86204],[102.31927,16.86188],[102.31918,16.86176]],[[102.31868,16.85903],[102.31858,16.85896],[102.3185,16.8589],[102.31845,16.85881],[102.3197,16.85914],[102.32011,16.85946],[102.31868,16.85903]],[[102.31816,16.85799],[102.31827,16.85845],[102.31797,16.85741],[102.31816,16.85799]],[[102.31605,16.85542],[102.31602,16.85527],[102.31622,16.85567],[102.31605,16.85542]],[[102.3172,16.85633],[102.31646,16.85585],[102.31686,16.85607],[102.31707,16.85623],[102.3172,16.85633]],[[102.33193,16.84923],[102.33193,16.84924],[102.33184,16.84879],[102.33193,16.84923]],[[102.33161,16.84846],[102.33168,16.84855],[102.32815,16.84852],[102.33109,16.84839],[102.33148,16.8484],[102.33161,16.84846]],[[102.32749,16.84841],[102.32637,16.8482],[102.32815,16.84852],[102.32749,16.84841]],[[102.32562,16.84798],[102.32494,16.84768],[102.32449,16.84748],[102.32398,16.84725],[102.32367,16.84705],[102.32342,16.84679],[102.32335,16.84669],[102.32637,16.8482],[102.32562,16.84798]],[[102.33685,16.83243],[102.33958,16.83339],[102.33831,16.83308],[102.33685,16.83243]],[[102.33904,16.82605],[102.33894,16.82586],[102.33854,16.82498],[102.33904,16.82605]],[[102.34781,16.81918],[102.34797,16.81957],[102.3474,16.81841],[102.34709,16.81771],[102.34781,16.81918]],[[102.34908,16.82627],[102.34908,16.82573],[102.34979,16.82364],[102.34908,16.82627]],[[102.34934,16.82682],[102.3494,16.82664],[102.34921,16.82737],[102.34923,16.82721],[102.34926,16.82706],[102.34934,16.82682]],[[102.37946,16.81243],[102.37964,16.81321],[102.37949,16.81345],[102.37946,16.81243]],[[102.39257,16.81169],[102.39238,16.81083],[102.39278,16.81245],[102.39257,16.81169]],[[102.44907,16.79673],[102.44949,16.79355],[102.45001,16.795],[102.44963,16.79545],[102.44937,16.79567],[102.44907,16.79673]],[[102.44769,16.80219],[102.44783,16.80161],[102.44812,16.80105],[102.44769,16.80219]],[[102.44849,16.80049],[102.44893,16.80002],[102.44812,16.80105],[102.44849,16.80049]],[[102.44821,16.80361],[102.44857,16.80402],[102.44827,16.80368],[102.44821,16.80361]],[[101.95564,16.63093],[101.95578,16.63062],[101.95577,16.63073],[101.95564,16.63093]],[[101.95512,16.63023],[101.95506,16.63011],[101.95504,16.63006],[101.95512,16.63023]],[[101.95575,16.62894],[101.95505,16.62964],[101.95638,16.62716],[101.95659,16.6277],[101.95628,16.6282],[101.95575,16.62894]],[[101.9524,16.62196],[101.95229,16.62172],[101.95233,16.62135],[101.95249,16.62102],[101.95269,16.62079],[101.95288,16.62065],[101.9532,16.62054],[101.95234,16.62212],[101.95123,16.62284],[101.9524,16.62196]],[[101.95286,16.62269],[101.95289,16.62277],[101.95286,16.62271],[101.95286,16.62269]],[[101.95293,16.62283],[101.9553,16.62191],[101.95336,16.62291],[101.95293,16.62283]],[[101.95556,16.62048],[101.9547,16.62096],[101.95588,16.62],[101.95585,16.62016],[101.95556,16.62048]],[[101.95587,16.61998],[101.95577,16.61977],[101.95584,16.61984],[101.95587,16.61998]],[[101.95533,16.61731],[101.95417,16.61998],[101.95467,16.61801],[101.95489,16.61767],[101.95533,16.61731]],[[101.95629,16.61671],[101.95661,16.61662],[101.95704,16.61671],[101.95746,16.61709],[101.9578,16.61746],[101.95533,16.61731],[101.95629,16.61671]],[[101.9582,16.61995],[101.95798,16.61984],[101.96099,16.61668],[101.96092,16.61784],[101.96066,16.61819],[101.96025,16.61868],[101.95982,16.61898],[101.95921,16.6195],[101.9587,16.61989],[101.95844,16.61996],[101.9582,16.61995]],[[101.962,16.61554],[101.96218,16.61569],[101.9609,16.61621],[101.962,16.61554]],[[101.96371,16.61761],[101.96348,16.61763],[101.96386,16.61538],[101.96392,16.61511],[101.9638,16.61745],[101.96371,16.61761]],[[101.9641,16.61498],[101.96436,16.61495],[101.96473,16.61521],[101.96514,16.61552],[101.96392,16.61511],[101.9641,16.61498]],[[101.96569,16.61593],[101.96582,16.61607],[101.96599,16.61629],[101.96569,16.61593]],[[101.9657,16.61872],[101.96596,16.61875],[101.96565,16.61873],[101.9657,16.61872]],[[101.96502,16.61919],[101.96488,16.61925],[101.9648,16.61923],[101.96474,16.6192],[101.96565,16.61873],[101.96502,16.61919]],[[101.96813,16.61726],[101.96822,16.61713],[101.96788,16.61781],[101.96813,16.61726]],[[101.96831,16.61711],[101.96843,16.61709],[101.9686,16.61709],[101.96873,16.61711],[101.96881,16.61715],[101.96822,16.61713],[101.96831,16.61711]],[[101.96869,16.61799],[101.97041,16.61738],[101.96901,16.61801],[101.96869,16.61799]],[[101.97078,16.61621],[101.97049,16.6164],[101.97112,16.61524],[101.97099,16.61599],[101.97091,16.6161],[101.97078,16.61621]],[[101.96852,16.61404],[101.9685,16.61384],[101.96862,16.61427],[101.96852,16.61404]],[[101.9698,16.6111],[101.96986,16.61109],[101.96991,16.61109],[101.96998,16.61112],[101.97004,16.61116],[101.9685,16.61382],[101.9697,16.61116],[101.96975,16.61112],[101.9698,16.6111]],[[101.97011,16.61124],[101.97015,16.6113],[101.97017,16.61138],[101.97011,16.61124]],[[101.97025,16.61263],[101.97009,16.61216],[101.97075,16.61333],[101.9705,16.61312],[101.97025,16.61263]],[[101.97178,16.61443],[101.97198,16.6147],[101.97183,16.61451],[101.97178,16.61443]],[[101.97285,16.61412],[101.97292,16.61401],[101.97278,16.61443],[101.97269,16.61459],[101.97251,16.61469],[101.9724,16.61474],[101.97227,16.6148],[101.97215,16.6148],[101.97203,16.61477],[101.97285,16.61412]],[[101.97303,16.61397],[101.97369,16.61394],[101.97292,16.61401],[101.97303,16.61397]],[[101.97394,16.61376],[101.97387,16.61383],[101.97369,16.61394],[101.97394,16.61376]],[[101.97431,16.61291],[101.97422,16.61336],[101.9741,16.61357],[101.97394,16.61376],[101.97431,16.61291]],[[101.97439,16.6128],[101.97446,16.61273],[101.97459,16.61265],[101.97431,16.61291],[101.97439,16.6128]],[[101.97484,16.61262],[101.97509,16.61263],[101.97547,16.61265],[101.97572,16.61267],[101.97459,16.61265],[101.97484,16.61262]],[[101.9764,16.61086],[101.97608,16.61238],[101.97615,16.61181],[101.9763,16.61112],[101.97634,16.61097],[101.9764,16.61086]],[[101.9765,16.61076],[101.97667,16.61064],[101.97706,16.61046],[101.97746,16.61031],[101.97765,16.61024],[101.9764,16.61086],[101.9765,16.61076]],[[101.97737,16.60952],[101.97764,16.60988],[101.97748,16.60968],[101.97737,16.60952]],[[101.97889,16.60737],[101.97722,16.6092],[101.97782,16.60796],[101.97889,16.60737]],[[101.97882,16.60725],[101.97879,16.60719],[101.9788,16.6072],[101.97882,16.60725]],[[101.97815,16.60383],[101.97811,16.60418],[101.97799,16.60433],[101.97762,16.60437],[101.97744,16.60426],[101.97705,16.60407],[101.97664,16.60393],[101.98004,16.6014],[101.97932,16.60322],[101.97904,16.60341],[101.9784,16.60342],[101.97829,16.6035],[101.97822,16.6036],[101.97815,16.60383]],[[101.98105,16.59942],[101.98087,16.59982],[101.98073,16.59988],[101.98057,16.59994],[101.98027,16.60001],[101.97996,16.60007],[101.98105,16.59942]],[[101.98095,16.59925],[101.98078,16.59896],[101.98087,16.5991],[101.98095,16.59925]],[[101.98144,16.59852],[101.98156,16.59863],[101.98092,16.59809],[101.98144,16.59852]],[[101.9823,16.59782],[101.98227,16.59816],[101.98218,16.59845],[101.98199,16.59867],[101.98185,16.59873],[101.98169,16.59872],[101.98241,16.59735],[101.98231,16.59755],[101.9823,16.59782]],[[101.98269,16.59707],[101.98299,16.59678],[101.98241,16.59735],[101.98269,16.59707]],[[101.98324,16.59644],[101.9835,16.59617],[101.98299,16.59678],[101.98324,16.59644]],[[101.98013,16.59319],[101.98053,16.59365],[101.98032,16.59343],[101.98013,16.59319]],[[101.97958,16.59238],[101.97965,16.59259],[101.97961,16.59253],[101.97958,16.59238]],[[101.98114,16.59178],[101.98047,16.59195],[101.97972,16.59213],[101.98321,16.59067],[101.98355,16.59047],[101.982,16.59143],[101.98153,16.59164],[101.98114,16.59178]],[[101.9804,16.58937],[101.98022,16.58948],[101.98059,16.58907],[101.98056,16.58926],[101.9804,16.58937]],[[101.98056,16.58899],[101.98053,16.58897],[101.98054,16.58897],[101.98056,16.58899]],[[101.97927,16.58719],[101.97952,16.58741],[101.97784,16.58789],[101.97927,16.58719]],[[101.98216,16.58691],[101.9818,16.58744],[101.98065,16.58698],[101.98216,16.58691]],[[101.97983,16.58759],[101.97965,16.5875],[101.98052,16.58702],[101.98065,16.58698],[101.97983,16.58759]],[[101.9816,16.58573],[101.98157,16.58546],[101.98178,16.5863],[101.9816,16.58573]],[[101.98247,16.58543],[101.98278,16.58612],[101.98156,16.58543],[101.98247,16.58543]],[[101.98284,16.58619],[101.9843,16.58543],[101.98352,16.58614],[101.98284,16.58619]],[[101.98327,16.58432],[101.98351,16.58482],[101.9833,16.58448],[101.98327,16.58432]],[[101.98404,16.58315],[101.98419,16.58313],[101.98433,16.58315],[101.98445,16.58321],[101.98456,16.5833],[101.98327,16.5843],[101.98404,16.58315]],[[101.98477,16.58358],[101.9846,16.58335],[101.98472,16.58349],[101.98477,16.58358]],[[101.98639,16.58303],[101.98701,16.58342],[101.98723,16.58363],[101.98587,16.58287],[101.98598,16.58282],[101.98607,16.58286],[101.98621,16.58292],[101.98639,16.58303]],[[101.98716,16.58583],[101.98709,16.58574],[101.98698,16.5855],[101.98716,16.58583]],[[101.98717,16.58584],[101.98832,16.58511],[101.98751,16.58601],[101.98717,16.58584]],[[101.98901,16.58395],[101.98826,16.58497],[101.98865,16.58391],[101.98874,16.58389],[101.98882,16.58389],[101.98901,16.58395]],[[101.99096,16.58374],[101.99177,16.58435],[101.99198,16.58453],[101.99042,16.58394],[101.99079,16.5837],[101.99085,16.58369],[101.99091,16.58371],[101.99096,16.58374]],[[101.99243,16.5844],[101.99242,16.58462],[101.9924,16.58473],[101.99238,16.58479],[101.99233,16.58482],[101.99227,16.58482],[101.99223,16.58481],[101.99213,16.58471],[101.99201,16.58457],[101.99243,16.5844]],[[101.99243,16.58439],[101.99239,16.58409],[101.99242,16.58422],[101.99243,16.58439]],[[101.99171,16.58156],[101.99177,16.58166],[101.99189,16.58234],[101.99171,16.58156]],[[101.98872,16.58129],[101.98878,16.58039],[101.98876,16.58192],[101.98872,16.58169],[101.98872,16.58129]],[[101.99224,16.57891],[101.99208,16.57915],[101.99108,16.58054],[101.99104,16.58058],[101.99093,16.58059],[101.99082,16.58052],[101.99234,16.57839],[101.99235,16.5786],[101.99224,16.57891]],[[101.98936,16.57594],[101.98757,16.57786],[101.98749,16.57741],[101.98936,16.57594]],[[101.98893,16.57528],[101.989,16.57536],[101.98898,16.57534],[101.98893,16.57528]],[[101.98864,16.57474],[101.98868,16.57445],[101.98872,16.57429],[101.98864,16.57474]],[[101.98925,16.5724],[101.98909,16.57341],[101.98886,16.57346],[101.98878,16.57345],[101.98799,16.57338],[101.98937,16.57188],[101.98925,16.5724]],[[101.98711,16.57154],[101.98716,16.57176],[101.98713,16.57167],[101.98711,16.57154]],[[101.99046,16.57092],[101.9871,16.57151],[101.98897,16.57098],[101.98954,16.57093],[101.98994,16.57091],[101.99046,16.57092]],[[101.98956,16.5685],[101.98958,16.56834],[101.98953,16.56906],[101.98953,16.56877],[101.98956,16.5685]],[[101.9914,16.56673],[101.98904,16.5677],[101.98926,16.56633],[101.98943,16.5664],[101.9904,16.56712],[101.9914,16.56673]],[[101.99186,16.56503],[101.9913,16.56471],[101.99286,16.56536],[101.99232,16.56526],[101.99186,16.56503]],[[101.9934,16.56489],[101.99367,16.56476],[101.99286,16.56536],[101.9934,16.56489]],[[101.9941,16.56462],[101.99444,16.56454],[101.99492,16.56449],[101.99565,16.56447],[101.99367,16.56476],[101.9941,16.56462]],[[101.99545,16.56332],[101.99556,16.5635],[101.99509,16.56288],[101.99503,16.5628],[101.99545,16.56332]],[[101.99693,16.56267],[101.997,16.56272],[101.99603,16.56223],[101.99621,16.5623],[101.99656,16.56246],[101.99693,16.56267]],[[101.99747,16.56311],[101.99724,16.5629],[101.99738,16.56301],[101.99747,16.56311]],[[101.99773,16.56362],[101.99762,16.56337],[101.99768,16.56347],[101.99773,16.56362]],[[101.99761,16.56508],[101.99853,16.5643],[101.99789,16.56531],[101.99761,16.56508]],[[101.99999,16.56316],[101.99826,16.56355],[101.99939,16.56265],[101.99971,16.56285],[101.99991,16.56305],[101.99999,16.56316]],[[102.00004,16.56323],[102.00017,16.56337],[102.00013,16.56333],[102.00004,16.56323]],[[102.00026,16.56349],[102.00289,16.56211],[102.00153,16.56324],[102.00026,16.56349]],[[102.00637,16.55796],[102.00552,16.55953],[102.00102,16.56143],[102.00637,16.55796]],[[102.00652,16.55791],[102.00667,16.5579],[102.00682,16.55796],[102.00701,16.55806],[102.00719,16.55825],[102.00637,16.55796],[102.00652,16.55791]],[[102.00861,16.55834],[102.0087,16.55828],[102.00825,16.55875],[102.00813,16.55881],[102.00804,16.55882],[102.00789,16.55879],[102.00779,16.55874],[102.00758,16.5586],[102.00722,16.55828],[102.00861,16.55834]],[[102.01039,16.55937],[102.01031,16.55927],[102.01075,16.55971],[102.01061,16.5596],[102.01039,16.55937]],[[102.01542,16.55859],[102.01504,16.55847],[102.01493,16.55845],[102.01476,16.55846],[102.01439,16.55855],[102.01404,16.5587],[102.01392,16.55871],[102.01303,16.55834],[102.01567,16.55838],[102.01542,16.55859]],[[102.01453,16.55776],[102.01471,16.55787],[102.01467,16.55785],[102.01453,16.55776]],[[102.01608,16.55775],[102.01645,16.558],[102.01429,16.55751],[102.01608,16.55775]],[[102.01683,16.55831],[102.01668,16.55826],[102.017,16.55834],[102.01683,16.55831]],[[102.01953,16.55938],[102.01943,16.55954],[102.01931,16.55961],[102.01909,16.5597],[102.01866,16.55963],[102.01845,16.55955],[102.01797,16.55948],[102.01767,16.55938],[102.01756,16.55925],[102.01953,16.55938]],[[102.02197,16.55592],[102.02218,16.5559],[102.02233,16.55596],[102.02241,16.55605],[102.02251,16.55623],[102.01882,16.55845],[102.0206,16.55721],[102.02069,16.55637],[102.02076,16.55624],[102.0209,16.55611],[102.02111,16.55606],[102.0217,16.55595],[102.02197,16.55592]],[[102.02232,16.55764],[102.0224,16.55772],[102.02169,16.55725],[102.02212,16.55748],[102.02232,16.55764]],[[102.02271,16.55813],[102.02293,16.55841],[102.02276,16.55821],[102.02271,16.55813]],[[102.02326,16.55869],[102.0232,16.55865],[102.02363,16.5587],[102.02344,16.55874],[102.02326,16.55869]],[[102.02362,16.55809],[102.02351,16.55799],[102.02324,16.55774],[102.02362,16.55809]],[[102.02481,16.5569],[102.02455,16.55713],[102.02333,16.55687],[102.02481,16.5569]],[[102.02466,16.55656],[102.02473,16.55667],[102.02481,16.5569],[102.02466,16.55656]],[[102.02404,16.55594],[102.0239,16.55569],[102.02396,16.55579],[102.02404,16.55594]],[[102.02345,16.55483],[102.0236,16.55517],[102.02353,16.55505],[102.02345,16.55483]],[[102.02379,16.55242],[102.02297,16.55237],[102.02303,16.5523],[102.02312,16.55228],[102.02379,16.55242]],[[102.0226,16.55325],[102.02245,16.55345],[102.02279,16.55291],[102.0226,16.55325]],[[102.02368,16.55177],[102.02381,16.55185],[102.02397,16.55202],[102.02368,16.55177]],[[102.02388,16.55014],[102.02312,16.55096],[102.02411,16.54985],[102.02388,16.55014]],[[102.02622,16.54679],[102.02411,16.54936],[102.02422,16.54838],[102.02494,16.5476],[102.02622,16.54679]],[[102.02621,16.54599],[102.02649,16.54643],[102.02629,16.54612],[102.02621,16.54599]],[[102.02702,16.54537],[102.02709,16.54545],[102.02709,16.54548],[102.02542,16.54471],[102.02584,16.5448],[102.02651,16.54507],[102.02685,16.54525],[102.02702,16.54537]],[[102.02761,16.54507],[102.02788,16.54462],[102.02922,16.54269],[102.02935,16.5426],[102.02952,16.54257],[102.02966,16.54261],[102.02761,16.54507]],[[102.03006,16.54333],[102.02985,16.54283],[102.03053,16.54283],[102.03057,16.54261],[102.03063,16.54247],[102.03072,16.54227],[102.0305,16.54341],[102.03044,16.54349],[102.03034,16.54354],[102.03019,16.54348],[102.03006,16.54333]],[[102.03089,16.5422],[102.03197,16.54217],[102.03072,16.54227],[102.03089,16.5422]],[[102.03249,16.54155],[102.03236,16.54085],[102.03246,16.54122],[102.03249,16.54155]],[[102.03224,16.54052],[102.03208,16.54018],[102.0321,16.5402],[102.03224,16.54052]],[[102.02801,16.54101],[102.02806,16.54106],[102.02804,16.54105],[102.02801,16.54101]],[[102.02927,16.54043],[102.02902,16.54077],[102.02796,16.54089],[102.02927,16.54043]],[[102.02905,16.54],[102.02862,16.53961],[102.02871,16.53968],[102.02905,16.54]],[[102.02816,16.53912],[102.02823,16.53925],[102.02818,16.5392],[102.02816,16.53912]],[[102.03253,16.53604],[102.03258,16.53529],[102.03291,16.53418],[102.03253,16.53604]],[[102.03271,16.53323],[102.03277,16.53337],[102.03291,16.53416],[102.03271,16.53323]],[[102.03374,16.53171],[102.03367,16.53244],[102.03243,16.53285],[102.03374,16.53171]],[[102.03293,16.53068],[102.03291,16.53065],[102.03292,16.53066],[102.03293,16.53068]],[[102.03108,16.52854],[102.0313,16.52881],[102.03195,16.52984],[102.03108,16.52854]],[[102.032,16.52242],[102.03167,16.52367],[102.03134,16.52402],[102.03103,16.52417],[102.03039,16.52443],[102.03003,16.52462],[102.032,16.52242]],[[102.032,16.52238],[102.03194,16.52216],[102.03197,16.52222],[102.032,16.52238]],[[102.03275,16.52062],[102.03187,16.52112],[102.03505,16.51739],[102.0339,16.51947],[102.03327,16.52013],[102.03275,16.52062]],[[102.03524,16.51713],[102.03562,16.51681],[102.03588,16.51659],[102.0362,16.51636],[102.03505,16.51739],[102.03524,16.51713]],[[102.03772,16.51349],[102.03766,16.514],[102.03752,16.51417],[102.03737,16.51434],[102.03709,16.51448],[102.0363,16.51468],[102.03772,16.51349]],[[102.03995,16.51053],[102.04093,16.51036],[102.04189,16.50986],[102.04209,16.50956],[102.04212,16.5093],[102.04219,16.5088],[102.04229,16.50854],[102.04255,16.50837],[102.0429,16.50824],[102.04335,16.50811],[102.04383,16.50802],[102.04423,16.50803],[102.04444,16.5081],[102.03772,16.51343],[102.03928,16.51104],[102.03949,16.51075],[102.03995,16.51053]],[[102.04456,16.50827],[102.04447,16.50814],[102.04454,16.50822],[102.04456,16.50827]],[[102.04435,16.50989],[102.04426,16.50983],[102.0451,16.50978],[102.04435,16.50989]],[[102.04557,16.51001],[102.04535,16.5099],[102.04514,16.5098],[102.0459,16.50988],[102.04587,16.50996],[102.0458,16.51001],[102.0457,16.51003],[102.04557,16.51001]],[[102.04651,16.5083],[102.04674,16.50836],[102.04691,16.50844],[102.04707,16.50854],[102.04717,16.50867],[102.04591,16.50975],[102.04603,16.50834],[102.04628,16.50829],[102.04651,16.5083]],[[102.04743,16.50957],[102.04732,16.50953],[102.04828,16.509],[102.0478,16.50944],[102.04762,16.50955],[102.04743,16.50957]],[[102.04941,16.50679],[102.0478,16.50837],[102.04908,16.50686],[102.04924,16.50681],[102.04941,16.50679]],[[102.04957,16.50681],[102.04968,16.50686],[102.04981,16.50695],[102.04941,16.50679],[102.04957,16.50681]],[[102.0528,16.50719],[102.05284,16.50724],[102.05271,16.50767],[102.0528,16.50719]],[[102.05461,16.50518],[102.0548,16.50501],[102.05407,16.50606],[102.05391,16.50619],[102.05354,16.5063],[102.05259,16.50646],[102.05417,16.50589],[102.05449,16.50538],[102.05461,16.50518]],[[102.05512,16.50485],[102.05546,16.50473],[102.05568,16.50468],[102.05598,16.50467],[102.05614,16.50472],[102.0548,16.50501],[102.05512,16.50485]],[[102.05757,16.50554],[102.05739,16.50571],[102.05695,16.50592],[102.05671,16.50601],[102.05642,16.50605],[102.05625,16.50599],[102.05616,16.50593],[102.05611,16.50585],[102.05609,16.50579],[102.05757,16.50554]],[[102.05818,16.50583],[102.05786,16.50547],[102.05796,16.50548],[102.05808,16.50556],[102.05815,16.50568],[102.05818,16.50583]],[[102.06014,16.50703],[102.06019,16.5071],[102.06018,16.50721],[102.06014,16.50731],[102.05997,16.50737],[102.05967,16.50737],[102.05936,16.50731],[102.05823,16.50645],[102.0582,16.5064],[102.06014,16.50703]],[[102.0609,16.50509],[102.06082,16.50538],[102.06072,16.50564],[102.06048,16.50592],[102.06031,16.50604],[102.06002,16.50622],[102.0609,16.50509]],[[102.0609,16.50508],[102.06086,16.50489],[102.06089,16.50496],[102.0609,16.50508]],[[102.06142,16.50369],[102.06158,16.50384],[102.06052,16.50451],[102.06142,16.50369]],[[102.06234,16.5056],[102.06204,16.50547],[102.06192,16.50539],[102.06234,16.5056]],[[102.06363,16.50617],[102.0636,16.50637],[102.06355,16.50655],[102.06347,16.5067],[102.06336,16.50677],[102.06322,16.50678],[102.06304,16.50672],[102.06291,16.50662],[102.06283,16.50651],[102.06363,16.50617]],[[102.06412,16.50521],[102.06436,16.50534],[102.06459,16.50548],[102.06482,16.50569],[102.06509,16.50573],[102.0635,16.50568],[102.06412,16.50521]],[[102.0656,16.50484],[102.06575,16.50465],[102.06615,16.50432],[102.06509,16.50573],[102.0656,16.50484]],[[102.06834,16.50317],[102.06954,16.50361],[102.06827,16.50319],[102.06834,16.50317]],[[102.06871,16.50205],[102.06879,16.5022],[102.06874,16.50215],[102.06871,16.50205]],[[102.06988,16.50181],[102.0687,16.50191],[102.06911,16.50158],[102.06988,16.50181]],[[102.07325,16.50248],[102.07223,16.50317],[102.07195,16.50321],[102.07177,16.5032],[102.07158,16.50315],[102.07125,16.503],[102.07072,16.50261],[102.07033,16.50227],[102.0699,16.50183],[102.07325,16.50248]],[[102.07075,16.50081],[102.07064,16.50042],[102.07096,16.50151],[102.07075,16.50081]],[[102.07058,16.50023],[102.07033,16.49956],[102.07045,16.49978],[102.07058,16.50023]],[[102.07134,16.49805],[102.07108,16.49841],[102.0693,16.49862],[102.07134,16.49805]],[[102.07016,16.49681],[102.07057,16.49714],[102.07038,16.49699],[102.07016,16.49681]],[[102.06768,16.49455],[102.06781,16.49517],[102.06769,16.49489],[102.06768,16.49455]],[[102.07487,16.49253],[102.07391,16.49429],[102.07427,16.49326],[102.07442,16.49296],[102.0746,16.49273],[102.07487,16.49253]],[[102.07519,16.49249],[102.07596,16.49279],[102.07487,16.49253],[102.07519,16.49249]],[[102.07664,16.49469],[102.07642,16.49457],[102.0773,16.49478],[102.07664,16.49469]],[[102.07859,16.49615],[102.07863,16.49623],[102.07859,16.49618],[102.07859,16.49615]],[[102.07873,16.49631],[102.07865,16.49626],[102.07928,16.49614],[102.07934,16.49609],[102.07941,16.49607],[102.07916,16.4963],[102.07909,16.49633],[102.079,16.49636],[102.07893,16.49636],[102.07884,16.49635],[102.07873,16.49631]],[[102.07949,16.49608],[102.08001,16.4962],[102.07941,16.49607],[102.07949,16.49608]],[[102.08113,16.49355],[102.08122,16.49345],[102.08036,16.49616],[102.08053,16.49539],[102.0807,16.49488],[102.08096,16.49422],[102.08107,16.49378],[102.08113,16.49355]],[[102.08139,16.49336],[102.08152,16.49334],[102.08275,16.49357],[102.08122,16.49345],[102.08139,16.49336]],[[102.08469,16.49194],[102.08496,16.49196],[102.08528,16.49203],[102.08545,16.49212],[102.0855,16.49216],[102.08301,16.49286],[102.08469,16.49194]],[[102.0859,16.49292],[102.08725,16.49451],[102.08642,16.49388],[102.0859,16.49292]],[[102.09093,16.49346],[102.09116,16.4935],[102.0913,16.49353],[102.09141,16.49361],[102.08984,16.49447],[102.08973,16.49449],[102.08964,16.49447],[102.08944,16.49438],[102.09002,16.49434],[102.09014,16.49409],[102.0903,16.49387],[102.09045,16.4937],[102.09069,16.49353],[102.09093,16.49346]],[[102.0873,16.49454],[102.08913,16.49431],[102.08847,16.49456],[102.08801,16.49464],[102.08765,16.49465],[102.0873,16.49454]],[[102.09162,16.4946],[102.09154,16.49442],[102.0929,16.49583],[102.09261,16.49564],[102.09179,16.49486],[102.09162,16.4946]],[[102.09798,16.49505],[102.0987,16.49439],[102.09896,16.49418],[102.09634,16.49711],[102.09505,16.49774],[102.09457,16.49791],[102.0942,16.49797],[102.09393,16.49793],[102.09378,16.49775],[102.09798,16.49505]],[[102.09951,16.49409],[102.09999,16.49414],[102.10047,16.49433],[102.10063,16.49452],[102.09896,16.49418],[102.09951,16.49409]],[[102.10243,16.49594],[102.10224,16.49594],[102.10193,16.49589],[102.10138,16.49588],[102.10105,16.49583],[102.10327,16.49561],[102.10243,16.49594]],[[102.10362,16.49587],[102.10383,16.49613],[102.10406,16.49651],[102.10362,16.49587]],[[102.10592,16.49738],[102.10561,16.49742],[102.10448,16.49703],[102.1073,16.4962],[102.10746,16.49611],[102.10661,16.4972],[102.10638,16.4973],[102.10592,16.49738]],[[102.11137,16.49498],[102.11149,16.49487],[102.11165,16.49473],[102.1118,16.49461],[102.11195,16.49454],[102.11093,16.49543],[102.11137,16.49498]],[[102.11205,16.49453],[102.11216,16.49454],[102.11233,16.49458],[102.11265,16.49475],[102.11324,16.49508],[102.11353,16.49534],[102.11366,16.49553],[102.11195,16.49454],[102.11205,16.49453]],[[102.11432,16.49652],[102.11419,16.49644],[102.1139,16.49596],[102.11432,16.49652]],[[102.11542,16.49618],[102.11669,16.49653],[102.11515,16.49617],[102.11527,16.49616],[102.11542,16.49618]],[[102.11678,16.49647],[102.11686,16.49628],[102.11697,16.49604],[102.11704,16.49594],[102.11713,16.49588],[102.11737,16.49573],[102.11758,16.49562],[102.11832,16.49534],[102.11889,16.49515],[102.11957,16.49496],[102.12009,16.49473],[102.12077,16.49445],[102.12216,16.49394],[102.11669,16.49653],[102.11678,16.49647]],[[102.12269,16.49409],[102.12457,16.4948],[102.12216,16.49394],[102.12269,16.49409]],[[102.12517,16.4948],[102.12546,16.4949],[102.12457,16.4948],[102.12517,16.4948]],[[102.12616,16.49567],[102.1259,16.49546],[102.12549,16.49492],[102.12915,16.49583],[102.12851,16.49588],[102.12712,16.496],[102.12654,16.49589],[102.12616,16.49567]],[[102.12971,16.49575],[102.13055,16.49566],[102.13104,16.49561],[102.12915,16.49583],[102.12971,16.49575]],[[102.13127,16.49567],[102.13138,16.49572],[102.13152,16.49579],[102.13166,16.49592],[102.13184,16.49611],[102.13191,16.49626],[102.13104,16.49561],[102.13127,16.49567]],[[102.13325,16.49647],[102.13292,16.49658],[102.13236,16.49672],[102.13224,16.49671],[102.13215,16.49667],[102.13208,16.49659],[102.13356,16.49614],[102.13346,16.49635],[102.13325,16.49647]],[[102.1336,16.49597],[102.13366,16.4957],[102.1337,16.49552],[102.13376,16.49543],[102.13356,16.49614],[102.1336,16.49597]],[[102.13386,16.49538],[102.13401,16.49535],[102.13417,16.49537],[102.13423,16.49539],[102.13376,16.49543],[102.13386,16.49538]],[[102.13438,16.49737],[102.13533,16.49744],[102.13508,16.49744],[102.1346,16.49742],[102.13438,16.49737]],[[102.13522,16.49893],[102.13764,16.49855],[102.13558,16.49905],[102.13522,16.49893]],[[102.13786,16.49763],[102.13689,16.49788],[102.13777,16.49756],[102.13785,16.49761],[102.13786,16.49763]],[[102.13798,16.49811],[102.1386,16.49866],[102.1385,16.49859],[102.13798,16.49811]],[[102.13894,16.49899],[102.13895,16.49902],[102.13882,16.49882],[102.13894,16.49899]],[[102.13879,16.4998],[102.13867,16.49976],[102.13861,16.49969],[102.14027,16.49945],[102.14036,16.49946],[102.14043,16.4995],[102.13892,16.4998],[102.13879,16.4998]],[[102.14054,16.49998],[102.14051,16.49982],[102.14053,16.49991],[102.14054,16.49998]],[[102.1407,16.5007],[102.14077,16.5009],[102.14074,16.50082],[102.1407,16.5007]],[[102.1423,16.50332],[102.14193,16.50327],[102.14121,16.50309],[102.14085,16.50299],[102.14043,16.50282],[102.14017,16.50261],[102.14296,16.50286],[102.14258,16.50313],[102.1423,16.50332]],[[102.14322,16.50252],[102.14355,16.5022],[102.14377,16.50201],[102.14296,16.50286],[102.14322,16.50252]],[[102.14402,16.50137],[102.14446,16.50068],[102.14377,16.50201],[102.14402,16.50137]],[[102.14452,16.50007],[102.14461,16.49965],[102.14474,16.49926],[102.14487,16.49898],[102.14501,16.49875],[102.14511,16.49865],[102.14446,16.50068],[102.14452,16.50007]],[[102.14521,16.49859],[102.14635,16.49844],[102.14651,16.49845],[102.14664,16.49849],[102.14686,16.49863],[102.14511,16.49865],[102.14521,16.49859]],[[102.14631,16.49987],[102.14693,16.4998],[102.1471,16.49982],[102.14631,16.49987]],[[102.14617,16.49984],[102.14608,16.49978],[102.14606,16.49975],[102.14631,16.49987],[102.14617,16.49984]],[[102.14921,16.49852],[102.14966,16.49864],[102.1499,16.49874],[102.15008,16.49885],[102.15023,16.49903],[102.15026,16.49907],[102.1485,16.4986],[102.14871,16.49846],[102.14921,16.49852]],[[102.15123,16.50055],[102.15151,16.50075],[102.15175,16.50093],[102.15113,16.50052],[102.15066,16.50054],[102.15058,16.50052],[102.15052,16.50048],[102.15027,16.5001],[102.15023,16.50003],[102.15123,16.50055]],[[102.1523,16.50106],[102.15204,16.50104],[102.15187,16.50099],[102.1523,16.50106]],[[102.15343,16.50034],[102.15276,16.50093],[102.1523,16.50106],[102.15343,16.50034]],[[102.15352,16.50032],[102.15359,16.50032],[102.15372,16.50039],[102.15375,16.50044],[102.15343,16.50034],[102.15352,16.50032]],[[102.15342,16.50261],[102.15335,16.50241],[102.15707,16.50266],[102.15715,16.50272],[102.15362,16.50274],[102.15342,16.50261]],[[102.15826,16.50358],[102.15811,16.5035],[102.15769,16.50315],[102.15826,16.50358]],[[102.15847,16.503],[102.15833,16.50272],[102.15837,16.50276],[102.15847,16.503]],[[102.15734,16.5015],[102.15752,16.50186],[102.15747,16.50179],[102.15734,16.5015]],[[102.15729,16.50069],[102.1571,16.50103],[102.15737,16.49957],[102.15738,16.49984],[102.15733,16.50049],[102.15729,16.50069]],[[102.15776,16.49811],[102.15885,16.49836],[102.15724,16.49913],[102.15776,16.49811]],[[102.15906,16.49961],[102.16237,16.50116],[102.1593,16.49989],[102.15906,16.49961]],[[102.16237,16.50113],[102.16236,16.50051],[102.16571,16.49971],[102.165,16.50099],[102.16237,16.50113]],[[102.16568,16.49959],[102.16571,16.49968],[102.16555,16.49936],[102.1655,16.49922],[102.16568,16.49959]],[[102.16462,16.49892],[102.16472,16.4991],[102.16465,16.499],[102.16462,16.49892]],[[102.1633,16.49792],[102.16326,16.49782],[102.16344,16.49814],[102.1633,16.49792]],[[102.16482,16.49654],[102.16494,16.4969],[102.16484,16.49662],[102.16482,16.49654]],[[102.16539,16.49632],[102.16753,16.49737],[102.16666,16.49777],[102.16539,16.49632]],[[102.16718,16.49686],[102.16739,16.49717],[102.16725,16.49697],[102.16718,16.49686]],[[102.16919,16.4958],[102.16712,16.49661],[102.16896,16.49573],[102.16908,16.49575],[102.16919,16.4958]],[[102.17027,16.49659],[102.17016,16.49682],[102.17007,16.49692],[102.16992,16.49697],[102.16983,16.49697],[102.16971,16.49693],[102.17027,16.49659]],[[102.17021,16.49606],[102.17027,16.49612],[102.1703,16.49637],[102.17021,16.49606]],[[102.17189,16.49186],[102.17154,16.49368],[102.17169,16.49247],[102.17176,16.49218],[102.17189,16.49186]],[[102.17208,16.4916],[102.17233,16.49138],[102.17268,16.49113],[102.17275,16.4911],[102.17285,16.49111],[102.17189,16.49186],[102.17208,16.4916]],[[102.173,16.49129],[102.173,16.4913],[102.17294,16.49119],[102.173,16.49129]],[[102.1729,16.49264],[102.17283,16.49231],[102.17293,16.49274],[102.1729,16.49264]],[[102.17305,16.49309],[102.17312,16.49323],[102.17307,16.49315],[102.17305,16.49309]],[[102.17398,16.49342],[102.17382,16.49344],[102.17356,16.49343],[102.1734,16.4934],[102.17327,16.49336],[102.17315,16.49327],[102.17398,16.49342]],[[102.17687,16.49414],[102.17704,16.49417],[102.17708,16.49422],[102.17708,16.49424],[102.17402,16.49464],[102.17434,16.49434],[102.1745,16.49424],[102.17469,16.49418],[102.17527,16.49416],[102.17617,16.4942],[102.17663,16.49414],[102.17687,16.49414]],[[102.17638,16.49589],[102.17622,16.49567],[102.1765,16.49594],[102.17638,16.49589]],[[102.17699,16.49598],[102.17712,16.49604],[102.1765,16.49594],[102.17699,16.49598]],[[102.1786,16.49933],[102.17867,16.49936],[102.17877,16.49941],[102.17892,16.49949],[102.17892,16.49951],[102.17852,16.49932],[102.1786,16.49933]],[[102.17819,16.49955],[102.17807,16.49957],[102.17795,16.49956],[102.17786,16.49951],[102.17852,16.49932],[102.17819,16.49955]],[[102.17881,16.49991],[102.17909,16.50038],[102.179,16.50027],[102.17881,16.49991]],[[102.18183,16.50039],[102.18197,16.5005],[102.18165,16.50035],[102.18183,16.50039]],[[102.18098,16.50042],[102.17972,16.50053],[102.17953,16.50056],[102.17939,16.50055],[102.17924,16.50052],[102.17921,16.5005],[102.18165,16.50035],[102.18098,16.50042]],[[102.18076,16.50312],[102.18069,16.5029],[102.18073,16.50301],[102.18076,16.50312]],[[102.18077,16.50551],[102.18059,16.50544],[102.18158,16.50554],[102.18114,16.50554],[102.18077,16.50551]],[[102.18267,16.50626],[102.18455,16.50538],[102.1834,16.50632],[102.18267,16.50626]],[[102.18473,16.50383],[102.18479,16.50389],[102.18341,16.50479],[102.18473,16.50383]],[[102.18501,16.5043],[102.18494,16.50414],[102.18497,16.50419],[102.18501,16.5043]],[[102.18636,16.50407],[102.18655,16.50419],[102.18566,16.50472],[102.18549,16.50473],[102.18528,16.50467],[102.18517,16.50457],[102.18636,16.50407]],[[102.18749,16.50431],[102.1874,16.5044],[102.1873,16.50449],[102.18716,16.50449],[102.18695,16.5044],[102.18663,16.50423],[102.18749,16.50431]],[[102.19058,16.50299],[102.19017,16.50274],[102.19021,16.50274],[102.19026,16.50275],[102.19029,16.50277],[102.19058,16.50299]],[[102.19116,16.50242],[102.19084,16.50301],[102.19078,16.50303],[102.19116,16.50242]],[[102.19062,16.50015],[102.18939,16.50081],[102.19134,16.49905],[102.19113,16.49951],[102.19089,16.49987],[102.19062,16.50015]],[[102.18951,16.50159],[102.18933,16.50113],[102.18939,16.50081],[102.18951,16.50159]],[[102.19152,16.49878],[102.19167,16.49859],[102.19134,16.49905],[102.19152,16.49878]],[[102.19208,16.49852],[102.19275,16.49851],[102.19357,16.49838],[102.19368,16.49838],[102.19378,16.49841],[102.19395,16.49852],[102.19407,16.49865],[102.19419,16.49886],[102.19167,16.49859],[102.19208,16.49852]],[[102.19423,16.50001],[102.19422,16.49997],[102.19423,16.49999],[102.19423,16.50001]],[[102.19397,16.50119],[102.19388,16.50119],[102.19524,16.50029],[102.19516,16.50038],[102.19397,16.50119]],[[102.19467,16.49951],[102.19471,16.49966],[102.19468,16.49958],[102.19467,16.49951]],[[102.19494,16.49928],[102.19523,16.49942],[102.19468,16.49937],[102.19494,16.49928]],[[102.19682,16.5022],[102.19716,16.50203],[102.19753,16.50188],[102.19762,16.50185],[102.19775,16.50184],[102.19781,16.50186],[102.19788,16.5019],[102.19792,16.50195],[102.19795,16.502],[102.19682,16.5022]],[[102.20088,16.50324],[102.20093,16.50339],[102.20043,16.50327],[102.20088,16.50324]],[[102.20018,16.50345],[102.19989,16.50364],[102.19937,16.50391],[102.19877,16.50421],[102.20043,16.50327],[102.20018,16.50345]],[[102.19851,16.50425],[102.19837,16.50421],[102.19877,16.50421],[102.19851,16.50425]],[[102.20508,16.50318],[102.20491,16.50329],[102.20483,16.50348],[102.20471,16.50395],[102.20459,16.50408],[102.20112,16.50386],[102.20616,16.50277],[102.2061,16.50293],[102.20599,16.5031],[102.20591,16.50327],[102.20574,16.50328],[102.20539,16.5032],[102.20508,16.50318]],[[102.2047,16.50137],[102.20485,16.50161],[102.20479,16.50155],[102.2047,16.50137]],[[102.20872,16.49763],[102.20891,16.49767],[102.20901,16.49773],[102.20404,16.50049],[102.20479,16.49944],[102.20516,16.49965],[102.20526,16.49963],[102.20538,16.49927],[102.20558,16.49871],[102.20559,16.49868],[102.20576,16.49825],[102.20582,16.49816],[102.20595,16.49806],[102.20621,16.49796],[102.20655,16.49788],[102.20681,16.4979],[102.207,16.49796],[102.20746,16.49821],[102.20777,16.49822],[102.20789,16.49817],[102.20835,16.49778],[102.20851,16.49767],[102.20872,16.49763]],[[102.20907,16.49785],[102.20904,16.49778],[102.20907,16.49783],[102.20907,16.49785]],[[102.20933,16.49897],[102.20929,16.49892],[102.2092,16.49857],[102.20933,16.49897]],[[102.21257,16.5008],[102.21225,16.50078],[102.20944,16.49911],[102.21257,16.5008]],[[102.2134,16.50118],[102.21317,16.5012],[102.21295,16.50119],[102.21442,16.50004],[102.21433,16.50028],[102.21414,16.50056],[102.21364,16.50106],[102.2134,16.50118]],[[102.21637,16.49825],[102.21244,16.49904],[102.21277,16.49858],[102.21637,16.49825]],[[102.21629,16.49802],[102.21633,16.49818],[102.21629,16.49809],[102.21629,16.49802]],[[102.21723,16.49775],[102.21657,16.49781],[102.21767,16.49662],[102.21756,16.49759],[102.21741,16.49768],[102.21723,16.49775]],[[102.21681,16.49588],[102.21678,16.49525],[102.21697,16.49447],[102.21681,16.49588]],[[102.22135,16.49048],[102.22144,16.4903],[102.22157,16.49012],[102.2218,16.48994],[102.22433,16.48896],[102.21839,16.49343],[102.21969,16.492],[102.22129,16.49075],[102.22135,16.49048]],[[102.22824,16.48538],[102.22834,16.48551],[102.22855,16.48591],[102.22824,16.48538]],[[102.22996,16.48412],[102.2286,16.48403],[102.23137,16.48396],[102.23174,16.48391],[102.2308,16.48415],[102.22996,16.48412]],[[102.23444,16.4863],[102.23387,16.4862],[102.23827,16.48275],[102.23869,16.48242],[102.23791,16.48315],[102.23755,16.48361],[102.23704,16.48419],[102.23644,16.48477],[102.2355,16.48564],[102.23471,16.48632],[102.23444,16.4863]],[[102.23967,16.48166],[102.24066,16.48112],[102.23897,16.48208],[102.23967,16.48166]],[[102.24031,16.47869],[102.24044,16.47909],[102.24037,16.47897],[102.24031,16.47869]],[[102.24238,16.47696],[102.2403,16.47863],[102.24049,16.47812],[102.24238,16.47696]],[[102.24266,16.47582],[102.2425,16.47602],[102.2417,16.47624],[102.24266,16.47582]],[[102.24263,16.47571],[102.24264,16.47571],[102.24266,16.47581],[102.24263,16.47571]],[[102.24398,16.47269],[102.24168,16.47457],[102.24279,16.47344],[102.24372,16.47289],[102.24398,16.47269]],[[102.24575,16.46865],[102.24594,16.46874],[102.24652,16.46852],[102.24664,16.46834],[102.24674,16.46822],[102.24686,16.46813],[102.24698,16.46809],[102.24708,16.46805],[102.24723,16.46807],[102.24748,16.46815],[102.24777,16.46827],[102.24791,16.46827],[102.24874,16.46768],[102.2489,16.46763],[102.24907,16.46764],[102.24923,16.46773],[102.24931,16.46779],[102.24331,16.47104],[102.24575,16.46865]],[[102.24954,16.46818],[102.25158,16.4677],[102.25165,16.46752],[102.25177,16.46741],[102.25203,16.46741],[102.25225,16.46734],[102.25261,16.46732],[102.25294,16.46697],[102.25305,16.46673],[102.25311,16.46664],[102.25318,16.46654],[102.25328,16.46651],[102.25364,16.46662],[102.25397,16.4668],[102.25055,16.46847],[102.25027,16.46854],[102.25002,16.46854],[102.24985,16.4685],[102.24967,16.46837],[102.24954,16.46818]],[[102.25549,16.46672],[102.25626,16.46562],[102.25634,16.46667],[102.25605,16.46684],[102.2556,16.46671],[102.25549,16.46672]],[[102.25638,16.46408],[102.25638,16.46422],[102.25623,16.46499],[102.25638,16.46408]],[[102.25636,16.46292],[102.25498,16.46392],[102.25516,16.46352],[102.25636,16.46292]],[[102.25552,16.46209],[102.2554,16.46213],[102.25559,16.46194],[102.25556,16.46205],[102.25552,16.46209]],[[102.25694,16.46121],[102.25568,16.46121],[102.25517,16.46117],[102.25694,16.46121]],[[102.25745,16.46102],[102.25788,16.46091],[102.25694,16.46121],[102.25745,16.46102]],[[102.25852,16.46037],[102.25869,16.4603],[102.25788,16.46091],[102.25852,16.46037]],[[102.25888,16.46028],[102.25901,16.46031],[102.2591,16.46034],[102.25919,16.4604],[102.25869,16.4603],[102.25888,16.46028]],[[102.25499,16.46148],[102.25508,16.46122],[102.25517,16.46117],[102.25499,16.46148]],[[102.25932,16.46056],[102.25938,16.4607],[102.25938,16.46082],[102.25932,16.46056]],[[102.2621,16.46157],[102.25883,16.46154],[102.26607,16.46035],[102.26345,16.46213],[102.26307,16.46196],[102.2621,16.46157]],[[102.26597,16.45932],[102.26522,16.45981],[102.2657,16.4592],[102.26586,16.45925],[102.26597,16.45932]],[[102.26651,16.4589],[102.26653,16.45886],[102.26658,16.45882],[102.26637,16.45962],[102.26634,16.45967],[102.26626,16.45967],[102.26651,16.4589]],[[102.26668,16.45878],[102.26741,16.4589],[102.26658,16.45882],[102.26668,16.45878]],[[102.26621,16.45776],[102.26625,16.45784],[102.26622,16.45781],[102.26621,16.45776]],[[102.26689,16.45702],[102.267,16.45704],[102.26621,16.45773],[102.26689,16.45702]],[[102.26719,16.45728],[102.26707,16.4571],[102.2671,16.45713],[102.26719,16.45728]],[[102.26729,16.45743],[102.26744,16.45759],[102.26737,16.45752],[102.26729,16.45743]],[[102.26827,16.45634],[102.26844,16.45613],[102.26857,16.45597],[102.26873,16.45586],[102.26779,16.45751],[102.26774,16.45757],[102.26768,16.4576],[102.2676,16.45763],[102.26751,16.45763],[102.26744,16.45759],[102.26827,16.45634]],[[102.2689,16.45583],[102.269,16.45583],[102.26906,16.45587],[102.26915,16.45615],[102.26921,16.45651],[102.26873,16.45586],[102.2689,16.45583]],[[102.26943,16.45669],[102.26937,16.45667],[102.26989,16.45619],[102.26999,16.45611],[102.26979,16.45632],[102.26965,16.45658],[102.26962,16.45663],[102.26958,16.45666],[102.26953,16.45668],[102.26948,16.4567],[102.26943,16.45669]],[[102.27009,16.45608],[102.27017,16.4561],[102.27025,16.45616],[102.2703,16.45624],[102.26999,16.45611],[102.27009,16.45608]],[[102.27039,16.45774],[102.27127,16.45753],[102.27081,16.45806],[102.27039,16.45774]],[[102.27101,16.4572],[102.271,16.45717],[102.27101,16.45719],[102.27101,16.4572]],[[102.27186,16.45693],[102.27099,16.45714],[102.27125,16.45686],[102.27133,16.45685],[102.27142,16.45685],[102.27186,16.45693]],[[102.27247,16.45634],[102.27191,16.4569],[102.27199,16.45682],[102.2722,16.45659],[102.27247,16.45634]],[[102.27258,16.45624],[102.27267,16.45619],[102.27247,16.45634],[102.27258,16.45624]],[[102.27278,16.45616],[102.2729,16.45616],[102.27299,16.45617],[102.27309,16.45621],[102.27267,16.45619],[102.27278,16.45616]],[[102.27358,16.45745],[102.27351,16.45734],[102.27339,16.45698],[102.27358,16.45745]],[[102.27478,16.45616],[102.27488,16.45599],[102.2751,16.45585],[102.27438,16.45723],[102.27427,16.45734],[102.27412,16.45743],[102.27397,16.45751],[102.27378,16.45756],[102.27362,16.45751],[102.27478,16.45616]],[[102.27537,16.45578],[102.2756,16.45574],[102.27582,16.45574],[102.27601,16.45581],[102.27613,16.45599],[102.27617,16.45609],[102.2751,16.45585],[102.27537,16.45578]],[[102.27646,16.45893],[102.27605,16.45857],[102.27619,16.45868],[102.27637,16.45882],[102.27646,16.45893]],[[102.27819,16.46052],[102.27732,16.4606],[102.279,16.46012],[102.27819,16.46052]],[[102.27799,16.45948],[102.27764,16.4597],[102.27809,16.45929],[102.27806,16.45943],[102.27799,16.45948]],[[102.27811,16.45679],[102.27832,16.4568],[102.27849,16.45685],[102.27861,16.45695],[102.27867,16.45703],[102.27716,16.45877],[102.27784,16.45688],[102.27796,16.45682],[102.27811,16.45679]],[[102.28149,16.45828],[102.28087,16.45829],[102.28061,16.4583],[102.28045,16.45835],[102.27996,16.45858],[102.27889,16.45821],[102.28274,16.45815],[102.28264,16.45835],[102.28258,16.45835],[102.28239,16.45832],[102.28215,16.45828],[102.28188,16.45825],[102.28149,16.45828]],[[102.28264,16.45727],[102.28415,16.45605],[102.28379,16.45711],[102.28365,16.45719],[102.28274,16.45726],[102.28264,16.45727]],[[102.28306,16.45592],[102.28299,16.45579],[102.28294,16.45554],[102.28306,16.45592]],[[102.28317,16.45507],[102.28346,16.45501],[102.28555,16.45444],[102.28525,16.45463],[102.28435,16.45504],[102.28317,16.45507]],[[102.28291,16.45532],[102.28294,16.45516],[102.28317,16.45507],[102.28291,16.45532]],[[102.28568,16.45408],[102.28591,16.45375],[102.2861,16.45353],[102.28614,16.45351],[102.28555,16.45444],[102.28568,16.45408]],[[102.28655,16.4534],[102.28689,16.45339],[102.28719,16.4534],[102.28729,16.45344],[102.28614,16.45351],[102.28655,16.4534]],[[102.28821,16.45323],[102.28826,16.45314],[102.28778,16.45469],[102.28763,16.45489],[102.28744,16.45491],[102.28721,16.45485],[102.28821,16.45323]],[[102.28831,16.4531],[102.28844,16.45309],[102.28859,16.45314],[102.28868,16.45319],[102.28826,16.45314],[102.28831,16.4531]],[[102.29095,16.45132],[102.28923,16.45388],[102.28914,16.45399],[102.28904,16.45404],[102.28893,16.45403],[102.28879,16.45398],[102.29095,16.45132]],[[102.29032,16.45018],[102.29034,16.45033],[102.29032,16.4503],[102.29032,16.45018]],[[102.29143,16.44978],[102.29032,16.45017],[102.29052,16.44995],[102.29143,16.44978]],[[102.29143,16.44975],[102.29142,16.4497],[102.29143,16.44972],[102.29143,16.44975]],[[102.29122,16.44943],[102.29131,16.44958],[102.2913,16.44958],[102.29122,16.44943]],[[102.29107,16.449],[102.29112,16.44923],[102.29108,16.44912],[102.29107,16.449]],[[102.29449,16.44598],[102.29486,16.44601],[102.29555,16.44616],[102.2957,16.44626],[102.29571,16.44628],[102.29257,16.44741],[102.29449,16.44598]],[[102.29591,16.44738],[102.29573,16.44738],[102.2955,16.44733],[102.29968,16.44552],[102.29956,16.4456],[102.29747,16.44671],[102.29648,16.44715],[102.29591,16.44738]],[[102.29978,16.4454],[102.29989,16.44531],[102.29968,16.44552],[102.29978,16.4454]],[[102.30056,16.44529],[102.3006,16.44533],[102.30002,16.44523],[102.30014,16.4452],[102.30029,16.44519],[102.30044,16.44522],[102.3005,16.44525],[102.30056,16.44529]]],[[[100.92031,13.17477],[100.92122,13.17396],[100.9205,13.17293],[100.92031,13.17477]]]]}}]}