{"type":"FeatureCollection","crs":{"type":"name","properties":{"name":"urn:ogc:def:crs:OGC:1.3:CRS84"}},"features":[{"type":"Feature","properties":{"kind":"coastline","p_code":"81","p_name_t":"จังหวัดกระบี่","p_name_e":"CHANGWAT KRABI","length_km":514.32},"geometry":{"type":"MultiLineString","coordinates":[[[99.26187,7.6625],[99.24849,7.65203],[99.21543,7.63715],[99.17769,7.61285],[99.14429,7.72602],[99.12787,7.74901],[99.1155,7.75663],[99.10416,7.76034],[99.09909,7.77161],[99.10035,7.76351],[99.10635,7.75797],[99.11354,7.75556],[99.11502,7.75273],[99.11263,7.74131],[99.11004,7.7414],[99.11211,7.73595],[99.11059,7.72757],[99.10679,7.74366],[99.10191,7.74842],[99.1075,7.73657],[99.10639,7.72622],[99.10878,7.71445],[99.10762,7.707],[99.10231,7.69661],[99.09131,7.69035],[99.06729,7.69472],[99.05392,7.72012],[99.04689,7.72489],[99.05244,7.72022],[99.06284,7.69945],[99.06148,7.69716],[99.05077,7.697],[99.04166,7.70026],[99.0231,7.74682],[99.01958,7.76519],[99.02506,7.77147],[99.04464,7.77125],[99.0484,7.76537],[99.04309,7.75913],[99.04756,7.76205],[99.04961,7.76744],[99.04771,7.77125],[99.04187,7.77407],[99.02643,7.77393],[99.02482,7.77977],[99.02203,7.78091],[99.02223,7.78567],[99.02731,7.79254],[99.02771,7.79663],[99.03071,7.79717],[99.02631,7.80206],[99.02491,7.80933],[99.01805,7.81674],[99.0169,7.82309],[99.01812,7.82483],[99.02172,7.8241],[99.02291,7.82868],[99.0276,7.82952],[99.03383,7.81877],[99.03896,7.819],[99.03373,7.82019],[99.0262,7.83641],[99.03414,7.83777],[99.04759,7.85996],[99.06879,7.87606],[99.07679,7.88767],[99.08351,7.91371],[99.0804,7.9184],[99.07108,7.91603],[99.06895,7.91825],[99.06993,7.92292],[99.06522,7.92251],[99.05775,7.90579],[99.0514,7.89697],[99.03717,7.88608],[99.03236,7.88554],[99.023,7.88838],[99.01931,7.89231],[99.01575,7.90254],[99.01441,7.91653],[99.00347,7.92734],[99.00166,7.93797],[98.99614,7.94139],[98.98393,7.93848],[98.9787,7.93954],[98.97347,7.93664],[98.97353,7.93345],[98.97195,7.93335],[98.9601,7.95761],[98.94575,7.97868],[98.94132,7.99032],[98.94488,7.99498],[98.95127,7.99777],[98.95424,7.99651],[98.9612,7.98637],[98.96461,7.9847],[98.97022,7.98653],[98.9751,7.99289],[98.98234,7.99588],[98.98478,8.00616],[98.98204,8.01041],[98.98202,8.01564],[98.97694,8.01306],[98.97125,8.00446],[98.9687,8.00511],[98.96861,8.00696],[98.96551,8.00743],[98.96808,8.00939],[98.96654,8.01132],[98.95945,8.01368],[98.96317,8.01518],[98.95991,8.01828],[98.95919,8.02529],[98.95401,8.00207],[98.9375,7.99268],[98.92393,7.97046],[98.89395,7.93698],[98.88508,7.95151],[98.87646,7.97201],[98.85842,7.99481],[98.85604,8.02182],[98.84931,8.01444],[98.84229,8.01233],[98.8411,8.00882],[98.84492,8.00614],[98.84345,8.00248],[98.84027,8.00314],[98.84013,8.00557],[98.83549,8.00914],[98.83847,8.01036],[98.83588,8.01632],[98.83196,8.0191],[98.82858,8.01557],[98.82684,8.01677],[98.8291,8.02486],[98.81528,8.03695],[98.81615,8.03937],[98.80646,8.0453],[98.79681,8.04818],[98.79464,8.04517],[98.78726,8.04615],[98.77303,8.04125],[98.77161,8.02884],[98.77359,8.02291],[98.76884,8.0199],[98.76482,8.02109],[98.76299,8.02818],[98.76505,8.03598],[98.76309,8.04106],[98.75758,8.05003],[98.74977,8.0548],[98.74817,8.06076],[98.74344,8.06665],[98.74476,8.07384],[98.73998,8.07789],[98.74319,8.08635],[98.74712,8.08907],[98.74726,8.11474],[98.74206,8.11533],[98.72474,8.09976],[98.71706,8.08137],[98.70993,8.0732],[98.70371,8.05756],[98.69808,8.04961],[98.68409,8.04149],[98.66747,8.03721]],[[98.7669,7.69116],[98.76662,7.68331],[98.76949,7.68568],[98.77087,7.67928],[98.76362,7.67322],[98.76138,7.67669],[98.76288,7.67873],[98.76557,7.67684],[98.76545,7.68046],[98.7612,7.68344],[98.76575,7.6892],[98.76465,7.69961],[98.7669,7.69116]],[[98.77192,7.81631],[98.772,7.82239],[98.77477,7.82227],[98.77089,7.81276],[98.77192,7.81631]],[[98.77641,7.75949],[98.7806,7.75751],[98.78801,7.74245],[98.78799,7.73578],[98.79164,7.72852],[98.78998,7.72676],[98.78199,7.7298],[98.78003,7.73472],[98.76806,7.73826],[98.76559,7.73548],[98.76888,7.7177],[98.76073,7.72402],[98.75585,7.73235],[98.75619,7.74263],[98.75847,7.74558],[98.7619,7.74323],[98.76512,7.74537],[98.7655,7.7408],[98.76786,7.73967],[98.77387,7.74371],[98.77188,7.75088],[98.76478,7.75436],[98.75963,7.76071],[98.75827,7.76525],[98.76316,7.76219],[98.76587,7.76476],[98.75548,7.78486],[98.7566,7.78757],[98.77147,7.76614],[98.7716,7.76305],[98.77641,7.75949]],[[98.79351,7.81735],[98.79323,7.8192],[98.79791,7.82023],[98.79631,7.81432],[98.79351,7.81735]],[[98.80474,7.95236],[98.80333,7.95529],[98.80937,7.95836],[98.80973,7.95269],[98.80762,7.94949],[98.80474,7.95236]],[[98.80643,7.97091],[98.80482,7.9723],[98.80718,7.97436],[98.81396,7.97402],[98.80905,7.96838],[98.80643,7.97091]],[[98.86291,7.6156],[98.86241,7.61693],[98.86513,7.61636],[98.86454,7.61216],[98.86291,7.6156]],[[98.97175,7.85321],[98.97755,7.8321],[98.9838,7.82195],[98.98426,7.8155],[98.98113,7.8105],[98.9851,7.80888],[98.98329,7.80342],[98.99187,7.79632],[98.99154,7.78881],[98.98814,7.7872],[98.98673,7.78339],[98.97046,7.80327],[98.96577,7.814],[98.95843,7.82341],[98.94198,7.83756],[98.93487,7.83893],[98.93416,7.84411],[98.9392,7.85436],[98.94309,7.85294],[98.95478,7.85802],[98.96692,7.85299],[98.97175,7.85321]],[[98.98001,7.84714],[98.98353,7.84958],[98.98496,7.84574],[98.98299,7.84411],[98.98001,7.84714]],[[98.98836,7.80706],[98.98779,7.80967],[98.98982,7.81012],[98.99362,7.80657],[98.98836,7.80706]],[[98.98946,7.85407],[98.98487,7.87183],[98.97637,7.88606],[98.96946,7.91052],[98.96791,7.92345],[98.97315,7.92664],[98.98558,7.92799],[98.99095,7.92449],[98.99842,7.9014],[98.99876,7.89602],[98.99438,7.89055],[98.99169,7.88014],[98.99411,7.86303],[98.99314,7.85183],[98.98995,7.85037],[98.98946,7.85407]],[[98.98996,7.81717],[98.98784,7.81548],[98.98133,7.83085],[98.98505,7.83983],[98.99083,7.8436],[98.99129,7.83713],[98.9947,7.83106],[98.99342,7.81861],[98.98996,7.81717]],[[98.99643,7.80151],[98.99695,7.79887],[98.99671,7.79682],[98.99319,7.80133],[98.99429,7.80483],[98.99643,7.80151]],[[99.02109,7.83124],[99.01516,7.83035],[99.01415,7.83199],[99.01568,7.83504],[99.02157,7.83582],[99.02109,7.83124]],[[99.03481,7.86903],[99.03995,7.86211],[99.03814,7.85474],[99.03256,7.85307],[99.0313,7.84146],[99.0202,7.83959],[99.01788,7.83687],[99.01245,7.84121],[99.00276,7.86945],[99.00565,7.88245],[99.02231,7.88442],[99.02628,7.8732],[99.0324,7.86741],[99.03481,7.86903]],[[99.0428,7.87052],[99.04685,7.87049],[99.04932,7.86943],[99.04385,7.8665],[99.0428,7.87052]],[[99.04567,7.87702],[99.04027,7.87755],[99.03947,7.87891],[99.04709,7.87998],[99.04828,7.87766],[99.04567,7.87702]],[[99.04879,7.64289],[99.05919,7.61339],[99.06182,7.61183],[99.06503,7.61732],[99.06733,7.61437],[99.06616,7.60875],[99.07949,7.59703],[99.07956,7.59061],[99.07575,7.57994],[99.07718,7.5587],[99.08109,7.54862],[99.09444,7.53281],[99.09428,7.5275],[99.10021,7.52053],[99.10307,7.51009],[99.11059,7.49815],[99.10946,7.48185],[99.10627,7.47947],[99.10354,7.47081],[99.09851,7.46732],[99.09534,7.47244],[99.08974,7.47425],[99.09067,7.47737],[99.08843,7.48231],[99.08493,7.48303],[99.08255,7.48675],[99.07986,7.48611],[99.07373,7.49695],[99.06985,7.49653],[99.06687,7.50031],[99.05246,7.52612],[99.04522,7.54542],[99.03375,7.56736],[99.03053,7.58906],[99.0336,7.60261],[99.02679,7.62261],[99.03215,7.62666],[99.0316,7.63256],[99.02707,7.64356],[99.02084,7.64516],[99.02029,7.64281],[99.01882,7.64706],[99.0197,7.64876],[99.02221,7.646],[99.02709,7.64581],[99.03432,7.65051],[99.03862,7.64981],[99.04879,7.64289]],[[99.04942,7.88143],[99.04439,7.88325],[99.05654,7.89477],[99.05317,7.88225],[99.04942,7.88143]],[[99.06566,7.21398],[99.06833,7.20843],[99.06256,7.19747],[99.05409,7.19853],[99.05263,7.20483],[99.05693,7.215],[99.05896,7.21697],[99.06566,7.21398]],[[99.0735,7.6864],[99.09295,7.67925],[99.09889,7.67974],[99.10938,7.68624],[99.12156,7.67043],[99.1227,7.66354],[99.12925,7.65193],[99.13,7.64235],[99.12652,7.63514],[99.11748,7.62534],[99.11941,7.61458],[99.12454,7.61099],[99.12078,7.60391],[99.12323,7.59353],[99.11968,7.58823],[99.1154,7.58699],[99.11711,7.59761],[99.11002,7.60215],[99.10091,7.60226],[99.09062,7.60569],[99.0903,7.59792],[99.08748,7.59568],[99.07873,7.60084],[99.06714,7.61066],[99.06856,7.61447],[99.06582,7.61845],[99.05758,7.62394],[99.0564,7.63358],[99.05098,7.64755],[99.03794,7.65499],[99.04106,7.66477],[99.03903,7.68447],[99.05685,7.68761],[99.0735,7.6864]],[[99.07715,7.91554],[99.07894,7.91673],[99.0799,7.91482],[99.07969,7.90187],[99.06677,7.87802],[99.06361,7.8752],[99.05878,7.87704],[99.06479,7.91857],[99.06816,7.92126],[99.06862,7.91757],[99.0698,7.91552],[99.07715,7.91554]],[[99.08307,7.22654],[99.08505,7.22061],[99.08031,7.21802],[99.07328,7.2179],[99.06911,7.21416],[99.06477,7.21546],[99.06125,7.21958],[99.06181,7.2213],[99.06597,7.22142],[99.07208,7.22871],[99.07932,7.22954],[99.08307,7.22654]],[[99.11786,7.49718],[99.11759,7.49905],[99.12061,7.49957],[99.12207,7.49518],[99.11715,7.49365],[99.11786,7.49718]],[[99.11681,7.69947],[99.11314,7.70546],[99.11287,7.71518],[99.11661,7.71199],[99.12126,7.70078],[99.11908,7.69602],[99.11681,7.69947]],[[99.12499,7.74468],[99.1244,7.74838],[99.12532,7.75024],[99.12903,7.74227],[99.12499,7.74468]],[[99.12534,7.73424],[99.1221,7.73605],[99.12391,7.74287],[99.12843,7.73938],[99.13051,7.73444],[99.12949,7.73294],[99.12534,7.73424]],[[99.12808,7.54099],[99.13662,7.53471],[99.13516,7.52456],[99.13368,7.52982],[99.12563,7.53257],[99.117,7.54272],[99.11885,7.54423],[99.12808,7.54099]],[[99.14066,7.57665],[99.14062,7.5799],[99.14276,7.57288],[99.14146,7.57351],[99.14066,7.57665]],[[99.14235,7.56091],[99.14293,7.56345],[99.14592,7.56027],[99.1453,7.5594],[99.14235,7.56091]],[[99.14329,7.58531],[99.14002,7.5931],[99.14201,7.59453],[99.14644,7.59246],[99.14894,7.58833],[99.14647,7.58238],[99.14329,7.58531]],[[99.14415,7.61931],[99.13834,7.63974],[99.13993,7.64088],[99.14632,7.63864],[99.14962,7.63013],[99.1478,7.61788],[99.14504,7.61533],[99.14415,7.61931]],[[99.14681,7.61252],[99.14726,7.61407],[99.14914,7.61795],[99.15169,7.6149],[99.15094,7.60925],[99.14885,7.6088],[99.14681,7.61252]],[[99.21802,7.40274],[99.21137,7.4062],[99.20966,7.4026],[99.2058,7.40488],[99.19923,7.40198],[99.20098,7.40672],[99.19924,7.4194],[99.2014,7.43516],[99.21267,7.41254],[99.21727,7.40745],[99.21802,7.40274]]]}},{"type":"Feature","properties":{"kind":"coastline","p_code":"84","p_name_t":"จังหวัดสุราษฎร์ธานี","p_name_e":"CHANGWAT SURAT THANI","length_km":484.02},"geometry":{"type":"MultiLineString","coordinates":[[[99.1592,9.7042],[99.16095,9.67991],[99.17109,9.6546],[99.20937,9.60068],[99.20741,9.59292],[99.20766,9.5777],[99.2129,9.55562],[99.23009,9.51956],[99.24109,9.4872],[99.26467,9.44611],[99.30195,9.40943],[99.31255,9.3918],[99.31252,9.38894],[99.30688,9.39655],[99.29953,9.40028],[99.29617,9.40486],[99.29082,9.40332],[99.27908,9.39167],[99.27361,9.37573],[99.26914,9.37082],[99.26807,9.37572],[99.26317,9.37075],[99.2622,9.36172],[99.23889,9.35441],[99.23737,9.3474],[99.23409,9.3506],[99.23343,9.34564],[99.22065,9.34088],[99.21495,9.3301],[99.21537,9.32],[99.21248,9.30619],[99.21496,9.3038],[99.21428,9.30046],[99.21855,9.28798],[99.22258,9.2817],[99.22657,9.28125],[99.22712,9.27814],[99.22359,9.27097],[99.22294,9.25743],[99.23869,9.23572],[99.25128,9.22301],[99.25457,9.22286],[99.2554,9.22634],[99.25899,9.22718],[99.26327,9.21648],[99.26826,9.21459],[99.2724,9.2178],[99.27389,9.21506],[99.28486,9.22797],[99.28563,9.23296],[99.28929,9.22894],[99.29766,9.23098],[99.30465,9.23476],[99.31023,9.24517],[99.31318,9.24463],[99.31084,9.23915],[99.31884,9.24632],[99.32362,9.24383],[99.31525,9.23543],[99.32255,9.23444],[99.32099,9.23098],[99.31313,9.22862],[99.31157,9.22118],[99.32232,9.21551],[99.33725,9.22725],[99.33485,9.22125],[99.33715,9.22371],[99.34418,9.22157],[99.33672,9.21572],[99.33792,9.21232],[99.33492,9.20888],[99.33848,9.20881],[99.33885,9.20697],[99.34273,9.20972],[99.34519,9.20742],[99.35975,9.2158],[99.35972,9.21435],[99.36178,9.21516],[99.35838,9.20704],[99.3609,9.20484],[99.35947,9.20202],[99.3607,9.19837],[99.36588,9.19806],[99.36446,9.1942],[99.36823,9.19397],[99.3673,9.18977],[99.3724,9.19234],[99.37551,9.20146],[99.37672,9.19441],[99.38757,9.19979],[99.3819,9.19323],[99.38328,9.19289],[99.40027,9.20268],[99.41478,9.20626],[99.46639,9.19825],[99.47428,9.21037],[99.48559,9.2118],[99.49786,9.22143],[99.49634,9.22784],[99.50869,9.2614],[99.52228,9.27873],[99.53051,9.28531],[99.53929,9.28723],[99.54446,9.28608],[99.55924,9.27815],[99.58788,9.26864],[99.60754,9.26868],[99.61591,9.27319],[99.62286,9.28531],[99.64095,9.302],[99.66042,9.30446],[99.66628,9.30328],[99.67186,9.30651],[99.67426,9.31185],[99.67676,9.31001],[99.6817,9.31326],[99.68262,9.31793],[99.68052,9.3224],[99.6851,9.33218],[99.68207,9.3341],[99.68096,9.33819],[99.6885,9.33473],[99.68797,9.32921],[99.69229,9.32578],[99.70233,9.32238],[99.7045,9.32547],[99.72009,9.31478],[99.72923,9.31242],[99.73165,9.31251],[99.73447,9.32063],[99.7443,9.32926],[99.74181,9.32415],[99.74435,9.32431],[99.7504,9.31795],[99.75926,9.31525],[99.76912,9.32314]],[[99.65366,9.44677],[99.65385,9.4449],[99.65266,9.44235],[99.64993,9.44927],[99.65407,9.44844],[99.65366,9.44677]],[[99.6591,9.30974],[99.65893,9.31036],[99.66004,9.31106],[99.66051,9.30998],[99.6591,9.30974]],[[99.66026,9.31702],[99.66094,9.3155],[99.65955,9.31366],[99.65954,9.31573],[99.66026,9.31702]],[[99.65976,9.67683],[99.65924,9.67716],[99.65977,9.67756],[99.66023,9.67712],[99.65976,9.67683]],[[99.66016,9.66141],[99.65921,9.66061],[99.65827,9.66092],[99.65922,9.66215],[99.66016,9.66141]],[[99.66287,9.69652],[99.66186,9.69577],[99.66126,9.69694],[99.66249,9.69679],[99.66287,9.69652]],[[99.66334,9.67662],[99.66409,9.67772],[99.6646,9.67791],[99.66364,9.67519],[99.66334,9.67662]],[[99.66476,9.54385],[99.65862,9.54534],[99.66541,9.55801],[99.66647,9.55029],[99.66476,9.54385]],[[99.66492,9.70187],[99.66344,9.70105],[99.66238,9.70239],[99.66453,9.70304],[99.66492,9.70187]],[[99.66719,9.37906],[99.66239,9.38375],[99.66337,9.39501],[99.66819,9.40359],[99.67245,9.40575],[99.67695,9.39487],[99.67643,9.39104],[99.67102,9.38642],[99.66719,9.37906]],[[99.66607,9.68091],[99.66626,9.68232],[99.66732,9.68223],[99.66746,9.68006],[99.66607,9.68091]],[[99.66657,9.76941],[99.66715,9.77097],[99.66895,9.76995],[99.66792,9.76869],[99.66657,9.76941]],[[99.66947,9.42621],[99.66649,9.42987],[99.67295,9.43405],[99.67564,9.42727],[99.66947,9.42621]],[[99.66795,9.76718],[99.66818,9.76774],[99.66847,9.76646],[99.66816,9.76655],[99.66795,9.76718]],[[99.66853,9.66726],[99.66845,9.66506],[99.66288,9.66575],[99.6645,9.6702],[99.66853,9.66726]],[[99.66991,9.67241],[99.66784,9.67248],[99.66824,9.67496],[99.66976,9.67477],[99.66991,9.67241]],[[99.67046,9.77158],[99.67106,9.77241],[99.67252,9.77281],[99.67084,9.76972],[99.67046,9.77158]],[[99.67169,9.65128],[99.67559,9.64671],[99.67102,9.6471],[99.66992,9.64946],[99.6654,9.64672],[99.6657,9.65009],[99.66241,9.64995],[99.6596,9.65452],[99.66496,9.66105],[99.66855,9.65647],[99.6675,9.65108],[99.67169,9.65128]],[[99.67181,9.63599],[99.67476,9.63254],[99.68186,9.63095],[99.68476,9.6151],[99.6773,9.60638],[99.6736,9.60703],[99.66868,9.61235],[99.66888,9.62641],[99.6668,9.62793],[99.6664,9.63393],[99.66189,9.63747],[99.66479,9.64071],[99.66728,9.6402],[99.66761,9.64271],[99.67181,9.63599]],[[99.67298,9.54102],[99.67227,9.54239],[99.67426,9.54381],[99.6738,9.54118],[99.67298,9.54102]],[[99.67303,9.77523],[99.67081,9.77541],[99.67302,9.77776],[99.67384,9.77649],[99.67303,9.77523]],[[99.67378,9.78142],[99.67098,9.77902],[99.67301,9.7849],[99.67065,9.78844],[99.67178,9.78996],[99.67393,9.7857],[99.67378,9.78142]],[[99.67423,9.7063],[99.6752,9.70604],[99.67516,9.70466],[99.67435,9.70465],[99.67423,9.7063]],[[99.67465,9.70792],[99.67494,9.70749],[99.6744,9.70718],[99.67437,9.70765],[99.67465,9.70792]],[[99.67621,9.47183],[99.67667,9.46904],[99.68106,9.46868],[99.67981,9.4631],[99.67656,9.46242],[99.6667,9.46775],[99.66898,9.47341],[99.67621,9.47183]],[[99.6756,9.66282],[99.6761,9.66446],[99.67703,9.66496],[99.67668,9.66281],[99.6756,9.66282]],[[99.6757,9.68541],[99.67381,9.68681],[99.67433,9.68806],[99.67618,9.6864],[99.6757,9.68541]],[[99.67587,9.70787],[99.67571,9.70908],[99.67625,9.71019],[99.67673,9.70855],[99.67587,9.70787]],[[99.67625,9.63875],[99.67361,9.63888],[99.67325,9.64249],[99.675,9.64275],[99.67625,9.63875]],[[99.67628,9.68035],[99.67579,9.68076],[99.67789,9.68108],[99.67739,9.68021],[99.67628,9.68035]],[[99.67622,9.70652],[99.67542,9.70686],[99.67698,9.70747],[99.67688,9.7065],[99.67622,9.70652]],[[99.67681,9.67152],[99.6786,9.6712],[99.67763,9.66898],[99.67664,9.67034],[99.67681,9.67152]],[[99.67701,9.70177],[99.6776,9.69575],[99.67983,9.69536],[99.67815,9.69236],[99.67356,9.6919],[99.67077,9.69434],[99.67451,9.69985],[99.6737,9.70393],[99.6773,9.70426],[99.67701,9.70177]],[[99.67792,9.67429],[99.67597,9.67547],[99.67858,9.67685],[99.67923,9.67549],[99.67792,9.67429]],[[99.68004,9.67183],[99.67985,9.67262],[99.68053,9.67375],[99.68032,9.67025],[99.68004,9.67183]],[[99.68005,9.69964],[99.68072,9.6989],[99.67924,9.69786],[99.67927,9.69849],[99.68005,9.69964]],[[99.68334,9.35089],[99.67959,9.35241],[99.68016,9.35401],[99.68344,9.35366],[99.68334,9.35089]],[[99.68324,9.55624],[99.68237,9.55734],[99.6845,9.55734],[99.68589,9.5551],[99.68324,9.55624]],[[99.68469,9.6808],[99.68729,9.6817],[99.68732,9.67973],[99.68316,9.67981],[99.68261,9.67585],[99.67966,9.67716],[99.6794,9.68063],[99.68305,9.68377],[99.68469,9.6808]],[[99.68582,9.66256],[99.6838,9.66073],[99.68107,9.65134],[99.67856,9.65301],[99.67892,9.66251],[99.68187,9.66559],[99.68339,9.66405],[99.68886,9.66511],[99.68582,9.66256]],[[99.69241,9.55022],[99.69257,9.54921],[99.69748,9.54912],[99.69869,9.55072],[99.69902,9.5484],[99.70271,9.54777],[99.706,9.54936],[99.70756,9.5466],[99.70289,9.54018],[99.70458,9.53884],[99.70266,9.53671],[99.705,9.53566],[99.69997,9.53406],[99.70732,9.53105],[99.70101,9.52805],[99.70472,9.52312],[99.69986,9.5232],[99.69838,9.52095],[99.70066,9.51351],[99.68103,9.50705],[99.67212,9.50945],[99.66582,9.51513],[99.66171,9.51429],[99.66352,9.51789],[99.66174,9.52936],[99.66644,9.52779],[99.67001,9.53156],[99.66951,9.53492],[99.66644,9.53656],[99.68153,9.5416],[99.68078,9.5471],[99.68438,9.54519],[99.68623,9.54705],[99.68285,9.54934],[99.68375,9.55132],[99.68894,9.55328],[99.69241,9.55022]],[[99.69425,9.55122],[99.69512,9.55138],[99.69378,9.54989],[99.69371,9.55046],[99.69425,9.55122]],[[99.69713,9.48195],[99.69919,9.48144],[99.69605,9.48096],[99.69544,9.48347],[99.69713,9.48195]],[[99.70225,9.33155],[99.70439,9.33258],[99.70329,9.32907],[99.70242,9.32976],[99.70225,9.33155]],[[99.70576,9.51042],[99.70517,9.50807],[99.70277,9.50948],[99.70364,9.51133],[99.70576,9.51042]],[[99.71001,9.52014],[99.71054,9.52254],[99.71205,9.52229],[99.71135,9.52011],[99.71001,9.52014]],[[99.71097,9.60503],[99.70933,9.6131],[99.71176,9.62051],[99.715,9.61269],[99.71222,9.60785],[99.71339,9.603],[99.71097,9.60503]],[[99.71247,9.80082],[99.71328,9.80179],[99.71346,9.79865],[99.71283,9.79884],[99.71247,9.80082]],[[99.71318,9.79639],[99.71338,9.79678],[99.71418,9.7964],[99.7134,9.79617],[99.71318,9.79639]],[[99.71549,9.60207],[99.71442,9.60316],[99.71701,9.60467],[99.71723,9.60318],[99.71549,9.60207]],[[99.71846,9.35055],[99.72009,9.35117],[99.72152,9.35039],[99.71969,9.34975],[99.71846,9.35055]],[[99.72062,9.5921],[99.71997,9.59415],[99.72182,9.59561],[99.72211,9.59249],[99.71974,9.59077],[99.72062,9.5921]],[[99.89086,9.31129],[99.88932,9.31729],[99.89131,9.3183],[99.8933,9.31055],[99.89175,9.30698],[99.89086,9.31129]],[[99.91355,9.31107],[99.90938,9.31354],[99.90973,9.31589],[99.91572,9.31407],[99.91553,9.30863],[99.91355,9.31107]],[[99.94944,9.70468],[99.94712,9.70531],[99.94497,9.70304],[99.94293,9.70629],[99.94906,9.70754],[99.94944,9.70468]],[[99.95379,9.37101],[99.95736,9.36843],[99.95866,9.37035],[99.95913,9.36653],[99.95604,9.36123],[99.94178,9.35645],[99.92907,9.35982],[99.93333,9.36828],[99.93548,9.36612],[99.93836,9.36783],[99.93962,9.37252],[99.93493,9.37291],[99.93658,9.38225],[99.95125,9.39563],[99.95268,9.38973],[99.94888,9.3862],[99.94834,9.37999],[99.95379,9.37101]],[[99.96185,9.30742],[99.95998,9.30364],[99.95053,9.31234],[99.95829,9.30998],[99.9628,9.31288],[99.96414,9.31066],[99.96185,9.30742]],[[99.97133,9.70814],[99.97116,9.71062],[99.97305,9.71168],[99.97438,9.70776],[99.97171,9.70619],[99.97133,9.70814]],[[99.97958,9.37336],[99.97693,9.36775],[99.97189,9.36815],[99.98102,9.37923],[99.97958,9.37336]],[[99.98068,9.80184],[99.98046,9.80003],[99.97715,9.80095],[99.97862,9.80325],[99.98068,9.80184]],[[100.03124,9.80317],[100.0341,9.79307],[100.03634,9.79236],[100.03877,9.79482],[100.05181,9.79287],[100.06178,9.78741],[100.0625,9.78501],[100.05593,9.78177],[100.05757,9.77696],[100.05622,9.77286],[100.06141,9.76943],[100.0633,9.77272],[100.06679,9.77348],[100.06854,9.76919],[100.07271,9.767],[100.07191,9.76225],[100.07627,9.75478],[100.07395,9.75041],[100.07928,9.74546],[100.08111,9.7399],[100.0813,9.73406],[100.07741,9.72972],[100.07608,9.72095],[100.07987,9.7176],[100.07501,9.71416],[100.08004,9.70084],[100.07862,9.69873],[100.08154,9.69687],[100.07814,9.69701],[100.07365,9.69146],[100.07805,9.68292],[100.06852,9.67967],[100.06786,9.67635],[100.07334,9.66953],[100.07768,9.66842],[100.07711,9.66653],[100.06974,9.66673],[100.06924,9.66997],[100.05883,9.68066],[100.04429,9.68794],[100.0381,9.69446],[100.00016,9.70705],[99.99219,9.70591],[99.98903,9.70751],[99.98074,9.71989],[99.97613,9.72315],[99.97579,9.72993],[99.98019,9.7335],[99.97355,9.75011],[99.97109,9.75224],[99.96573,9.75034],[99.96353,9.75158],[99.96544,9.75357],[99.96383,9.76018],[99.96109,9.76201],[99.96082,9.7695],[99.96167,9.77324],[99.96635,9.77675],[99.96691,9.78619],[99.97053,9.78469],[99.97267,9.78693],[99.97113,9.7922],[99.97696,9.79204],[99.9827,9.79994],[99.98928,9.79875],[99.99137,9.80395],[99.99476,9.79744],[99.99766,9.79636],[99.99543,9.79265],[100.00556,9.78714],[100.01034,9.79003],[100.01294,9.79866],[100.01561,9.79836],[100.01695,9.80276],[100.02537,9.80458],[100.03124,9.80317]],[[100.07298,9.58884],[100.07555,9.58669],[100.07998,9.58873],[100.07975,9.58358],[100.0817,9.58129],[100.07999,9.57467],[100.09065,9.57002],[100.08818,9.56016],[100.08355,9.5592],[100.0757,9.54899],[100.07598,9.54037],[100.07232,9.53936],[100.0683,9.53324],[100.06143,9.52894],[100.05634,9.51579],[100.05719,9.51101],[100.05489,9.50385],[100.06028,9.49931],[100.06135,9.49096],[100.06644,9.48763],[100.06587,9.47861],[100.0703,9.47841],[100.06947,9.47392],[100.07375,9.47123],[100.06959,9.46731],[100.06082,9.47223],[100.04916,9.46912],[100.04013,9.45237],[100.02825,9.45134],[100.01683,9.42478],[100.00926,9.42014],[100.0002,9.42502],[99.98602,9.42272],[99.96511,9.40899],[99.96005,9.41748],[99.95079,9.42283],[99.94762,9.42092],[99.94054,9.42245],[99.93581,9.41882],[99.92907,9.41761],[99.92902,9.4287],[99.9348,9.42617],[99.93726,9.42927],[99.93379,9.43843],[99.93443,9.4567],[99.93027,9.47556],[99.92638,9.47757],[99.92461,9.48696],[99.92117,9.49081],[99.91874,9.48992],[99.91832,9.49206],[99.92042,9.49468],[99.92124,9.4918],[99.92683,9.4921],[99.93392,9.50136],[99.93485,9.50739],[99.93179,9.51654],[99.93394,9.52264],[99.93399,9.53847],[99.92619,9.55977],[99.91647,9.56974],[99.91213,9.56955],[99.91189,9.57104],[99.91505,9.57122],[99.91813,9.57723],[99.92278,9.57475],[99.93354,9.57856],[99.95259,9.5793],[99.98218,9.58761],[99.98595,9.58069],[99.99828,9.57078],[100.01007,9.57018],[100.01658,9.57434],[100.01904,9.57111],[100.01819,9.56727],[100.02712,9.5613],[100.03547,9.56014],[100.04031,9.56209],[100.04123,9.56503],[100.0439,9.56028],[100.05215,9.55729],[100.06163,9.56457],[100.06142,9.56908],[100.06887,9.58493],[100.06523,9.59043],[100.06918,9.59374],[100.0689,9.59009],[100.07298,9.58884]],[[100.08534,9.53554],[100.0862,9.53368],[100.07995,9.5384],[100.08084,9.54156],[100.08408,9.53996],[100.08291,9.53712],[100.08534,9.53554]]]}},{"type":"Feature","properties":{"kind":"coastline","p_code":"91","p_name_t":"จังหวัดสตูล","p_name_e":"CHANGWAT SATUN","length_km":448.74},"geometry":{"type":"MultiLineString","coordinates":[[[100.11904,6.42405],[100.11659,6.43325],[100.11817,6.44254],[100.1139,6.44951],[100.1146,6.45814],[100.1018,6.48874],[100.1014,6.49668],[100.08728,6.49426],[100.08422,6.49681],[100.08896,6.49899],[100.09295,6.514],[100.09589,6.51791],[100.0982,6.51675],[100.09875,6.52988],[100.09495,6.54203],[100.09663,6.54592],[100.10058,6.54719],[100.09988,6.55176],[100.09016,6.54902],[100.08137,6.5565],[100.08089,6.56063],[100.07643,6.55847],[100.07663,6.551],[100.06857,6.53116],[100.0679,6.52379],[100.0614,6.51691],[100.04977,6.52098],[100.00951,6.55681],[100.00575,6.55496],[99.97998,6.55736],[99.95459,6.53848],[99.85784,6.56757],[99.84534,6.58493],[99.84434,6.5948],[99.91639,6.64433],[99.91599,6.66865],[99.92161,6.6865],[99.91316,6.70243],[99.90687,6.70505],[99.90732,6.70795],[99.91169,6.71001],[99.91283,6.71164],[99.91266,6.71287],[99.90846,6.71918],[99.90003,6.71814],[99.88767,6.72036],[99.87695,6.71888],[99.87001,6.72158],[99.85674,6.74315],[99.84122,6.74485],[99.8401,6.77895],[99.83176,6.77582],[99.82661,6.77634],[99.82797,6.77882],[99.82139,6.77383],[99.81157,6.77025],[99.80795,6.77275],[99.80494,6.77804],[99.80326,6.79263],[99.79962,6.79941],[99.80153,6.80215],[99.79997,6.80761],[99.79228,6.82168],[99.77955,6.83735],[99.77364,6.84214],[99.77041,6.84225],[99.76784,6.83618],[99.763,6.83506],[99.75735,6.8384],[99.75432,6.83287],[99.7484,6.84195],[99.73549,6.84975],[99.72239,6.85458],[99.72053,6.86187],[99.70783,6.85842],[99.7015,6.85987],[99.70262,6.86408],[99.70583,6.86411],[99.71137,6.87314],[99.70876,6.87461],[99.70455,6.87102],[99.70158,6.87132],[99.70164,6.86962],[99.69697,6.8699],[99.69039,6.88047],[99.6848,6.89668],[99.6777,6.89978],[99.68306,6.91062],[99.68143,6.9459],[99.69192,6.95552],[99.70108,6.95435],[99.70433,6.95793],[99.70446,6.96214],[99.70315,6.96679],[99.69678,6.96833],[99.69071,6.96682],[99.68654,6.96056],[99.68249,6.96043],[99.68242,6.97201],[99.68568,6.97321],[99.68123,6.97548],[99.67728,6.98105],[99.6703,7.00236],[99.67331,7.00812],[99.68088,7.01096],[99.68421,7.01467],[99.6813,7.0143],[99.67656,7.02001],[99.66867,7.04271],[99.67449,7.0527],[99.67654,7.05388],[99.679,7.05085],[99.69542,7.0789],[99.69872,7.0762],[99.69832,7.06973],[99.70057,7.06666],[99.70847,7.08053],[99.71028,7.08851],[99.71608,7.09015],[99.70973,7.10035],[99.71037,7.10305],[99.7265,7.11281],[99.73367,7.11008],[99.73583,7.12013],[99.73304,7.12829],[99.73511,7.13084]],[[99.16296,6.54216],[99.16418,6.5425],[99.16447,6.54139],[99.1638,6.54127],[99.16296,6.54216]],[[99.16348,6.53869],[99.16662,6.53325],[99.1729,6.53078],[99.17742,6.52428],[99.18376,6.52392],[99.18383,6.52125],[99.17463,6.51706],[99.16715,6.52099],[99.16517,6.52423],[99.15741,6.52322],[99.15374,6.52826],[99.153,6.53496],[99.15718,6.54271],[99.16348,6.53869]],[[99.17136,6.50643],[99.17206,6.50849],[99.17313,6.50892],[99.17303,6.50673],[99.17136,6.50643]],[[99.1717,6.5131],[99.17262,6.51439],[99.17369,6.514],[99.17253,6.51226],[99.1717,6.5131]],[[99.17321,6.51538],[99.17402,6.51627],[99.1748,6.51507],[99.17382,6.51465],[99.17321,6.51538]],[[99.1756,6.50436],[99.17597,6.50609],[99.17931,6.50758],[99.17681,6.50366],[99.1756,6.50436]],[[99.17979,6.50197],[99.1813,6.50364],[99.18273,6.50427],[99.1811,6.50164],[99.17979,6.50197]],[[99.24922,6.58205],[99.25535,6.57569],[99.25756,6.57014],[99.25734,6.55692],[99.23558,6.55044],[99.23309,6.54747],[99.22674,6.54575],[99.22672,6.54254],[99.2213,6.53969],[99.21765,6.53862],[99.21515,6.5414],[99.20626,6.54095],[99.20337,6.54364],[99.20154,6.53983],[99.20043,6.54324],[99.19148,6.54734],[99.18733,6.54635],[99.18318,6.54109],[99.17205,6.54195],[99.16357,6.54878],[99.16549,6.55101],[99.16432,6.55405],[99.16636,6.55428],[99.17147,6.55249],[99.17194,6.54786],[99.17453,6.54678],[99.17603,6.54902],[99.17965,6.54627],[99.18295,6.54845],[99.17982,6.55218],[99.18007,6.5556],[99.19022,6.56231],[99.19018,6.56658],[99.1931,6.56893],[99.19119,6.57265],[99.19363,6.57806],[99.19545,6.57619],[99.19835,6.57845],[99.19835,6.57549],[99.20259,6.57658],[99.20439,6.57473],[99.20952,6.5773],[99.21057,6.57463],[99.21598,6.5749],[99.22018,6.57736],[99.22241,6.57596],[99.23075,6.58087],[99.23301,6.57724],[99.24055,6.58166],[99.24922,6.58205]],[[99.26155,6.51386],[99.2592,6.51241],[99.25851,6.51239],[99.26243,6.51531],[99.26155,6.51386]],[[99.26275,6.54326],[99.26104,6.54076],[99.25453,6.54288],[99.26011,6.54489],[99.26275,6.54326]],[[99.26856,6.52437],[99.26921,6.52492],[99.27043,6.52478],[99.26966,6.52363],[99.26856,6.52437]],[[99.27867,6.5778],[99.29663,6.56625],[99.30192,6.56713],[99.30805,6.56276],[99.31608,6.5654],[99.31351,6.55803],[99.32581,6.55272],[99.32256,6.54936],[99.32172,6.54347],[99.32317,6.52418],[99.31351,6.5092],[99.31264,6.51102],[99.30549,6.50822],[99.28325,6.5093],[99.28605,6.51893],[99.28524,6.52532],[99.28174,6.53998],[99.27606,6.54922],[99.27328,6.55898],[99.27493,6.57798],[99.27867,6.5778]],[[99.30885,6.49364],[99.3106,6.4836],[99.30905,6.47939],[99.30569,6.48086],[99.30577,6.48465],[99.30132,6.48777],[99.28685,6.48134],[99.28306,6.48235],[99.28682,6.48681],[99.29335,6.48723],[99.30098,6.49387],[99.3075,6.49506],[99.30885,6.49364]],[[99.31736,6.49875],[99.31813,6.50017],[99.31954,6.50025],[99.31883,6.49852],[99.31736,6.49875]],[[99.33502,6.48701],[99.33244,6.4872],[99.33159,6.48834],[99.33519,6.48858],[99.33502,6.48701]],[[99.34556,6.55814],[99.34067,6.56894],[99.34248,6.57166],[99.34947,6.5632],[99.34748,6.55819],[99.34556,6.55814]],[[99.34962,6.55104],[99.35034,6.55165],[99.35079,6.55002],[99.35053,6.55015],[99.34962,6.55104]],[[99.36558,6.48478],[99.36578,6.48599],[99.36641,6.48617],[99.36655,6.48375],[99.36558,6.48478]],[[99.44277,6.55649],[99.44556,6.56501],[99.44983,6.56984],[99.45009,6.57502],[99.45319,6.57745],[99.45694,6.57627],[99.45303,6.5653],[99.44733,6.56188],[99.44447,6.55591],[99.44277,6.55649]],[[99.45603,6.57871],[99.45083,6.58527],[99.45437,6.58809],[99.4582,6.58108],[99.45603,6.57871]],[[99.64923,6.73562],[99.65624,6.72869],[99.65989,6.71719],[99.66295,6.71707],[99.66485,6.70347],[99.67159,6.69689],[99.6724,6.70119],[99.67468,6.69961],[99.67687,6.70189],[99.67811,6.69118],[99.68405,6.68518],[99.68217,6.67556],[99.685,6.65957],[99.68186,6.64952],[99.68427,6.64492],[99.68136,6.6428],[99.68423,6.63985],[99.68031,6.63999],[99.68063,6.6332],[99.67695,6.63087],[99.67921,6.6222],[99.67782,6.61672],[99.68638,6.60771],[99.6874,6.60256],[99.69083,6.60841],[99.6923,6.60554],[99.69348,6.59794],[99.69144,6.59715],[99.69419,6.5939],[99.69535,6.58337],[99.69452,6.57695],[99.69265,6.57584],[99.69419,6.57339],[99.69158,6.57247],[99.69069,6.5673],[99.6932,6.56387],[99.69243,6.55988],[99.69817,6.55681],[99.69837,6.55112],[99.69789,6.54372],[99.69349,6.54213],[99.69237,6.53919],[99.69399,6.53785],[99.69138,6.53493],[99.69306,6.52968],[99.68916,6.52957],[99.68458,6.53688],[99.67984,6.5355],[99.67618,6.53954],[99.67049,6.53076],[99.66776,6.5327],[99.6664,6.53136],[99.66796,6.52336],[99.67167,6.52206],[99.66907,6.52217],[99.66899,6.5172],[99.67328,6.51231],[99.66543,6.51418],[99.66091,6.50514],[99.65407,6.50333],[99.64445,6.51893],[99.63873,6.53639],[99.63908,6.54699],[99.62384,6.56714],[99.61844,6.56465],[99.61377,6.56652],[99.61125,6.57383],[99.60301,6.58331],[99.59553,6.59808],[99.5997,6.61217],[99.6044,6.61509],[99.60871,6.61426],[99.61252,6.61864],[99.61872,6.64621],[99.61424,6.65122],[99.614,6.66057],[99.61769,6.66184],[99.61858,6.66491],[99.62673,6.66314],[99.6285,6.66928],[99.63062,6.66791],[99.63219,6.67065],[99.63547,6.67042],[99.63748,6.67359],[99.63643,6.6755],[99.63933,6.67635],[99.6445,6.70292],[99.64027,6.70575],[99.6432,6.71376],[99.6409,6.71808],[99.64194,6.72015],[99.63925,6.72113],[99.63942,6.73528],[99.64154,6.73897],[99.64575,6.74057],[99.64923,6.73562]],[[99.66045,6.72705],[99.65753,6.73163],[99.65729,6.73357],[99.66277,6.72713],[99.66045,6.72705]],[[99.67206,6.70999],[99.67219,6.70693],[99.671,6.70641],[99.66975,6.71142],[99.67132,6.71234],[99.67206,6.70999]],[[99.68953,6.61777],[99.68906,6.61598],[99.68746,6.61854],[99.68884,6.6223],[99.68953,6.61777]],[[99.69027,6.66859],[99.69125,6.66531],[99.69111,6.66224],[99.68849,6.66929],[99.69027,6.66859]],[[99.69114,6.6519],[99.69096,6.65369],[99.69143,6.6547],[99.69262,6.65202],[99.69114,6.6519]],[[99.69232,6.63923],[99.69148,6.64171],[99.69414,6.64415],[99.69316,6.63825],[99.69232,6.63923]],[[99.69312,6.52564],[99.69418,6.51928],[99.69326,6.51784],[99.69112,6.51848],[99.68922,6.52418],[99.6919,6.5277],[99.69312,6.52564]],[[99.6965,6.85254],[99.69808,6.84999],[99.69475,6.84782],[99.69765,6.82896],[99.69298,6.81559],[99.69081,6.81503],[99.6906,6.81747],[99.68609,6.81959],[99.68301,6.83329],[99.68537,6.83696],[99.68315,6.84092],[99.68616,6.84311],[99.68895,6.85075],[99.69243,6.84947],[99.69279,6.8524],[99.6965,6.85254]],[[99.70068,6.60771],[99.69884,6.61099],[99.69989,6.61249],[99.70152,6.60664],[99.70068,6.60771]],[[99.70439,6.52257],[99.70492,6.52016],[99.7009,6.51988],[99.70161,6.51843],[99.69762,6.52001],[99.69935,6.52338],[99.70132,6.52234],[99.70424,6.52474],[99.70439,6.52257]],[[99.7066,6.54748],[99.70446,6.54663],[99.70412,6.5482],[99.70665,6.54906],[99.7066,6.54748]],[[99.70652,6.73412],[99.70768,6.73248],[99.70516,6.73049],[99.70374,6.73523],[99.7053,6.73611],[99.70652,6.73412]],[[99.71802,6.58248],[99.71875,6.58306],[99.71862,6.58118],[99.71814,6.58195],[99.71802,6.58248]],[[99.79418,6.71075],[99.7949,6.71041],[99.79398,6.70964],[99.79362,6.71032],[99.79418,6.71075]],[[99.79813,6.70573],[99.79879,6.70575],[99.79877,6.70473],[99.79823,6.70504],[99.79813,6.70573]],[[99.82344,6.72012],[99.82483,6.71841],[99.8095,6.71183],[99.80509,6.71524],[99.81436,6.71958],[99.82344,6.72012]],[[99.83233,6.67514],[99.83291,6.67601],[99.83228,6.6738],[99.83199,6.67411],[99.83233,6.67514]],[[99.83397,6.65307],[99.83297,6.65119],[99.83105,6.65299],[99.83377,6.65449],[99.83397,6.65307]],[[99.84352,6.67243],[99.84395,6.67215],[99.84395,6.67149],[99.84323,6.67194],[99.84352,6.67243]],[[99.84408,6.70167],[99.84495,6.70041],[99.84064,6.69519],[99.83751,6.69535],[99.83852,6.70035],[99.84408,6.70167]],[[99.85782,6.73184],[99.86099,6.72938],[99.86232,6.71656],[99.86645,6.70811],[99.86382,6.70476],[99.85524,6.70732],[99.84668,6.70402],[99.84089,6.70993],[99.8465,6.73234],[99.84921,6.7337],[99.85782,6.73184]],[[99.86074,6.69544],[99.85879,6.69123],[99.85617,6.69313],[99.85769,6.69679],[99.86074,6.69544]],[[99.86409,6.67776],[99.86218,6.67516],[99.85783,6.67876],[99.86145,6.68152],[99.86386,6.69132],[99.86661,6.68528],[99.86409,6.67776]],[[99.86508,6.66729],[99.85262,6.66165],[99.84365,6.65158],[99.84427,6.6602],[99.84746,6.6676],[99.86247,6.67057],[99.86508,6.66729]],[[99.87036,6.70328],[99.87034,6.70534],[99.87128,6.70567],[99.87157,6.70274],[99.87036,6.70328]],[[99.87572,6.65463],[99.87537,6.65567],[99.87686,6.65582],[99.8771,6.65432],[99.87572,6.65463]],[[99.87714,6.7164],[99.8866,6.71354],[99.88753,6.71299],[99.87298,6.71201],[99.8723,6.71731],[99.87714,6.7164]],[[99.87978,6.70121],[99.87721,6.69995],[99.87309,6.70223],[99.87319,6.70519],[99.88706,6.70901],[99.88778,6.70749],[99.87978,6.70121]],[[99.88804,6.7147],[99.88425,6.71475],[99.88266,6.71678],[99.89272,6.71625],[99.88804,6.7147]],[[99.89805,6.70915],[99.89602,6.70777],[99.89013,6.70946],[99.90608,6.71517],[99.89805,6.70915]],[[99.9046,6.68577],[99.90616,6.68857],[99.90776,6.68817],[99.90618,6.68518],[99.9046,6.68577]],[[99.91145,6.70259],[99.9147,6.69628],[99.90805,6.68978],[99.90391,6.70613],[99.91218,6.71274],[99.91105,6.71011],[99.90793,6.70931],[99.90606,6.70629],[99.90745,6.70345],[99.91145,6.70259]]]}},{"type":"Feature","properties":{"kind":"coastline","p_code":"23","p_name_t":"จังหวัดตราด","p_name_e":"CHANGWAT TRAT","length_km":435.8},"geometry":{"type":"MultiLineString","coordinates":[[[102.90892,11.64997],[102.90601,11.65539],[102.90425,11.67628],[102.90103,11.68274],[102.90609,11.70154],[102.90717,11.71568],[102.90193,11.73077],[102.90362,11.73287],[102.90088,11.73321],[102.90209,11.73594],[102.89936,11.73576],[102.89198,11.7521],[102.89276,11.75424],[102.89073,11.75458],[102.87071,11.7882],[102.83741,11.82931],[102.83845,11.83197],[102.83358,11.83409],[102.77412,11.91186],[102.77262,11.92182],[102.77577,11.92836],[102.7792,11.9291],[102.78388,11.92679],[102.78309,11.92958],[102.78176,11.92892],[102.78476,11.94614],[102.78175,11.95387],[102.78168,11.95594],[102.78373,11.95001],[102.78484,11.94893],[102.78338,11.95529],[102.76702,11.97935],[102.76641,11.98444],[102.77147,11.98236],[102.76966,11.98368],[102.77197,11.99004],[102.76546,12.00648],[102.76597,12.02289],[102.75398,12.04186],[102.74434,12.05279],[102.7143,12.07905],[102.67654,12.10653],[102.66343,12.11965],[102.64391,12.1325],[102.6397,12.13689],[102.64178,12.13766],[102.6261,12.14759],[102.62521,12.15169],[102.62878,12.1554],[102.63677,12.15712],[102.6459,12.15396],[102.65092,12.15799],[102.64894,12.16272],[102.65046,12.16851],[102.64158,12.17959],[102.61613,12.1953],[102.61318,12.20107],[102.59931,12.20405],[102.5946,12.20907],[102.59467,12.2132],[102.56925,12.19655],[102.56197,12.1982],[102.55663,12.20889],[102.55427,12.20589],[102.55689,12.20553],[102.55712,12.19895],[102.56763,12.1913],[102.56176,12.18592],[102.55696,12.18589],[102.55654,12.1839],[102.56541,12.1785],[102.56628,12.1736],[102.57205,12.16995],[102.57402,12.16582],[102.55794,12.1657],[102.55573,12.16227],[102.5618,12.14184],[102.55736,12.13234],[102.55388,12.13044],[102.55754,12.12967],[102.56682,12.11667],[102.56439,12.11592],[102.56054,12.10911],[102.56228,12.10335],[102.55963,12.102],[102.55839,12.09548],[102.56464,12.08917],[102.57347,12.08641],[102.57304,12.07748],[102.58382,12.06995],[102.58916,12.05385],[102.58385,12.04325],[102.57702,12.05061],[102.57072,12.0518],[102.56779,12.04962],[102.56447,12.05341],[102.56042,12.05251],[102.55737,12.05643],[102.54792,12.05898],[102.55101,12.07043],[102.54845,12.07511],[102.55173,12.08227],[102.54292,12.09498],[102.53858,12.10583],[102.53076,12.11513],[102.51808,12.1231],[102.48213,12.13761],[102.47296,12.14388],[102.46881,12.14956],[102.46826,12.15454],[102.46988,12.16226],[102.47345,12.16576],[102.46381,12.16568],[102.45967,12.16328],[102.44455,12.16512],[102.43594,12.16889],[102.39772,12.16763],[102.39242,12.17049],[102.38697,12.1802],[102.37936,12.18312],[102.37077,12.19192],[102.3652,12.1941],[102.34689,12.19499],[102.34301,12.19269],[102.33832,12.18449],[102.33119,12.18467],[102.32573,12.1801],[102.32188,12.18148],[102.32113,12.18488],[102.31399,12.18278],[102.30641,12.18752],[102.29524,12.18708],[102.28921,12.1903],[102.28917,12.19281],[102.28541,12.19721],[102.28196,12.19754],[102.28166,12.20105],[102.27691,12.20495],[102.28085,12.20884],[102.27977,12.21141],[102.28636,12.21427],[102.28263,12.21426],[102.27749,12.22278],[102.28604,12.22162],[102.28969,12.23211],[102.28621,12.23382],[102.28775,12.2379],[102.28418,12.24586],[102.26662,12.26782],[102.26064,12.26966],[102.26097,12.27195],[102.26452,12.27254],[102.26423,12.27703],[102.26244,12.28369],[102.25874,12.28773],[102.26452,12.29272],[102.26957,12.28425],[102.27733,12.2833],[102.28485,12.28806],[102.28695,12.29964]],[[102.24829,12.1628],[102.25011,12.15859],[102.24454,12.15924],[102.24455,12.1626],[102.24829,12.1628]],[[102.25624,12.15638],[102.27005,12.14538],[102.27781,12.14773],[102.27681,12.14321],[102.27893,12.14165],[102.29268,12.14415],[102.32227,12.13643],[102.3412,12.11896],[102.34785,12.11866],[102.35647,12.11244],[102.35902,12.10174],[102.36236,12.09845],[102.36638,12.08726],[102.37585,12.07294],[102.38306,12.06853],[102.38155,12.06441],[102.38431,12.06049],[102.38404,12.05611],[102.3964,12.05002],[102.39919,12.04269],[102.39788,12.0358],[102.41256,12.0233],[102.4187,12.00919],[102.42275,12.0067],[102.42884,11.98962],[102.43464,11.98775],[102.43583,11.98473],[102.44317,11.98116],[102.44292,11.97879],[102.44606,11.97723],[102.44228,11.97367],[102.44322,11.97105],[102.43658,11.96574],[102.43527,11.96164],[102.43734,11.95501],[102.4354,11.95236],[102.4301,11.95536],[102.42959,11.95818],[102.42346,11.95966],[102.41243,11.96751],[102.40953,11.97235],[102.39923,11.97969],[102.40012,11.98344],[102.39606,11.98615],[102.39233,11.99316],[102.38558,11.99394],[102.38176,12.00061],[102.37424,11.99842],[102.37212,11.99961],[102.36838,11.99345],[102.37297,11.98426],[102.37696,11.98111],[102.3789,11.96642],[102.3774,11.96342],[102.36185,11.96226],[102.35677,11.96557],[102.34901,11.96487],[102.34377,11.97049],[102.33261,11.97495],[102.32579,11.97138],[102.32242,11.97386],[102.31384,11.9687],[102.3134,11.96578],[102.31862,11.96361],[102.31974,11.96043],[102.31719,11.95629],[102.31447,11.95768],[102.3033,11.97849],[102.29291,11.9833],[102.29195,11.98579],[102.29618,11.99264],[102.29601,11.99634],[102.28755,12.01427],[102.28127,12.01786],[102.28356,12.02259],[102.28848,12.02096],[102.29034,12.024],[102.28863,12.03107],[102.29204,12.04514],[102.28503,12.06239],[102.28225,12.06546],[102.27894,12.0643],[102.27452,12.07268],[102.27682,12.07676],[102.27544,12.09452],[102.26981,12.10568],[102.26461,12.11047],[102.26523,12.11484],[102.26034,12.12363],[102.25386,12.12919],[102.2497,12.13686],[102.25883,12.13548],[102.26443,12.13816],[102.26387,12.14343],[102.25071,12.15413],[102.25083,12.15739],[102.25624,12.15638]],[[102.37518,11.80985],[102.37567,11.81134],[102.37692,11.80969],[102.37636,11.8094],[102.37518,11.80985]],[[102.37663,11.80832],[102.37748,11.809],[102.3785,11.80776],[102.37746,11.80746],[102.37663,11.80832]],[[102.37709,11.80471],[102.37566,11.80485],[102.3756,11.80585],[102.37703,11.80548],[102.37709,11.80471]],[[102.38459,11.8216],[102.38382,11.82333],[102.38521,11.8242],[102.38604,11.82148],[102.38459,11.8216]],[[102.38554,11.80984],[102.39099,11.80181],[102.38963,11.79807],[102.39302,11.7969],[102.38997,11.79407],[102.39173,11.78611],[102.38835,11.78436],[102.38672,11.77616],[102.38384,11.78218],[102.3845,11.79541],[102.38087,11.79917],[102.38,11.80807],[102.38193,11.81097],[102.38554,11.80984]],[[102.39359,11.77684],[102.39473,11.77167],[102.39012,11.77176],[102.38849,11.77564],[102.39359,11.77684]],[[102.39635,11.8177],[102.39727,11.81787],[102.39694,11.81689],[102.39582,11.817],[102.39635,11.8177]],[[102.39666,11.81548],[102.39771,11.81571],[102.39834,11.81514],[102.39649,11.81467],[102.39666,11.81548]],[[102.40121,11.81963],[102.40141,11.81993],[102.40215,11.82045],[102.40178,11.81853],[102.40121,11.81963]],[[102.4492,11.7965],[102.4488,11.79823],[102.45057,11.8016],[102.45271,11.79872],[102.45007,11.79533],[102.4492,11.7965]],[[102.45191,11.80547],[102.45262,11.8073],[102.45622,11.81034],[102.4555,11.80693],[102.45191,11.80547]],[[102.45916,11.83322],[102.45873,11.83694],[102.45953,11.83845],[102.46145,11.83376],[102.45916,11.83322]],[[102.47132,11.83885],[102.47033,11.83408],[102.47729,11.83249],[102.48157,11.82814],[102.48604,11.83005],[102.48803,11.82775],[102.50366,11.82852],[102.5059,11.8306],[102.51167,11.82525],[102.50447,11.81195],[102.50288,11.81512],[102.49217,11.81577],[102.48765,11.81287],[102.48542,11.80615],[102.48907,11.7966],[102.48689,11.78998],[102.48347,11.79885],[102.47859,11.79975],[102.47874,11.80427],[102.4672,11.81212],[102.45143,11.81376],[102.44768,11.81188],[102.44715,11.80723],[102.44388,11.81093],[102.44461,11.82071],[102.44829,11.81885],[102.451,11.82291],[102.45127,11.81836],[102.45438,11.81745],[102.46697,11.8226],[102.47071,11.82765],[102.468,11.84118],[102.47192,11.84142],[102.47132,11.83885]],[[102.51567,11.72579],[102.51927,11.72641],[102.52555,11.71702],[102.52066,11.70906],[102.51208,11.7255],[102.51567,11.72579]],[[102.52003,11.83599],[102.52574,11.8542],[102.52595,11.85414],[102.53284,11.84278],[102.53024,11.83381],[102.52058,11.83305],[102.52003,11.83599]],[[102.52272,11.85769],[102.52247,11.85891],[102.52322,11.85913],[102.52351,11.85749],[102.52272,11.85769]],[[102.52438,11.85734],[102.52534,11.85669],[102.52524,11.8558],[102.52406,11.85651],[102.52438,11.85734]],[[102.56243,11.74825],[102.56601,11.74237],[102.5664,11.73611],[102.57088,11.73222],[102.56593,11.72992],[102.56697,11.72489],[102.56441,11.72432],[102.5651,11.71793],[102.56209,11.71414],[102.5647,11.70082],[102.572,11.70161],[102.57085,11.70943],[102.57293,11.70752],[102.57723,11.708],[102.57895,11.71244],[102.58316,11.71005],[102.5853,11.70462],[102.58881,11.7038],[102.58976,11.69509],[102.59834,11.6947],[102.60063,11.70105],[102.60823,11.68942],[102.60206,11.68708],[102.60058,11.67733],[102.60859,11.65656],[102.60806,11.64547],[102.60439,11.63435],[102.59491,11.62875],[102.60339,11.6262],[102.59239,11.62076],[102.59655,11.61776],[102.59175,11.61696],[102.59143,11.61378],[102.58792,11.61242],[102.58775,11.60616],[102.59051,11.60577],[102.59671,11.6097],[102.60032,11.60922],[102.60115,11.60706],[102.5965,11.6046],[102.59629,11.59687],[102.59301,11.59376],[102.59446,11.58277],[102.59304,11.58216],[102.59571,11.57786],[102.59229,11.56168],[102.58429,11.56485],[102.57507,11.57412],[102.56788,11.57631],[102.57106,11.58843],[102.56674,11.59391],[102.56429,11.59451],[102.56031,11.59116],[102.55655,11.59258],[102.55497,11.59653],[102.55014,11.59632],[102.54728,11.59131],[102.54679,11.59578],[102.54422,11.59579],[102.53986,11.60261],[102.52827,11.60363],[102.52557,11.60673],[102.52761,11.61018],[102.53214,11.61196],[102.53426,11.61011],[102.53573,11.61223],[102.53539,11.61576],[102.52984,11.61579],[102.53255,11.61924],[102.54246,11.61924],[102.54203,11.62126],[102.54481,11.62234],[102.5447,11.63523],[102.54946,11.63423],[102.55504,11.63959],[102.55362,11.64174],[102.55441,11.63955],[102.54826,11.63491],[102.54402,11.63867],[102.53926,11.63808],[102.5334,11.65268],[102.52991,11.65643],[102.52892,11.65511],[102.52317,11.65722],[102.53151,11.666],[102.53446,11.6663],[102.53185,11.67116],[102.53178,11.6744],[102.53387,11.67426],[102.53162,11.68227],[102.53359,11.6821],[102.53673,11.68414],[102.53117,11.6828],[102.52982,11.68159],[102.53248,11.68831],[102.52978,11.68551],[102.52775,11.68711],[102.52757,11.69779],[102.53082,11.69978],[102.53234,11.69699],[102.53603,11.69682],[102.53476,11.69903],[102.53959,11.70156],[102.54075,11.7055],[102.54249,11.70426],[102.54392,11.70472],[102.53866,11.70841],[102.53412,11.72476],[102.53622,11.72755],[102.54012,11.72646],[102.5402,11.73411],[102.54748,11.7381],[102.54673,11.74176],[102.54457,11.74245],[102.54499,11.75493],[102.54799,11.75985],[102.55502,11.76114],[102.55846,11.75678],[102.55972,11.749],[102.56243,11.74825]]]}},{"type":"Feature","properties":{"kind":"coastline","p_code":"82","p_name_t":"จังหวัดพังงา","p_name_e":"CHANGWAT PHANG NGA","length_km":379.02},"geometry":{"type":"MultiLineString","coordinates":[[[98.36609,8.13463],[98.36011,8.14439],[98.35339,8.17432],[98.34589,8.17746],[98.33243,8.17833],[98.30728,8.19845],[98.29908,8.20243],[98.29069,8.20458],[98.28156,8.20166],[98.2831,8.21681],[98.28041,8.23664],[98.28264,8.24026],[98.2822,8.24866],[98.24764,8.39902],[98.23625,8.43332],[98.22092,8.50175],[98.20378,8.55478],[98.21317,8.58832],[98.2196,8.5904],[98.23104,8.5817],[98.23953,8.58956],[98.24121,8.59899],[98.23829,8.60062],[98.23684,8.60563],[98.23719,8.61604],[98.23185,8.61717],[98.22877,8.62172],[98.23268,8.62667],[98.24265,8.63005],[98.24654,8.63918],[98.24663,8.6546],[98.24121,8.67461],[98.23744,8.7055],[98.23892,8.70545],[98.2393,8.70585],[98.23486,8.71947],[98.23594,8.72241],[98.23382,8.72139],[98.2282,8.7269],[98.22302,8.72839],[98.22129,8.73804],[98.22615,8.73403],[98.23295,8.7336],[98.24632,8.74286],[98.24994,8.74309],[98.25533,8.74984],[98.25671,8.75877],[98.26116,8.76682],[98.25987,8.79588],[98.25112,8.81012],[98.25853,8.8134],[98.26509,8.82621],[98.26635,8.83971],[98.26268,8.85776],[98.26817,8.86966],[98.26201,8.88998],[98.24613,8.91344],[98.25771,8.93096],[98.26269,8.94377],[98.26331,8.95232],[98.25847,8.98701],[98.25286,9.00114],[98.24708,9.00348],[98.24601,9.03943],[98.25107,9.08164],[98.2494,9.12464],[98.24993,9.12837],[98.25291,9.12652],[98.25567,9.12837],[98.26078,9.14346],[98.25928,9.16891],[98.26333,9.17818],[98.26236,9.19759],[98.26398,9.2064],[98.27362,9.20563],[98.27599,9.20788],[98.28263,9.22842],[98.28713,9.22891],[98.29761,9.24398],[98.2973,9.3569],[98.38979,9.33278]],[[98.66748,8.03722],[98.66753,8.03486],[98.69696,8.03612],[98.69259,7.97544],[98.68118,7.93952],[98.68865,7.91888],[98.68986,7.90565],[98.68554,7.8872],[98.685,7.86038],[98.67495,7.82614],[98.64848,7.77636],[98.63347,7.76437],[98.61863,7.74523],[98.6137,7.74486],[98.6043,7.7528],[98.50563,7.75272],[98.50239,7.78522],[98.50524,7.81988],[98.50391,7.8453],[98.5055,7.92666],[98.50793,7.99149],[98.51033,8.00293],[98.50812,8.03329],[98.51139,8.07233],[98.47583,8.10684],[98.46095,8.11795],[98.45638,8.11386],[98.45288,8.1138],[98.44078,8.11954],[98.42013,8.12474],[98.39361,8.11913]],[[97.62612,8.56809],[97.6302,8.56987],[97.63238,8.56704],[97.62771,8.55289],[97.62539,8.55455],[97.62504,8.56307],[97.62043,8.56971],[97.62002,8.57581],[97.62373,8.57415],[97.62612,8.56809]],[[97.62688,8.58907],[97.62801,8.59444],[97.62716,8.60063],[97.63445,8.59201],[97.63027,8.58755],[97.62688,8.58907]],[[97.63359,8.51177],[97.64048,8.50206],[97.63986,8.49825],[97.63171,8.50114],[97.62322,8.51674],[97.63359,8.51177]],[[97.63719,8.56602],[97.6349,8.56895],[97.63565,8.57176],[97.63814,8.56878],[97.63719,8.56602]],[[97.64083,8.66385],[97.64278,8.6635],[97.6432,8.66013],[97.6414,8.64371],[97.64136,8.62935],[97.64366,8.6227],[97.64236,8.61686],[97.63491,8.6216],[97.63304,8.63605],[97.62729,8.6451],[97.62572,8.65598],[97.62932,8.66002],[97.63693,8.66091],[97.63726,8.66494],[97.64083,8.66385]],[[97.64358,8.47665],[97.64037,8.47365],[97.62935,8.48833],[97.63479,8.49082],[97.6396,8.48499],[97.64685,8.48145],[97.64716,8.47898],[97.64358,8.47665]],[[97.64226,8.67062],[97.64154,8.66814],[97.63661,8.66919],[97.63102,8.67306],[97.63855,8.67749],[97.64258,8.67415],[97.64226,8.67062]],[[97.64936,8.51722],[97.64655,8.51739],[97.64521,8.52005],[97.64889,8.51986],[97.64936,8.51722]],[[97.80494,8.82828],[97.80215,8.82516],[97.79798,8.82764],[97.80042,8.82948],[97.80494,8.82828]],[[97.80933,9.06472],[97.80737,9.06771],[97.80902,9.0723],[97.80703,9.07929],[97.80983,9.08249],[97.81234,9.07539],[97.81919,9.06689],[97.81272,9.05933],[97.80933,9.06472]],[[97.82947,9.41922],[97.82814,9.42143],[97.83147,9.42581],[97.83479,9.42476],[97.83298,9.41949],[97.82947,9.41922]],[[97.86904,9.37337],[97.86969,9.36852],[97.86645,9.36572],[97.8629,9.36642],[97.86191,9.37046],[97.86428,9.37463],[97.86724,9.37528],[97.86904,9.37337]],[[97.87316,9.49527],[97.87432,9.49515],[97.87484,9.49431],[97.87336,9.49458],[97.87316,9.49527]],[[97.87581,9.47092],[97.8751,9.47195],[97.87678,9.47196],[97.87658,9.47077],[97.87581,9.47092]],[[97.89058,9.46142],[97.89643,9.45458],[97.90278,9.45253],[97.89985,9.43696],[97.9032,9.43381],[97.90132,9.43134],[97.90459,9.42633],[97.90009,9.4212],[97.8944,9.42833],[97.89046,9.42736],[97.88302,9.43173],[97.87614,9.43174],[97.88129,9.41405],[97.87909,9.41288],[97.87711,9.41571],[97.8717,9.41742],[97.87268,9.4156],[97.86981,9.40961],[97.87302,9.4059],[97.87627,9.40558],[97.87645,9.40114],[97.8799,9.39831],[97.88292,9.38244],[97.87189,9.37879],[97.86926,9.39076],[97.85919,9.39636],[97.8588,9.40079],[97.85495,9.40219],[97.85196,9.40079],[97.84469,9.40426],[97.84298,9.41155],[97.83956,9.41583],[97.85131,9.41527],[97.85456,9.42382],[97.85919,9.42343],[97.86274,9.4256],[97.86183,9.42887],[97.85077,9.43141],[97.8497,9.43493],[97.84648,9.43644],[97.85913,9.43922],[97.85693,9.44546],[97.85149,9.44681],[97.85259,9.45078],[97.85524,9.45189],[97.8544,9.45537],[97.8694,9.45459],[97.87084,9.458],[97.87753,9.4576],[97.87799,9.46233],[97.88358,9.46403],[97.89058,9.46142]],[[97.89682,9.39606],[97.89338,9.39591],[97.89126,9.39805],[97.89233,9.3982],[97.89682,9.39606]],[[97.90127,9.40633],[97.90187,9.40626],[97.90248,9.40561],[97.90119,9.40557],[97.90127,9.40633]],[[97.90255,9.47632],[97.9018,9.4787],[97.90358,9.47934],[97.90556,9.47364],[97.90255,9.47632]]]}},{"type":"Feature","properties":{"kind":"coastline","p_code":"85","p_name_t":"จังหวัดระนอง","p_name_e":"CHANGWAT RANONG","length_km":374.3},"geometry":{"type":"MultiLineString","coordinates":[[[98.38979,9.33277],[98.39392,9.36283],[98.396,9.36636],[98.39721,9.40333],[98.4024,9.40354],[98.40642,9.39699],[98.41505,9.40757],[98.41949,9.40933],[98.41832,9.41174],[98.4222,9.42245],[98.42419,9.42632],[98.42639,9.4263],[98.42693,9.42957],[98.42504,9.42971],[98.43299,9.46256],[98.43509,9.49382],[98.43765,9.49419],[98.43536,9.50092],[98.44716,9.53865],[98.44948,9.53989],[98.45221,9.54744],[98.45551,9.56337],[98.46116,9.56201],[98.46603,9.56695],[98.46945,9.56423],[98.46687,9.55912],[98.46364,9.55688],[98.45974,9.55774],[98.45987,9.55562],[98.46886,9.54343],[98.47543,9.52578],[98.46977,9.50827],[98.46865,9.49774],[98.46593,9.49244],[98.46217,9.49256],[98.46423,9.48985],[98.46337,9.48402],[98.46715,9.47899],[98.47233,9.46006],[98.47529,9.45583],[98.47442,9.47178],[98.46963,9.48459],[98.48192,9.50411],[98.48067,9.53155],[98.48633,9.53701],[98.49675,9.51255],[98.48027,9.49585],[98.4789,9.48369],[98.48317,9.4763],[98.48106,9.48686],[98.4831,9.49564],[98.49412,9.50175],[98.49467,9.50648],[98.49922,9.51304],[98.49187,9.53371],[98.49032,9.56506],[98.50734,9.56428],[98.53607,9.5732],[98.54471,9.56982],[98.54679,9.57301],[98.52297,9.58092],[98.50815,9.59563],[98.49263,9.59158],[98.47509,9.59492],[98.46427,9.60383],[98.46312,9.62881],[98.46952,9.62434],[98.47353,9.62644],[98.47956,9.63446],[98.48138,9.62994],[98.48514,9.62942],[98.48662,9.62279],[98.4969,9.61603],[98.49997,9.62329],[98.50301,9.62141],[98.50386,9.62505],[98.5093,9.62509],[98.51839,9.6211],[98.51083,9.62773],[98.516,9.63451],[98.50439,9.62865],[98.50063,9.6302],[98.49998,9.63447],[98.50828,9.64312],[98.51075,9.65377],[98.52081,9.65231],[98.52435,9.65305],[98.5245,9.65497],[98.50298,9.65868],[98.50028,9.65706],[98.50006,9.65259],[98.49822,9.65244],[98.49585,9.66134],[98.49196,9.6626],[98.48929,9.67967],[98.48491,9.68109],[98.48458,9.6861],[98.49087,9.68559],[98.4937,9.68128],[98.49761,9.68127],[98.49812,9.67517],[98.50685,9.67444],[98.50982,9.67205],[98.52076,9.68101],[98.52945,9.67749],[98.53532,9.67782],[98.52925,9.68337],[98.53179,9.68402],[98.53192,9.68911],[98.54087,9.6983],[98.53886,9.70696],[98.54168,9.7061],[98.54629,9.71757],[98.55124,9.7165],[98.54989,9.72333],[98.55724,9.7292],[98.55665,9.73702],[98.55373,9.74138],[98.55457,9.74952],[98.55802,9.75317],[98.55277,9.75131],[98.54857,9.74547],[98.54348,9.74323],[98.53403,9.74502],[98.52978,9.75092],[98.52229,9.75034],[98.5194,9.74527],[98.51079,9.74144],[98.50846,9.73718],[98.50554,9.73871],[98.50372,9.73713],[98.50032,9.74056],[98.50184,9.74437],[98.50713,9.7449],[98.50733,9.75095],[98.51271,9.75369],[98.51253,9.76227],[98.50683,9.77137],[98.50804,9.7769],[98.50644,9.78292],[98.51207,9.78448],[98.5184,9.79036],[98.52341,9.78653],[98.53394,9.79099],[98.54295,9.78899],[98.54791,9.79019],[98.54766,9.79764],[98.56511,9.81342],[98.56017,9.81207],[98.56588,9.81872],[98.56536,9.82116],[98.56307,9.82134],[98.54808,9.80459],[98.5401,9.80031],[98.53543,9.8009],[98.53701,9.80604],[98.52798,9.82234],[98.52845,9.82985],[98.52302,9.83282],[98.52108,9.84314],[98.5154,9.85395],[98.51971,9.85709],[98.53479,9.85911],[98.52814,9.86133],[98.52698,9.87238],[98.53782,9.88579],[98.54999,9.8879],[98.55375,9.88381],[98.55467,9.875],[98.55679,9.87489],[98.56037,9.88579],[98.56485,9.88971],[98.57092,9.90487],[98.57562,9.90729],[98.57028,9.91097],[98.56569,9.92174],[98.57019,9.92987],[98.58577,9.93473],[98.59595,9.93411],[98.58873,9.9378],[98.58525,9.94282],[98.58948,9.9537],[98.59426,9.95286],[98.59153,9.96131],[98.59427,9.97077],[98.59164,9.97307],[98.59196,9.9757],[98.60122,9.98256],[98.60423,9.99692],[98.61626,10.02297],[98.6237,10.03556],[98.63116,10.04193],[98.6393,10.05915],[98.64275,10.0721],[98.65493,10.08681],[98.65392,10.0887],[98.63303,10.08873]],[[98.32655,9.45533],[98.3256,9.45579],[98.32564,9.45916],[98.32845,9.45859],[98.32655,9.45533]],[[98.34079,9.47425],[98.33107,9.46899],[98.33204,9.47954],[98.33903,9.48703],[98.33798,9.49153],[98.35423,9.50803],[98.35161,9.49883],[98.35233,9.49117],[98.34399,9.48402],[98.3442,9.47776],[98.34079,9.47425]],[[98.3522,9.43261],[98.34927,9.43362],[98.35043,9.43905],[98.35598,9.43708],[98.3522,9.43261]],[[98.35903,9.51224],[98.35466,9.5114],[98.35522,9.51372],[98.35804,9.51316],[98.35499,9.51549],[98.35676,9.51854],[98.3612,9.51424],[98.35903,9.51224]],[[98.36736,9.50054],[98.36887,9.50234],[98.3698,9.50215],[98.36833,9.49956],[98.36736,9.50054]],[[98.37283,9.5001],[98.37336,9.50098],[98.37424,9.50042],[98.3735,9.49889],[98.37283,9.5001]],[[98.38114,9.4785],[98.37844,9.4769],[98.37217,9.47848],[98.37305,9.48183],[98.36999,9.49149],[98.3713,9.49465],[98.37427,9.48909],[98.38385,9.48467],[98.38428,9.48173],[98.38114,9.4785]],[[98.387,9.57134],[98.38388,9.56454],[98.38114,9.56474],[98.38311,9.57247],[98.387,9.57134]],[[98.39177,9.40053],[98.39183,9.40153],[98.39259,9.39955],[98.39218,9.39976],[98.39177,9.40053]],[[98.41454,9.7693],[98.41474,9.75775],[98.42142,9.7458],[98.42119,9.73804],[98.42738,9.73485],[98.41616,9.71825],[98.4039,9.71186],[98.40101,9.7063],[98.38993,9.7046],[98.39088,9.7081],[98.39698,9.71187],[98.39786,9.71964],[98.39552,9.71981],[98.38687,9.7304],[98.38279,9.73167],[98.38024,9.73009],[98.37962,9.73292],[98.38862,9.74708],[98.38831,9.75079],[98.39286,9.75125],[98.39289,9.74773],[98.39588,9.74463],[98.4052,9.7466],[98.40889,9.76235],[98.40642,9.76506],[98.40175,9.7636],[98.39994,9.76558],[98.40812,9.77147],[98.41141,9.77077],[98.41496,9.7774],[98.41454,9.7693]],[[98.42348,9.71733],[98.42629,9.71644],[98.42411,9.7136],[98.41941,9.71777],[98.42348,9.71733]],[[98.44137,9.87716],[98.44133,9.87903],[98.44341,9.87668],[98.44202,9.87612],[98.44137,9.87716]],[[98.44495,9.7798],[98.44498,9.7831],[98.44914,9.78684],[98.44722,9.77924],[98.44495,9.7798]],[[98.45699,9.86132],[98.46364,9.8592],[98.46895,9.86319],[98.47085,9.85692],[98.46399,9.84215],[98.46128,9.84094],[98.46778,9.8245],[98.46284,9.8136],[98.46049,9.81887],[98.4547,9.81787],[98.45053,9.80861],[98.45073,9.80349],[98.45412,9.80198],[98.45253,9.79729],[98.45536,9.79572],[98.45229,9.79028],[98.44638,9.80065],[98.43916,9.79807],[98.4332,9.80498],[98.43499,9.81231],[98.43178,9.81467],[98.43098,9.82106],[98.43395,9.82614],[98.43114,9.82906],[98.43296,9.83066],[98.437,9.82836],[98.4418,9.83309],[98.44381,9.83949],[98.43653,9.85573],[98.44197,9.86243],[98.44517,9.86282],[98.44996,9.87397],[98.45245,9.87333],[98.45245,9.86761],[98.45699,9.86132]],[[98.46024,9.7655],[98.45909,9.76677],[98.4663,9.77429],[98.46588,9.76939],[98.46193,9.76494],[98.46024,9.7655]],[[98.46792,9.59406],[98.46765,9.59634],[98.46855,9.59711],[98.46982,9.59441],[98.46792,9.59406]],[[98.47177,9.58499],[98.47013,9.57674],[98.4649,9.5733],[98.46062,9.58001],[98.46284,9.58527],[98.46685,9.5875],[98.46708,9.59263],[98.47177,9.58499]],[[98.47329,9.86355],[98.47241,9.8618],[98.46917,9.86366],[98.47147,9.87038],[98.47401,9.86718],[98.47329,9.86355]],[[98.47573,9.77866],[98.47712,9.78025],[98.47812,9.78029],[98.47707,9.77801],[98.47573,9.77866]],[[98.48002,9.53659],[98.4783,9.54524],[98.48134,9.55156],[98.48488,9.54883],[98.48519,9.53931],[98.48184,9.53575],[98.48002,9.53659]],[[98.48149,9.58093],[98.48896,9.57759],[98.48685,9.57311],[98.48219,9.57115],[98.47854,9.57633],[98.47422,9.57509],[98.47202,9.57953],[98.47437,9.582],[98.48149,9.58093]],[[98.48499,9.73232],[98.48351,9.73614],[98.48562,9.73932],[98.48783,9.73454],[98.4868,9.73193],[98.48499,9.73232]],[[98.48424,9.91409],[98.48912,9.91351],[98.49107,9.91036],[98.48623,9.90081],[98.48228,9.89685],[98.47218,9.89689],[98.46726,9.89194],[98.466,9.89651],[98.47357,9.90157],[98.47585,9.90728],[98.47468,9.91114],[98.48424,9.91409]],[[98.48686,9.93246],[98.48193,9.92763],[98.47925,9.92974],[98.47933,9.93273],[98.48394,9.935],[98.48686,9.93246]],[[98.51512,9.57249],[98.51139,9.5738],[98.5153,9.57762],[98.52631,9.57447],[98.51512,9.57249]],[[98.51444,9.70359],[98.51426,9.69909],[98.50788,9.69404],[98.50658,9.69955],[98.50269,9.70248],[98.49784,9.70205],[98.49722,9.70633],[98.50254,9.71002],[98.51444,9.70359]],[[98.51288,9.92514],[98.51317,9.92679],[98.51528,9.92562],[98.51419,9.92431],[98.51288,9.92514]],[[98.51526,9.90334],[98.51668,9.90143],[98.51293,9.89984],[98.50733,9.90047],[98.50875,9.90437],[98.51375,9.90625],[98.51526,9.90334]],[[98.52126,9.91967],[98.51806,9.91374],[98.51279,9.91251],[98.51035,9.90723],[98.50742,9.90703],[98.50689,9.91003],[98.51325,9.92043],[98.52143,9.92185],[98.52126,9.91967]],[[98.52537,9.91385],[98.52496,9.91542],[98.52684,9.91536],[98.52683,9.91322],[98.52537,9.91385]],[[98.53422,9.91797],[98.5342,9.92114],[98.53593,9.92206],[98.53641,9.91782],[98.53422,9.91797]]]}},{"type":"Feature","properties":{"kind":"coastline","p_code":"86","p_name_t":"จังหวัดชุมพร","p_name_e":"CHANGWAT CHUMPHON","length_km":317.66},"geometry":{"type":"MultiLineString","coordinates":[[[99.49673,10.98935],[99.49235,10.98166],[99.48923,10.96576],[99.48864,10.95222],[99.49159,10.93509],[99.50188,10.91526],[99.50456,10.91472],[99.50744,10.91771],[99.51018,10.91629],[99.50723,10.91293],[99.50942,10.90419],[99.51612,10.90289],[99.5189,10.89917],[99.51703,10.89303],[99.5115,10.89103],[99.50726,10.88415],[99.50851,10.87928],[99.51017,10.8794],[99.50955,10.87293],[99.50538,10.8722],[99.506,10.86785],[99.49613,10.86187],[99.50026,10.86661],[99.49609,10.87234],[99.49515,10.8798],[99.48364,10.88213],[99.49009,10.88182],[99.48362,10.88949],[99.47794,10.88803],[99.46615,10.87145],[99.46345,10.87357],[99.45159,10.8741],[99.44092,10.87182],[99.44025,10.86569],[99.43295,10.85582],[99.43503,10.85311],[99.43302,10.83099],[99.42245,10.79943],[99.42367,10.79779],[99.41157,10.77387],[99.41264,10.76306],[99.41012,10.7642],[99.4078,10.76228],[99.40604,10.75949],[99.40747,10.75749],[99.40478,10.75732],[99.4027,10.75298],[99.40393,10.75202],[99.39935,10.7498],[99.39915,10.74518],[99.39352,10.74407],[99.38587,10.72002],[99.37964,10.708],[99.37061,10.70704],[99.35914,10.69203],[99.35824,10.68481],[99.36059,10.67864],[99.36422,10.68032],[99.36818,10.67794],[99.36495,10.67102],[99.36152,10.66996],[99.35822,10.66542],[99.35781,10.67748],[99.35202,10.68274],[99.34365,10.68366],[99.3294,10.67936],[99.3178,10.66867],[99.30733,10.65021],[99.30588,10.64214],[99.30504,10.64356],[99.30086,10.63817],[99.29631,10.61887],[99.29271,10.61795],[99.28348,10.6076],[99.28017,10.59247],[99.28314,10.58327],[99.27476,10.5695],[99.27407,10.55757],[99.27778,10.55309],[99.27494,10.54426],[99.26957,10.53982],[99.2638,10.54014],[99.2607,10.53658],[99.25143,10.54135],[99.24312,10.5414],[99.23781,10.53308],[99.23718,10.52167],[99.24403,10.50717],[99.24944,10.50601],[99.25672,10.51192],[99.25903,10.50934],[99.26023,10.51307],[99.26177,10.51191],[99.26742,10.51552],[99.25858,10.50035],[99.24104,10.49321],[99.23793,10.49659],[99.23176,10.49525],[99.22726,10.48316],[99.2283,10.46904],[99.23764,10.45076],[99.2434,10.44544],[99.25001,10.44296],[99.26685,10.42525],[99.27474,10.42334],[99.27582,10.41503],[99.28066,10.41084],[99.28321,10.41168],[99.28283,10.40367],[99.27936,10.39905],[99.28349,10.38432],[99.2842,10.36387],[99.27916,10.36064],[99.27764,10.35504],[99.27146,10.35268],[99.27094,10.35762],[99.26216,10.35796],[99.26332,10.36124],[99.26148,10.36365],[99.25295,10.363],[99.24644,10.35794],[99.23871,10.3438],[99.23124,10.35143],[99.23029,10.35698],[99.22052,10.36687],[99.22031,10.36495],[99.21662,10.36561],[99.2099,10.37345],[99.19468,10.37451],[99.19422,10.37233],[99.1832,10.37274],[99.16631,10.36666],[99.16129,10.36777],[99.15647,10.35789],[99.14857,10.35403],[99.14572,10.34599],[99.1474,10.33904],[99.15322,10.33133],[99.14966,10.32059],[99.14978,10.3009],[99.15686,10.29001],[99.16376,10.28413],[99.16206,10.27901],[99.17303,10.27763],[99.17555,10.27483],[99.18836,10.27565],[99.18465,10.26949],[99.19086,10.26508],[99.19771,10.26746],[99.20111,10.27237],[99.20542,10.2713],[99.20765,10.26554],[99.20282,10.25182],[99.21184,10.23679],[99.21367,10.2384],[99.21898,10.23753],[99.21847,10.23018],[99.22191,10.22667],[99.22894,10.22852],[99.2378,10.23812],[99.24694,10.23527],[99.24149,10.22646],[99.23412,10.2237],[99.22568,10.21444],[99.22211,10.21755],[99.21845,10.21236],[99.21259,10.21016],[99.20946,10.2128],[99.20617,10.21132],[99.20517,10.21638],[99.19968,10.21836],[99.19295,10.21376],[99.19042,10.21006],[99.19116,10.20109],[99.18815,10.19827],[99.18272,10.17583],[99.18065,10.17705],[99.17648,10.17474],[99.16916,10.15095],[99.16636,10.14868],[99.16357,10.15072],[99.15746,10.14344],[99.15526,10.14438],[99.15336,10.14244],[99.14779,10.1235],[99.14882,10.09359],[99.15432,10.0885],[99.15659,10.08199],[99.15624,10.0774],[99.1512,10.07251],[99.15193,10.06901],[99.1675,10.04456],[99.17412,10.04049],[99.1786,10.04391],[99.18184,10.0433],[99.17982,10.03139],[99.17361,10.03118],[99.17204,10.02806],[99.17264,10.02381],[99.17877,10.01953],[99.17805,10.01218],[99.17483,10.00738],[99.16787,10.00891],[99.16411,10.01385],[99.15853,10.01076],[99.14933,9.98901],[99.15001,9.97497],[99.16016,9.94443],[99.16164,9.91581],[99.15674,9.89894],[99.16507,9.8592],[99.16251,9.85757],[99.16176,9.84748],[99.15444,9.84899],[99.14444,9.83797],[99.13889,9.82487],[99.13825,9.80909],[99.14579,9.74286],[99.1592,9.70418]],[[99.16357,10.13184],[99.16189,10.13253],[99.1625,10.13393],[99.16399,10.13245],[99.16357,10.13184]],[[99.16483,10.13105],[99.16526,10.13162],[99.16585,10.13098],[99.1655,10.13054],[99.16483,10.13105]],[[99.17615,10.16499],[99.17661,10.16538],[99.17724,10.16438],[99.17689,10.1643],[99.17615,10.16499]],[[99.18005,10.14515],[99.17998,10.14226],[99.17653,10.14103],[99.17756,10.14736],[99.18005,10.14515]],[[99.18464,10.06976],[99.18376,10.07054],[99.18181,10.06926],[99.18576,10.07233],[99.18464,10.06976]],[[99.18662,10.04798],[99.1819,10.04925],[99.18546,10.05184],[99.18505,10.05589],[99.18744,10.05804],[99.1903,10.0498],[99.18662,10.04798]],[[99.20539,10.15092],[99.20447,10.14955],[99.20282,10.15113],[99.20379,10.15183],[99.20539,10.15092]],[[99.21539,10.11766],[99.21571,10.11851],[99.21607,10.11849],[99.21597,10.11729],[99.21539,10.11766]],[[99.21744,10.15267],[99.21707,10.15524],[99.21817,10.15744],[99.21884,10.15328],[99.21744,10.15267]],[[99.22067,10.19691],[99.22145,10.19724],[99.22156,10.19641],[99.22092,10.19622],[99.22067,10.19691]],[[99.22355,10.24753],[99.22173,10.24639],[99.2247,10.25037],[99.2251,10.2478],[99.22355,10.24753]],[[99.22624,10.25492],[99.22524,10.25348],[99.22565,10.25651],[99.22732,10.25737],[99.22624,10.25492]],[[99.23313,10.27284],[99.23463,10.27156],[99.23277,10.26951],[99.23223,10.27042],[99.23313,10.27284]],[[99.24118,10.29177],[99.24154,10.2918],[99.24154,10.29107],[99.24124,10.29137],[99.24118,10.29177]],[[99.24274,10.22177],[99.24225,10.22186],[99.24217,10.22322],[99.24395,10.22204],[99.24274,10.22177]],[[99.24686,10.29609],[99.24585,10.29712],[99.24826,10.29497],[99.24718,10.29475],[99.24686,10.29609]],[[99.24806,10.24709],[99.2488,10.24781],[99.24933,10.24773],[99.24917,10.24632],[99.24806,10.24709]],[[99.24898,10.20681],[99.2484,10.2072],[99.2483,10.20894],[99.24983,10.20826],[99.24898,10.20681]],[[99.24923,10.19914],[99.24786,10.20117],[99.24917,10.20215],[99.24943,10.20164],[99.24923,10.19914]],[[99.25283,10.4472],[99.25286,10.44914],[99.25401,10.44962],[99.25357,10.44728],[99.25283,10.4472]],[[99.26017,10.25426],[99.25561,10.24906],[99.25554,10.25248],[99.2519,10.25382],[99.25376,10.25893],[99.25889,10.25969],[99.26017,10.25426]],[[99.27916,10.32267],[99.28181,10.32828],[99.28322,10.32894],[99.28351,10.32524],[99.28056,10.32083],[99.27916,10.32267]],[[99.29414,10.34808],[99.29438,10.34951],[99.29538,10.34982],[99.2952,10.34786],[99.29414,10.34808]],[[99.29439,10.39182],[99.29476,10.39098],[99.2932,10.38744],[99.29236,10.39228],[99.29439,10.39182]],[[99.29902,10.31901],[99.29918,10.32125],[99.30116,10.3203],[99.30019,10.31725],[99.29902,10.31901]],[[99.29951,10.44039],[99.30137,10.44245],[99.30254,10.43958],[99.29625,10.43424],[99.29507,10.43657],[99.29247,10.4347],[99.28797,10.43674],[99.28825,10.44197],[99.29338,10.4425],[99.29379,10.44827],[99.29786,10.45249],[99.29951,10.44039]],[[99.30791,10.36108],[99.30912,10.36396],[99.31081,10.36523],[99.31027,10.36229],[99.30791,10.36108]],[[99.31364,10.42465],[99.31605,10.4261],[99.31715,10.42576],[99.31283,10.42348],[99.31364,10.42465]],[[99.32376,10.37699],[99.32225,10.37355],[99.32132,10.37292],[99.32081,10.37721],[99.32376,10.37922],[99.32376,10.37699]],[[99.35141,10.3964],[99.34074,10.39046],[99.34287,10.39564],[99.35727,10.40907],[99.35141,10.3964]],[[99.35902,10.46668],[99.3591,10.46732],[99.35948,10.46576],[99.35916,10.46585],[99.35902,10.46668]],[[99.36923,10.47682],[99.3691,10.47781],[99.36929,10.47802],[99.3696,10.47665],[99.36923,10.47682]],[[99.37634,10.55533],[99.37873,10.55629],[99.38144,10.5606],[99.3794,10.55572],[99.37634,10.55533]],[[99.40305,10.45913],[99.40338,10.4594],[99.40351,10.45934],[99.40334,10.45879],[99.40305,10.45913]],[[99.40971,10.69852],[99.40719,10.70247],[99.40817,10.70135],[99.40866,10.70405],[99.41137,10.70477],[99.40971,10.69852]],[[99.41719,10.48674],[99.41773,10.48782],[99.41781,10.48529],[99.41712,10.48566],[99.41719,10.48674]],[[99.41939,10.49547],[99.42083,10.49863],[99.42254,10.49846],[99.4187,10.4921],[99.41939,10.49547]],[[99.42387,10.50591],[99.42508,10.50653],[99.42566,10.50601],[99.42477,10.50478],[99.42387,10.50591]],[[99.48576,10.86235],[99.486,10.86228],[99.48624,10.86127],[99.48561,10.86137],[99.48576,10.86235]],[[99.48908,10.8643],[99.48743,10.86406],[99.48887,10.86614],[99.49003,10.86492],[99.48908,10.8643]],[[99.49051,10.8219],[99.49107,10.82397],[99.49211,10.82464],[99.49187,10.82088],[99.49051,10.8219]],[[99.49301,10.8598],[99.48801,10.8511],[99.48447,10.84974],[99.48362,10.84651],[99.48149,10.8472],[99.4822,10.84536],[99.47742,10.83946],[99.47566,10.84049],[99.46962,10.8365],[99.47351,10.84507],[99.48015,10.85081],[99.48596,10.86079],[99.49301,10.8598]],[[99.49671,10.83997],[99.49753,10.84045],[99.49698,10.83906],[99.49647,10.83932],[99.49671,10.83997]],[[99.52908,10.78225],[99.52988,10.78224],[99.52998,10.78148],[99.5292,10.78154],[99.52908,10.78225]],[[99.5374,10.79998],[99.53792,10.80041],[99.53832,10.80009],[99.53768,10.79952],[99.5374,10.79998]]]}},{"type":"Feature","properties":{"kind":"coastline","p_code":"83","p_name_t":"จังหวัดภูเก็ต","p_name_e":"CHANGWAT PHUKET","length_km":308.95},"geometry":{"type":"MultiLineString","coordinates":[[[98.39363,8.11914],[98.38246,8.0929],[98.38727,8.08698],[98.39772,8.0821],[98.40187,8.08461],[98.40436,8.0815],[98.4086,8.08112],[98.41212,8.087],[98.41854,8.08778],[98.42234,8.0913],[98.4259,8.09684],[98.42461,8.10077],[98.42673,8.10216],[98.42756,8.0988],[98.43348,8.09925],[98.4348,8.09519],[98.44054,8.09329],[98.43932,8.08911],[98.43504,8.08703],[98.43424,8.0766],[98.43659,8.07184],[98.44174,8.07251],[98.44373,8.07053],[98.44262,8.06588],[98.43566,8.06688],[98.43023,8.05699],[98.43036,8.0427],[98.43232,8.04037],[98.42967,8.03976],[98.42373,8.04626],[98.42068,8.04619],[98.42065,8.04205],[98.41797,8.04269],[98.41706,8.03717],[98.41409,8.03575],[98.4152,8.03367],[98.41252,8.03156],[98.41203,8.02707],[98.41129,8.03123],[98.41035,8.0302],[98.40946,8.01415],[98.41177,8.01428],[98.41212,8.01205],[98.40801,8.00866],[98.41175,8.00978],[98.40972,8.00661],[98.41074,8.00229],[98.42036,7.98913],[98.42548,7.98829],[98.42067,7.98433],[98.41726,7.98977],[98.41032,7.99136],[98.39995,7.98684],[98.3983,7.98185],[98.39477,7.98344],[98.39315,7.97885],[98.39562,7.97501],[98.39219,7.96852],[98.39273,7.95599],[98.39452,7.95363],[98.39188,7.9499],[98.39481,7.9491],[98.39543,7.95177],[98.39644,7.94323],[98.40398,7.93554],[98.40669,7.93651],[98.4121,7.92882],[98.414,7.92136],[98.41042,7.91814],[98.41349,7.9159],[98.41139,7.91376],[98.41425,7.91312],[98.41552,7.90856],[98.42449,7.90413],[98.42371,7.90153],[98.42599,7.90374],[98.42625,7.89881],[98.43001,7.90394],[98.43193,7.91162],[98.44158,7.91563],[98.43748,7.8961],[98.43908,7.88947],[98.44094,7.88721],[98.44334,7.88813],[98.44465,7.88344],[98.44226,7.87984],[98.43914,7.88276],[98.43367,7.87795],[98.42979,7.87842],[98.42956,7.8741],[98.43305,7.87034],[98.43759,7.86992],[98.43727,7.86596],[98.43331,7.86656],[98.42573,7.87493],[98.4201,7.87467],[98.4159,7.86983],[98.41653,7.87939],[98.39438,7.87007],[98.39574,7.86844],[98.3931,7.86906],[98.39456,7.86546],[98.39278,7.85153],[98.39633,7.83902],[98.40241,7.83792],[98.40675,7.83954],[98.41019,7.83779],[98.40735,7.83529],[98.40164,7.83473],[98.40163,7.83112],[98.40517,7.83041],[98.40176,7.82754],[98.40015,7.82218],[98.4045,7.81822],[98.404,7.81607],[98.40155,7.81617],[98.40153,7.81308],[98.40477,7.80936],[98.40736,7.81119],[98.41012,7.809],[98.41219,7.80177],[98.40769,7.80042],[98.40637,7.80476],[98.39954,7.80847],[98.396,7.81473],[98.38902,7.81144],[98.38875,7.80611],[98.38532,7.80939],[98.38592,7.81402],[98.37589,7.84087],[98.36468,7.83935],[98.36091,7.83595],[98.35433,7.83436],[98.34497,7.82394],[98.33253,7.7889],[98.33806,7.78211],[98.33622,7.7777],[98.33235,7.77513],[98.32866,7.77629],[98.31809,7.7706],[98.31678,7.76812],[98.31903,7.76569],[98.31847,7.76253],[98.3146,7.75993],[98.31031,7.75864],[98.30485,7.76111],[98.30247,7.75926],[98.30629,7.77613],[98.30372,7.77922],[98.28791,7.77665],[98.28633,7.78068],[98.29063,7.78811],[98.28458,7.78887],[98.28469,7.79298],[98.29276,7.79425],[98.29883,7.80476],[98.29832,7.80993],[98.29551,7.81349],[98.29893,7.81505],[98.29791,7.81984],[98.29444,7.82392],[98.28918,7.82477],[98.29471,7.83355],[98.29178,7.85366],[98.28901,7.85927],[98.28213,7.86023],[98.28246,7.86573],[98.27637,7.86515],[98.27311,7.86862],[98.27179,7.87108],[98.27539,7.87694],[98.2724,7.8785],[98.27122,7.88326],[98.2648,7.88123],[98.2608,7.88685],[98.26367,7.89385],[98.26444,7.89189],[98.26997,7.89115],[98.27176,7.88748],[98.28096,7.88995],[98.28281,7.88787],[98.28609,7.88834],[98.28702,7.88484],[98.29387,7.89393],[98.29661,7.90973],[98.29149,7.9168],[98.28393,7.91706],[98.27528,7.92543],[98.27104,7.92622],[98.26883,7.92362],[98.2665,7.92618],[98.26213,7.92391],[98.26139,7.93474],[98.25816,7.93565],[98.26262,7.94927],[98.2677,7.94689],[98.27627,7.95083],[98.27783,7.94833],[98.28233,7.9531],[98.28336,7.96252],[98.27967,7.96392],[98.2793,7.96936],[98.27631,7.97009],[98.2785,7.97355],[98.27681,7.98196],[98.26991,7.98829],[98.27295,7.98884],[98.28087,7.98442],[98.28665,7.98537],[98.29058,7.99133],[98.29292,8.00395],[98.29109,8.02327],[98.28798,8.03075],[98.28455,8.03222],[98.28008,8.02995],[98.28089,8.03213],[98.28444,8.03246],[98.28487,8.0357],[98.27604,8.03425],[98.2724,8.03841],[98.27218,8.04063],[98.2765,8.04338],[98.27716,8.05901],[98.27091,8.07131],[98.27336,8.07934],[98.28304,8.08618],[98.28941,8.08963],[98.2968,8.08934],[98.29837,8.09453],[98.29708,8.09937],[98.30202,8.10997],[98.29633,8.15288],[98.28717,8.19044],[98.28352,8.19637],[98.28567,8.20007],[98.30174,8.19834],[98.3004,8.19243],[98.30406,8.19349],[98.29808,8.18946],[98.30556,8.19262],[98.31028,8.18617],[98.31377,8.18741],[98.32261,8.17895],[98.3379,8.1719],[98.33954,8.16318],[98.34517,8.15733],[98.34191,8.15552],[98.34272,8.14613],[98.34791,8.14395],[98.34519,8.12984],[98.34723,8.11666],[98.34967,8.1154],[98.35791,8.12257],[98.36609,8.13464]],[[98.28586,7.81986],[98.2842,7.8202],[98.28683,7.8214],[98.28682,7.82078],[98.28586,7.81986]],[[98.29767,7.736],[98.29523,7.73441],[98.2947,7.73503],[98.29584,7.73803],[98.29775,7.73824],[98.29767,7.736]],[[98.29984,7.76565],[98.29749,7.76543],[98.29795,7.76727],[98.30216,7.76694],[98.29984,7.76565]],[[98.30191,7.74775],[98.3031,7.74733],[98.30033,7.7438],[98.3,7.74944],[98.30191,7.74775]],[[98.32175,7.49372],[98.31584,7.48379],[98.31406,7.4785],[98.31384,7.48327],[98.31943,7.49411],[98.32457,7.49811],[98.32175,7.49372]],[[98.33475,7.52251],[98.33203,7.51174],[98.32683,7.50595],[98.32808,7.50188],[98.32471,7.49942],[98.32097,7.50795],[98.32761,7.51428],[98.32804,7.51957],[98.33126,7.52354],[98.33475,7.52251]],[[98.33479,7.76213],[98.33347,7.75546],[98.33106,7.75316],[98.32767,7.75338],[98.32974,7.75926],[98.33359,7.76305],[98.33479,7.76213]],[[98.36979,7.74684],[98.38552,7.74584],[98.38033,7.73932],[98.37382,7.74022],[98.37243,7.74362],[98.36048,7.73973],[98.35787,7.73541],[98.35747,7.73896],[98.36262,7.74511],[98.36778,7.74909],[98.36979,7.74684]],[[98.37,7.79592],[98.38281,7.79444],[98.38338,7.78943],[98.38567,7.78976],[98.38682,7.78596],[98.38908,7.78572],[98.38944,7.78052],[98.38532,7.78307],[98.37772,7.77932],[98.36128,7.78146],[98.35511,7.78739],[98.36401,7.79551],[98.37,7.79592]],[[98.37777,7.60949],[98.37566,7.6062],[98.37704,7.60298],[98.36988,7.59747],[98.36693,7.59132],[98.36266,7.58843],[98.35546,7.58974],[98.35317,7.59864],[98.35429,7.60358],[98.35893,7.60818],[98.3685,7.6079],[98.36249,7.6147],[98.3674,7.61509],[98.36983,7.60987],[98.37574,7.61775],[98.37827,7.61332],[98.37777,7.60949]],[[98.38995,7.75794],[98.39146,7.76133],[98.40008,7.76625],[98.39372,7.75816],[98.38995,7.75794]],[[98.40552,8.10686],[98.40064,8.10448],[98.39999,8.10455],[98.40179,8.10845],[98.4054,8.10921],[98.40552,8.10686]],[[98.41705,7.83089],[98.41882,7.82888],[98.41612,7.82576],[98.41005,7.82738],[98.40906,7.82963],[98.41705,7.83089]],[[98.42224,7.83227],[98.4217,7.83582],[98.4231,7.83724],[98.42402,7.83142],[98.42224,7.83227]],[[98.42455,8.1161],[98.42542,8.11819],[98.42608,8.11871],[98.4248,8.11441],[98.42455,8.1161]],[[98.43664,7.94324],[98.43852,7.9361],[98.43656,7.93115],[98.43139,7.92656],[98.42617,7.93062],[98.42552,7.92921],[98.42178,7.93105],[98.41828,7.92868],[98.41633,7.93038],[98.416,7.93181],[98.41889,7.93189],[98.41826,7.93405],[98.41476,7.93335],[98.41661,7.94333],[98.42774,7.94069],[98.43577,7.94679],[98.43664,7.94324]],[[98.44995,7.96485],[98.45216,7.96732],[98.4528,7.96717],[98.45178,7.96411],[98.44995,7.96485]],[[98.4492,8.06145],[98.44793,8.05965],[98.44951,8.05684],[98.44233,8.05991],[98.44916,8.06487],[98.4492,8.06145]],[[98.45197,7.95534],[98.45319,7.95634],[98.45244,7.95228],[98.45003,7.9517],[98.44547,7.95507],[98.445,7.95969],[98.44895,7.96205],[98.44812,7.95588],[98.45197,7.95534]],[[98.45534,7.92442],[98.45538,7.92533],[98.45598,7.92537],[98.45536,7.92335],[98.45534,7.92442]],[[98.46164,8.03056],[98.46191,8.02766],[98.46078,8.02249],[98.45963,8.0325],[98.46164,8.03056]],[[98.46737,8.06101],[98.47167,8.04653],[98.47023,8.03999],[98.46806,8.03849],[98.46613,8.03942],[98.4662,8.0461],[98.46024,8.05022],[98.45717,8.05591],[98.45765,8.06085],[98.46737,8.06101]]]}},{"type":"Feature","properties":{"kind":"coastline","p_code":"20","p_name_t":"จังหวัดชลบุรี","p_name_e":"CHANGWAT CHONBURI","length_km":276.81},"geometry":{"type":"MultiLineString","coordinates":[[[100.9931,12.6561],[100.96935,12.64616],[100.96805,12.64156],[100.97082,12.6391],[100.9661,12.63519],[100.96373,12.62973],[100.96703,12.61834],[100.96234,12.60268],[100.9636,12.59463],[100.95303,12.60196],[100.94507,12.5983],[100.94368,12.60328],[100.93548,12.60853],[100.93113,12.60893],[100.92611,12.60506],[100.92475,12.6123],[100.91993,12.61996],[100.91384,12.6231],[100.91365,12.62693],[100.92724,12.62666],[100.92584,12.6363],[100.93017,12.6451],[100.92918,12.64717],[100.91626,12.6587],[100.90454,12.66204],[100.89243,12.65955],[100.88709,12.65247],[100.86441,12.65016],[100.86162,12.65147],[100.85375,12.64779],[100.85023,12.64903],[100.84918,12.65508],[100.85942,12.65908],[100.86222,12.66364],[100.86181,12.66776],[100.85622,12.67531],[100.84838,12.67519],[100.84295,12.67004],[100.84043,12.67529],[100.84237,12.67991],[100.84028,12.68304],[100.85029,12.68799],[100.85717,12.69458],[100.854,12.69406],[100.84988,12.6976],[100.84403,12.69378],[100.83803,12.69691],[100.83919,12.707],[100.8337,12.71332],[100.83804,12.72284],[100.83395,12.73282],[100.83595,12.73964],[100.84123,12.74272],[100.84004,12.75224],[100.84275,12.75422],[100.85328,12.75359],[100.85622,12.75761],[100.85427,12.76102],[100.85589,12.76401],[100.86945,12.7694],[100.87901,12.7608],[100.89082,12.76464],[100.90248,12.77719],[100.91298,12.80647],[100.91294,12.81507],[100.89901,12.85346],[100.87977,12.88375],[100.85678,12.90911],[100.85636,12.91804],[100.86172,12.93004],[100.86534,12.92527],[100.86883,12.92472],[100.87477,12.92756],[100.88261,12.93537],[100.88471,12.94842],[100.88222,12.95545],[100.88457,12.95876],[100.88292,12.96998],[100.89316,12.9746],[100.89518,12.97123],[100.9008,12.97006],[100.91069,12.977],[100.92112,12.98948],[100.92735,13.00435],[100.92784,13.01447],[100.92286,13.03275],[100.90122,13.06241],[100.88773,13.05479],[100.88525,13.05955],[100.89742,13.06741],[100.89514,13.07082],[100.8827,13.06391],[100.87854,13.07121],[100.88732,13.07614],[100.87899,13.08079],[100.87247,13.07613],[100.87118,13.08226],[100.87944,13.10978],[100.89768,13.12394],[100.89807,13.13424],[100.90066,13.13599],[100.89863,13.13957],[100.89981,13.14269],[100.90639,13.14772],[100.9136,13.16054],[100.9235,13.16771],[100.92893,13.18163],[100.92973,13.19115],[100.93407,13.19476],[100.93623,13.20211],[100.93422,13.21106],[100.93611,13.21944],[100.92639,13.26215],[100.9149,13.28278],[100.8976,13.30184],[100.90273,13.30436],[100.90234,13.31702],[100.90926,13.31293],[100.91794,13.31415],[100.92081,13.32292],[100.9196,13.33184],[100.92336,13.33451],[100.92568,13.34061],[100.92893,13.34009],[100.93009,13.33752],[100.93767,13.33878],[100.94026,13.33665],[100.93908,13.34009],[100.94779,13.34701],[100.96344,13.3475],[100.96911,13.35247],[100.97139,13.34949],[100.97029,13.35338],[100.97732,13.35896],[100.97607,13.3652],[100.98259,13.36565],[100.97705,13.37004],[100.98083,13.3709],[100.97846,13.37152],[100.98116,13.3737],[100.97879,13.37472],[100.9822,13.37505],[100.98561,13.37936],[100.98573,13.39374],[100.96769,13.43388],[100.96935,13.45384],[100.97392,13.47326]],[[100.78261,12.71665],[100.78631,12.71814],[100.79149,12.71626],[100.80216,12.71724],[100.8043,12.70745],[100.80265,12.70246],[100.80603,12.69645],[100.80259,12.69153],[100.79586,12.68958],[100.79087,12.68403],[100.7908,12.67834],[100.78798,12.6747],[100.78011,12.671],[100.77609,12.67352],[100.77886,12.67659],[100.77546,12.68869],[100.76454,12.70278],[100.76646,12.71315],[100.76941,12.70485],[100.77278,12.7043],[100.77609,12.70663],[100.77389,12.71906],[100.78261,12.71665]],[[100.78666,12.91894],[100.78157,12.90261],[100.77429,12.89765],[100.77165,12.90215],[100.77186,12.90976],[100.76666,12.91416],[100.7699,12.91786],[100.77045,12.92788],[100.77559,12.92395],[100.77882,12.92433],[100.78592,12.93455],[100.78995,12.93635],[100.7891,12.92437],[100.78666,12.91894]],[[100.79045,12.943],[100.79153,12.94261],[100.79428,12.94397],[100.79257,12.94128],[100.78958,12.94102],[100.7891,12.94424],[100.79045,12.943]],[[100.79769,12.72556],[100.79685,12.72884],[100.79718,12.72947],[100.7994,12.7268],[100.79769,12.72556]],[[100.80433,12.92831],[100.80434,12.92985],[100.80655,12.92799],[100.80619,12.92554],[100.80433,12.92831]],[[100.80727,13.17529],[100.80966,13.17302],[100.80779,13.16606],[100.80943,13.16107],[100.81271,13.15952],[100.81643,13.15052],[100.82008,13.15029],[100.81737,13.14326],[100.81968,13.1378],[100.80977,13.12488],[100.80703,13.12654],[100.80681,13.135],[100.80327,13.138],[100.80655,13.14523],[100.79959,13.14784],[100.80362,13.14958],[100.80473,13.15504],[100.80107,13.16275],[100.7982,13.16321],[100.80193,13.17222],[100.80117,13.17833],[100.8075,13.18018],[100.80727,13.17529]],[[100.82286,12.67301],[100.82075,12.67642],[100.82177,12.67916],[100.82542,12.67377],[100.82286,12.67301]],[[100.84644,12.7606],[100.84337,12.75924],[100.83822,12.76066],[100.84624,12.7632],[100.84944,12.7603],[100.84644,12.7606]],[[100.87386,12.64081],[100.87769,12.63623],[100.86976,12.63341],[100.86809,12.62818],[100.86789,12.6338],[100.86353,12.63972],[100.86871,12.64243],[100.87398,12.64273],[100.87386,12.64081]],[[100.87553,12.61082],[100.87425,12.61274],[100.87538,12.61478],[100.87746,12.61191],[100.87553,12.61082]],[[100.88108,12.61806],[100.88379,12.61628],[100.87934,12.61455],[100.878,12.61813],[100.88108,12.61806]],[[100.88869,12.61187],[100.88927,12.61123],[100.88934,12.61074],[100.88877,12.61102],[100.88869,12.61187]],[[100.89218,12.64298],[100.89142,12.6413],[100.88558,12.64183],[100.87765,12.64501],[100.8862,12.64458],[100.8906,12.64727],[100.89218,12.64298]],[[100.89649,12.64534],[100.89764,12.64719],[100.89832,12.64702],[100.89792,12.64468],[100.89649,12.64534]],[[100.89961,12.62239],[100.89915,12.6256],[100.89977,12.62657],[100.90245,12.62321],[100.89961,12.62239]],[[100.91627,12.60143],[100.9159,12.60384],[100.91718,12.60574],[100.91761,12.60117],[100.91627,12.60143]],[[100.91731,12.61646],[100.91823,12.61655],[100.91757,12.61533],[100.91725,12.61575],[100.91731,12.61646]],[[100.91951,13.17386],[100.92031,13.17477],[100.92122,13.17396],[100.9205,13.17293],[100.91951,13.17386]],[[100.93493,12.57182],[100.93215,12.57053],[100.93086,12.57235],[100.93449,12.57614],[100.93493,12.57182]],[[100.95174,12.58633],[100.95403,12.58549],[100.95788,12.5651],[100.96307,12.56114],[100.95236,12.54961],[100.9488,12.56189],[100.94995,12.56505],[100.94632,12.5685],[100.94209,12.58053],[100.94563,12.58295],[100.94561,12.58835],[100.95174,12.58633]],[[100.95534,12.52952],[100.95989,12.5172],[100.95752,12.50793],[100.95164,12.5148],[100.95425,12.52284],[100.95215,12.5293],[100.95534,12.52952]],[[100.9632,12.58058],[100.95939,12.5825],[100.95952,12.5874],[100.96263,12.59093],[100.96702,12.58513],[100.9661,12.58131],[100.9632,12.58058]],[[100.97076,12.54866],[100.97019,12.55033],[100.97135,12.5511],[100.97206,12.54811],[100.97076,12.54866]],[[100.97419,12.51723],[100.97413,12.51312],[100.9703,12.51872],[100.96788,12.51748],[100.96623,12.52142],[100.97051,12.52315],[100.97419,12.51723]]]}},{"type":"Feature","properties":{"kind":"coastline","p_code":"92","p_name_t":"จังหวัดตรัง","p_name_e":"CHANGWAT TRANG","length_km":248.8},"geometry":{"type":"MultiLineString","coordinates":[[[99.7351,7.13083],[99.73168,7.13306],[99.72105,7.1282],[99.71437,7.13401],[99.71135,7.13086],[99.70086,7.13247],[99.69022,7.12493],[99.681,7.12305],[99.67341,7.11738],[99.66992,7.11742],[99.6672,7.11378],[99.6655,7.11634],[99.67038,7.12482],[99.66517,7.14972],[99.65893,7.16205],[99.64886,7.16845],[99.63804,7.16584],[99.63452,7.15947],[99.61462,7.13899],[99.60219,7.13688],[99.59964,7.13899],[99.60183,7.14311],[99.5997,7.14603],[99.60034,7.15577],[99.59573,7.15759],[99.59137,7.15119],[99.58447,7.14718],[99.57725,7.15727],[99.57649,7.16437],[99.56688,7.18919],[99.55771,7.20747],[99.53971,7.23124],[99.52397,7.24546],[99.52113,7.25187],[99.46161,7.28881],[99.45421,7.29028],[99.45051,7.29404],[99.43856,7.29484],[99.42608,7.30327],[99.41835,7.30435],[99.41297,7.31312],[99.41555,7.31425],[99.41313,7.31587],[99.40362,7.31781],[99.40097,7.31109],[99.40173,7.30566],[99.39823,7.30438],[99.39447,7.30748],[99.38951,7.31982],[99.37528,7.33988],[99.37261,7.34167],[99.37003,7.33924],[99.36133,7.35048],[99.35987,7.35442],[99.36123,7.35764],[99.35409,7.36173],[99.33663,7.38007],[99.34815,7.40505],[99.34561,7.41211],[99.3382,7.40934],[99.33635,7.4109],[99.34487,7.41527],[99.34407,7.4366],[99.34603,7.441],[99.33272,7.47319],[99.32763,7.49407],[99.31984,7.50297],[99.31094,7.50738],[99.31296,7.51283],[99.30331,7.50915],[99.29705,7.50193],[99.29608,7.49759],[99.28988,7.50397],[99.2903,7.50675],[99.28364,7.51606],[99.28721,7.52194],[99.2934,7.51356],[99.29773,7.5161],[99.29383,7.5225],[99.29612,7.52244],[99.30036,7.5173],[99.30418,7.51877],[99.30734,7.52588],[99.30745,7.53481],[99.31222,7.53769],[99.30796,7.54545],[99.29406,7.56065],[99.29926,7.56968],[99.29015,7.5763],[99.29125,7.57995],[99.27805,7.60117],[99.28043,7.61585],[99.28305,7.61935],[99.28054,7.62009],[99.27877,7.62415],[99.27784,7.63313],[99.27514,7.63353],[99.2708,7.62224],[99.26494,7.62306],[99.26128,7.6167],[99.25126,7.62109],[99.2468,7.62589],[99.23571,7.6271],[99.23264,7.6308],[99.23269,7.63295],[99.23838,7.63384],[99.25195,7.63062],[99.25283,7.62894],[99.25668,7.62651],[99.25355,7.63027],[99.25128,7.63995],[99.25471,7.65062],[99.26052,7.65436],[99.26185,7.6625]],[[99.24895,7.37791],[99.24651,7.37795],[99.24662,7.38193],[99.24831,7.38188],[99.24895,7.37791]],[[99.25298,7.30018],[99.25107,7.30226],[99.25188,7.31013],[99.24658,7.32839],[99.24751,7.33374],[99.25244,7.31835],[99.25932,7.30911],[99.25508,7.30344],[99.25428,7.29803],[99.25298,7.30018]],[[99.27721,7.54719],[99.27743,7.54975],[99.27929,7.54955],[99.28073,7.54493],[99.27721,7.54719]],[[99.28185,7.54818],[99.28207,7.54946],[99.28367,7.54997],[99.28324,7.54771],[99.28185,7.54818]],[[99.28991,7.55871],[99.28789,7.55672],[99.2868,7.56079],[99.28909,7.5613],[99.28991,7.55871]],[[99.2949,7.38962],[99.29798,7.38966],[99.29919,7.38421],[99.30501,7.37661],[99.31442,7.37452],[99.3058,7.37003],[99.30628,7.36664],[99.30324,7.36308],[99.30507,7.36036],[99.30388,7.35571],[99.30107,7.3532],[99.29476,7.35577],[99.29332,7.36111],[99.28834,7.36563],[99.28432,7.3648],[99.28221,7.36718],[99.2843,7.37407],[99.28752,7.37616],[99.28306,7.38065],[99.28401,7.38567],[99.27997,7.38772],[99.28926,7.39094],[99.2949,7.38962]],[[99.30301,7.49073],[99.3002,7.49101],[99.29705,7.49514],[99.30405,7.49766],[99.30495,7.49281],[99.30301,7.49073]],[[99.31856,7.47103],[99.32005,7.47123],[99.321,7.4707],[99.31957,7.46978],[99.31856,7.47103]],[[99.39246,7.07548],[99.3944,7.07701],[99.39538,7.07469],[99.39412,7.07389],[99.39246,7.07548]],[[99.39232,7.27346],[99.39788,7.26832],[99.39747,7.26434],[99.3955,7.26352],[99.39733,7.26242],[99.41153,7.26267],[99.42664,7.26761],[99.42806,7.26398],[99.43361,7.26269],[99.43804,7.25816],[99.45104,7.25496],[99.44705,7.25012],[99.42604,7.2471],[99.418,7.24246],[99.4083,7.24278],[99.40891,7.24038],[99.40515,7.23743],[99.40481,7.23269],[99.40245,7.23321],[99.39234,7.22539],[99.39406,7.21101],[99.39047,7.21116],[99.38993,7.20906],[99.38339,7.20624],[99.37441,7.21086],[99.3707,7.21956],[99.36527,7.22452],[99.37169,7.2442],[99.36727,7.25937],[99.3682,7.26683],[99.37133,7.26877],[99.37376,7.26653],[99.37651,7.26797],[99.38384,7.28141],[99.38703,7.28104],[99.38775,7.27656],[99.39232,7.27346]],[[99.39423,7.30231],[99.39338,7.30301],[99.39428,7.30372],[99.39539,7.30228],[99.39423,7.30231]],[[99.39794,7.06699],[99.39861,7.06727],[99.39822,7.06605],[99.39793,7.06633],[99.39794,7.06699]],[[99.40637,7.31276],[99.4076,7.31504],[99.41017,7.31366],[99.40871,7.31191],[99.40637,7.31276]],[[99.42398,7.1198],[99.4223,7.12271],[99.42311,7.12459],[99.42628,7.12033],[99.42624,7.11553],[99.42398,7.1198]],[[99.42742,7.10712],[99.42687,7.11203],[99.42719,7.1136],[99.43035,7.10988],[99.42873,7.10349],[99.42742,7.10712]],[[99.44453,7.01576],[99.44533,7.01621],[99.44546,7.01545],[99.44467,7.0151],[99.44453,7.01576]],[[99.44831,7.03311],[99.44872,7.03297],[99.44874,7.03219],[99.44819,7.03256],[99.44831,7.03311]],[[99.45075,7.07477],[99.45153,7.07523],[99.45214,7.07436],[99.45128,7.0742],[99.45075,7.07477]],[[99.44947,7.29147],[99.45099,7.29197],[99.45156,7.29151],[99.45058,7.28987],[99.44947,7.29147]],[[99.47355,6.9845],[99.47384,6.98392],[99.47292,6.98336],[99.47298,6.98389],[99.47355,6.9845]],[[99.47403,6.97467],[99.47386,6.97732],[99.47566,6.97858],[99.47586,6.97296],[99.47403,6.97467]],[[99.47453,7.0243],[99.47211,7.03075],[99.47064,7.05089],[99.47574,7.03758],[99.47529,7.02133],[99.47453,7.0243]],[[99.47472,7.27227],[99.47572,7.27192],[99.47541,7.27114],[99.47414,7.27144],[99.47472,7.27227]],[[99.5626,7.12086],[99.57123,7.11272],[99.57775,7.11089],[99.58305,7.11363],[99.59165,7.10658],[99.59112,7.10452],[99.59649,7.10401],[99.60679,7.09386],[99.61207,7.08477],[99.61509,7.08334],[99.61486,7.08104],[99.6075,7.08102],[99.60254,7.08524],[99.58867,7.09083],[99.58341,7.08898],[99.56487,7.09349],[99.56302,7.1045],[99.5574,7.11],[99.55341,7.12867],[99.5626,7.12086]],[[99.58283,7.13219],[99.5791,7.13183],[99.57855,7.13267],[99.58389,7.13445],[99.58283,7.13219]],[[99.63071,7.14498],[99.63216,7.14513],[99.63059,7.14302],[99.6301,7.14402],[99.63071,7.14498]],[[99.63829,7.14377],[99.6387,7.14478],[99.63953,7.14477],[99.63909,7.14256],[99.63829,7.14377]],[[99.64964,7.14973],[99.64965,7.15321],[99.65112,7.15569],[99.65232,7.15078],[99.65096,7.14806],[99.64964,7.14973]],[[99.6971,7.12441],[99.69661,7.12632],[99.70211,7.13126],[99.69976,7.12488],[99.6971,7.12441]]]}},{"type":"Feature","properties":{"kind":"coastline","p_code":"77","p_name_t":"จังหวัดประจวบคีรีขันธ์","p_name_e":"CHANGWAT PRACHUAP KHILIKHAN","length_km":246.34},"geometry":{"type":"LineString","coordinates":[[99.9556,12.63296],[99.95628,12.58638],[99.96003,12.57339],[99.96365,12.56874],[99.9661,12.54551],[99.97688,12.52075],[99.98501,12.51398],[99.98427,12.51264],[99.98001,12.51415],[99.97491,12.50362],[99.97663,12.46614],[99.97882,12.45771],[99.98186,12.45591],[99.98388,12.45026],[99.98156,12.44456],[99.98377,12.43903],[99.97943,12.43599],[99.97937,12.43228],[99.98748,12.41057],[99.99475,12.40501],[100.00152,12.37468],[99.99865,12.34206],[100.00233,12.33558],[99.99884,12.33045],[99.99715,12.33176],[99.99243,12.32821],[99.98652,12.31527],[99.97744,12.27957],[99.97393,12.2746],[99.97461,12.26361],[99.98328,12.24499],[100.00511,12.22281],[100.00614,12.219],[100.00119,12.21343],[100.00181,12.21094],[100.00409,12.20787],[100.01269,12.20809],[100.0164,12.20123],[100.01626,12.19173],[100.01987,12.19055],[100.01572,12.18354],[100.00825,12.17747],[100.00473,12.16927],[99.9955,12.16005],[99.98369,12.15216],[99.97518,12.14324],[99.97158,12.14178],[99.96963,12.14355],[99.96634,12.14111],[99.96934,12.13178],[99.96134,12.11246],[99.9626,12.10813],[99.96699,12.10575],[99.96744,12.09888],[99.96347,12.09436],[99.96215,12.08714],[99.95922,12.08558],[99.9559,12.08968],[99.94927,12.08094],[99.94466,12.08333],[99.93739,12.07701],[99.90714,12.04165],[99.86033,11.99301],[99.86068,11.9899],[99.84161,11.96107],[99.81833,11.90894],[99.81176,11.88057],[99.81255,11.87247],[99.81664,11.86472],[99.82138,11.86235],[99.82266,11.86544],[99.82529,11.86565],[99.82261,11.85887],[99.82408,11.85082],[99.83098,11.84911],[99.83484,11.84377],[99.83315,11.83156],[99.83142,11.82898],[99.82884,11.82909],[99.82821,11.83389],[99.83022,11.83759],[99.82839,11.83951],[99.81577,11.83895],[99.80504,11.82933],[99.79927,11.81815],[99.8014,11.79799],[99.81088,11.78717],[99.81644,11.78901],[99.81835,11.78503],[99.81686,11.77922],[99.81297,11.77691],[99.81331,11.78452],[99.80351,11.78321],[99.79903,11.77919],[99.79492,11.77086],[99.79637,11.76493],[99.8015,11.76527],[99.80418,11.76123],[99.80235,11.75292],[99.81075,11.74159],[99.81088,11.73823],[99.80635,11.73699],[99.80738,11.74018],[99.80517,11.7417],[99.79896,11.73965],[99.7967,11.74608],[99.79447,11.74409],[99.79215,11.74601],[99.78953,11.74486],[99.75382,11.71431],[99.73322,11.69234],[99.7244,11.67939],[99.72053,11.66593],[99.71037,11.64575],[99.69513,11.62496],[99.65625,11.55815],[99.63446,11.50918],[99.62715,11.48268],[99.62623,11.46947],[99.62124,11.46869],[99.61484,11.45802],[99.60702,11.4352],[99.60533,11.41907],[99.59913,11.41525],[99.59887,11.40416],[99.58501,11.37907],[99.58042,11.35759],[99.57792,11.35765],[99.57622,11.36058],[99.56924,11.3551],[99.55791,11.33243],[99.55211,11.31225],[99.54923,11.2849],[99.55288,11.25188],[99.56539,11.22287],[99.57345,11.21533],[99.57744,11.21515],[99.57897,11.2128],[99.57998,11.21409],[99.58124,11.21169],[99.57832,11.21157],[99.57937,11.20874],[99.57632,11.2016],[99.57595,11.19785],[99.5782,11.19509],[99.57037,11.19038],[99.56553,11.18377],[99.55924,11.19008],[99.56245,11.20116],[99.56071,11.20313],[99.5429,11.20795],[99.53389,11.20472],[99.5206,11.19571],[99.50693,11.1803],[99.49541,11.16246],[99.489,11.14548],[99.4863,11.11485],[99.49303,11.08337],[99.49578,11.05865],[99.5014,11.03954],[99.50071,11.01181],[99.49818,11.00072],[99.49954,10.99298],[99.50232,10.99131],[99.49938,10.98808],[99.4967,10.98933]]}},{"type":"Feature","properties":{"kind":"coastline","p_code":"80","p_name_t":"จังหวัดนครศรีธรรมราช","p_name_e":"CHANGWAT NAKHON SI THAMMARAT","length_km":241.84},"geometry":{"type":"MultiLineString","coordinates":[[[99.7691,9.32314],[99.77973,9.31188],[99.78307,9.31214],[99.78508,9.31834],[99.7861,9.3136],[99.79323,9.31245],[99.79593,9.31811],[99.79698,9.30981],[99.80091,9.32005],[99.80566,9.31569],[99.80419,9.31222],[99.80058,9.31067],[99.79938,9.30625],[99.80667,9.29935],[99.82024,9.29697],[99.82424,9.29853],[99.82979,9.31072],[99.83744,9.30436],[99.8388,9.29481],[99.84334,9.29407],[99.84235,9.28425],[99.84601,9.28324],[99.84459,9.26544],[99.8483,9.25421],[99.86119,9.2517],[99.86353,9.24803],[99.86381,9.23848],[99.86564,9.23653],[99.87031,9.23804],[99.86941,9.23455],[99.87078,9.22894],[99.87425,9.22534],[99.87394,9.22211],[99.87943,9.2183],[99.87896,9.2106],[99.88097,9.20797],[99.87647,9.20691],[99.87546,9.20296],[99.87363,9.17164],[99.87534,9.1406],[99.88178,9.12552],[99.88737,9.12668],[99.8938,9.1223],[99.90872,9.09852],[99.90933,9.09015],[99.91266,9.08382],[99.90957,9.07418],[99.91431,9.02081],[99.91611,9.01517],[99.91773,9.01579],[99.92224,9.00779],[99.92872,9.00685],[99.92724,9.00381],[99.92,9.00376],[99.91534,8.99464],[99.91279,8.96054],[99.91445,8.91969],[99.92073,8.86214],[99.9341,8.79666],[99.93985,8.72592],[99.94938,8.66715],[99.94819,8.6573],[99.9558,8.61765],[99.96387,8.59249],[99.97087,8.58104],[99.98075,8.57217],[99.99687,8.57227],[100.00244,8.56457],[100.0087,8.56397],[100.01578,8.55922],[100.04308,8.5294],[100.04762,8.52068],[100.04777,8.51288],[100.05185,8.50762],[100.05311,8.49852],[100.06302,8.47756],[100.06202,8.47531],[100.06751,8.46829],[100.07251,8.45564],[100.07605,8.43726],[100.08907,8.4109],[100.09166,8.41728],[100.09366,8.41744],[100.11057,8.40323],[100.11676,8.40209],[100.12989,8.39409],[100.13949,8.38553],[100.14532,8.37687],[100.14708,8.37969],[100.15629,8.37903],[100.15463,8.38171],[100.15798,8.3831],[100.16248,8.38955],[100.16998,8.38765],[100.17642,8.38223],[100.17113,8.39734],[100.16614,8.40104],[100.15946,8.41386],[100.15845,8.41939],[100.16132,8.42186],[100.15528,8.4392],[100.16353,8.44698],[100.16754,8.45454],[100.16945,8.45401],[100.17297,8.45791],[100.16581,8.47226],[100.16839,8.47528],[100.16207,8.49333],[100.14564,8.51046],[100.13541,8.51429],[100.12875,8.51404],[100.12758,8.51668],[100.13562,8.519],[100.16059,8.51078],[100.18058,8.49421],[100.20315,8.46517],[100.21779,8.43587],[100.24556,8.36104],[100.28402,8.23141],[100.29625,8.17159],[100.32377,7.99988],[100.33691,7.93188]],[[99.77429,9.3258],[99.77885,9.32593],[99.78261,9.32283],[99.77531,9.32101],[99.76675,9.32523],[99.77429,9.3258]]]}},{"type":"Feature","properties":{"kind":"coastline","p_code":"90","p_name_t":"จังหวัดสงขลา","p_name_e":"CHANGWAT SONGKHLA","length_km":157.95},"geometry":{"type":"LineString","coordinates":[[100.33691,7.9319],[100.37712,7.74766],[100.43312,7.5181],[100.44847,7.466],[100.4631,7.42097],[100.4894,7.3565],[100.51812,7.29839],[100.53964,7.26359],[100.5537,7.25116],[100.55635,7.24987],[100.5598,7.25212],[100.58238,7.23382],[100.5802,7.23125],[100.58771,7.21663],[100.59767,7.21548],[100.61661,7.18507],[100.6187,7.18307],[100.6231,7.18408],[100.65627,7.12851],[100.70453,7.05882],[100.7519,6.99878],[100.77641,6.97577],[100.80366,6.9578],[100.82465,6.95205],[100.83046,6.95199],[100.83833,6.96053],[100.84463,6.95979],[100.84943,6.962],[100.90136,6.91484],[100.92045,6.90017],[100.94931,6.88166],[100.95863,6.8803],[100.98375,6.86413],[101.02045,6.85454],[101.04102,6.85418],[101.0637,6.85749]]}},{"type":"Feature","properties":{"kind":"coastline","p_code":"94","p_name_t":"จังหวัดปัตตานี","p_name_e":"CHANGWAT PATTANI","length_km":143.8},"geometry":{"type":"LineString","coordinates":[[101.06368,6.85749],[101.10112,6.86275],[101.13427,6.86008],[101.15547,6.86114],[101.16668,6.86507],[101.1985,6.86838],[101.21635,6.87314],[101.23223,6.88252],[101.24901,6.9013],[101.2618,6.90167],[101.26706,6.89918],[101.27162,6.89336],[101.28395,6.89231],[101.28321,6.88272],[101.28846,6.8787],[101.29588,6.87997],[101.30837,6.88688],[101.32483,6.87598],[101.33336,6.87636],[101.33829,6.88451],[101.34403,6.88609],[101.34558,6.88916],[101.34467,6.8987],[101.34161,6.90136],[101.34233,6.91048],[101.3354,6.91304],[101.32974,6.91115],[101.3274,6.92274],[101.32424,6.92775],[101.31335,6.92286],[101.30591,6.92933],[101.30063,6.92801],[101.30043,6.93904],[101.29655,6.93765],[101.29902,6.93404],[101.2921,6.93859],[101.2858,6.93772],[101.2855,6.94491],[101.28936,6.94875],[101.28052,6.94844],[101.27438,6.94123],[101.27367,6.94702],[101.27279,6.94462],[101.26783,6.94256],[101.26805,6.9451],[101.25615,6.93664],[101.25339,6.93798],[101.24959,6.93593],[101.2454,6.92958],[101.24634,6.93404],[101.24514,6.93237],[101.24458,6.93511],[101.23944,6.92884],[101.24098,6.93485],[101.2475,6.9422],[101.27915,6.95315],[101.28657,6.95211],[101.30284,6.9447],[101.32153,6.93197],[101.34734,6.90977],[101.36192,6.9024],[101.41112,6.89017],[101.45283,6.88505],[101.47002,6.87924],[101.48879,6.86781],[101.49245,6.86882],[101.5035,6.86572],[101.50469,6.86433],[101.49975,6.86461],[101.50872,6.86201],[101.52194,6.86219],[101.50927,6.86442],[101.50975,6.8663],[101.52001,6.86357],[101.52605,6.8656],[101.54453,6.84694],[101.55751,6.84601],[101.62813,6.72529],[101.64268,6.70949],[101.66118,6.67594],[101.72473,6.57681]]}},{"type":"Feature","properties":{"kind":"coastline","p_code":"21","p_name_t":"จังหวัดระยอง","p_name_e":"CHANGWAT RAYONG","length_km":132.01},"geometry":{"type":"MultiLineString","coordinates":[[[101.78459,12.69382],[101.77283,12.69726],[101.76928,12.70252],[101.74651,12.70846],[101.7216,12.70484],[101.69296,12.69497],[101.67245,12.68489],[101.66678,12.67774],[101.66639,12.67191],[101.66053,12.66754],[101.66125,12.66581],[101.65662,12.66138],[101.65681,12.66422],[101.6527,12.66355],[101.6549,12.66025],[101.65117,12.65198],[101.64387,12.64601],[101.6457,12.64248],[101.63535,12.64288],[101.61412,12.65059],[101.5931,12.65337],[101.5922,12.65154],[101.57169,12.65016],[101.56524,12.6468],[101.56352,12.63639],[101.56577,12.63223],[101.55649,12.62745],[101.52775,12.63109],[101.50662,12.63156],[101.49734,12.62958],[101.4768,12.63289],[101.45188,12.63086],[101.43495,12.62463],[101.42456,12.61589],[101.42318,12.61179],[101.42519,12.60981],[101.42525,12.60131],[101.42264,12.59332],[101.42496,12.59064],[101.42121,12.58984],[101.41906,12.58339],[101.41362,12.58592],[101.41631,12.59088],[101.40429,12.59985],[101.33695,12.63453],[101.28525,12.65408],[101.23166,12.66551],[101.1927,12.6694],[101.17912,12.66874],[101.13919,12.67582],[101.10326,12.67902],[101.09118,12.67516],[101.06521,12.67455],[101.05919,12.67055],[101.04757,12.66883],[101.04007,12.66413],[101.01216,12.66089],[100.99308,12.65609]],[[101.16956,12.64681],[101.16892,12.64759],[101.17054,12.64926],[101.1711,12.64698],[101.16956,12.64681]],[[101.45919,12.57433],[101.46472,12.57545],[101.46839,12.57183],[101.46924,12.56644],[101.46638,12.5674],[101.45916,12.56463],[101.45347,12.55394],[101.4504,12.55403],[101.45046,12.55001],[101.44691,12.5457],[101.44909,12.53991],[101.44806,12.53234],[101.44521,12.52877],[101.44637,12.52478],[101.44186,12.5214],[101.44066,12.52738],[101.44461,12.53568],[101.44618,12.55911],[101.44802,12.56166],[101.44525,12.58015],[101.45049,12.58291],[101.45919,12.57433]],[[101.51056,12.58225],[101.50847,12.58423],[101.50891,12.58572],[101.51105,12.58504],[101.51056,12.58225]],[[101.56701,12.55817],[101.56911,12.55841],[101.56908,12.55459],[101.56844,12.55472],[101.56701,12.55817]],[[101.69064,12.60966],[101.68875,12.60735],[101.68613,12.6107],[101.68917,12.61388],[101.68818,12.61747],[101.69028,12.61731],[101.69064,12.60966]],[[101.69198,12.59693],[101.68923,12.59749],[101.69321,12.60193],[101.69323,12.59944],[101.69198,12.59693]],[[101.6984,12.5696],[101.70169,12.57192],[101.7003,12.56605],[101.698,12.567],[101.6984,12.5696]]]}},{"type":"Feature","properties":{"kind":"coastline","p_code":"22","p_name_t":"จังหวัดจันทบุรี","p_name_e":"CHANGWAT CHANTHABURI","length_km":119.04},"geometry":{"type":"MultiLineString","coordinates":[[[102.28696,12.29963],[102.26809,12.29997],[102.25832,12.28889],[102.25987,12.30001],[102.25743,12.30543],[102.21498,12.33469],[102.19776,12.35634],[102.15184,12.40196],[102.12658,12.41241],[102.12443,12.42322],[102.10299,12.45242],[102.09464,12.46043],[102.09272,12.45941],[102.09194,12.46346],[102.05883,12.48383],[102.05553,12.48207],[102.0599,12.46879],[102.05743,12.46801],[102.05247,12.4724],[102.04329,12.47197],[102.0442,12.47611],[102.03975,12.48121],[102.04547,12.48419],[102.04642,12.49018],[102.04541,12.49149],[102.03613,12.4864],[102.03561,12.48885],[102.03656,12.4919],[102.04325,12.49338],[102.0403,12.50329],[102.03457,12.51019],[102.01217,12.52729],[101.99533,12.53667],[101.98056,12.54183],[101.96251,12.543],[101.94846,12.5384],[101.94822,12.52869],[101.95131,12.5186],[101.95077,12.51622],[101.94852,12.51621],[101.94586,12.52175],[101.94542,12.53142],[101.92863,12.53734],[101.92625,12.54505],[101.91642,12.55518],[101.89508,12.57191],[101.89196,12.57287],[101.8893,12.56973],[101.88498,12.57625],[101.88367,12.58058],[101.8867,12.58265],[101.89164,12.58185],[101.89525,12.57514],[101.89902,12.57293],[101.91174,12.57562],[101.90832,12.58922],[101.90204,12.60197],[101.89048,12.60717],[101.88911,12.6028],[101.88301,12.6018],[101.88178,12.59741],[101.88418,12.58582],[101.87983,12.59196],[101.87793,12.6002],[101.86999,12.60796],[101.86517,12.61725],[101.86264,12.64281],[101.85563,12.64573],[101.85255,12.65369],[101.83763,12.66216],[101.826,12.67248],[101.78457,12.69382]],[[101.94846,12.50874],[101.94789,12.51422],[101.94928,12.5147],[101.95155,12.51157],[101.94846,12.50874]],[[102.02326,12.46085],[102.02093,12.4635],[102.02214,12.46529],[102.0245,12.46274],[102.02468,12.46016],[102.02326,12.46085]],[[102.06537,12.46525],[102.06592,12.46614],[102.06678,12.46532],[102.06596,12.46482],[102.06537,12.46525]],[[102.10998,12.42262],[102.10786,12.42269],[102.11106,12.42596],[102.11049,12.42288],[102.10998,12.42262]],[[102.12073,12.41035],[102.12475,12.40978],[102.12616,12.40482],[102.11865,12.4089],[102.11902,12.4116],[102.12073,12.41035]],[[102.13453,12.3964],[102.13262,12.39337],[102.13142,12.3924],[102.13321,12.39876],[102.13453,12.3964]],[[102.23858,12.2963],[102.24071,12.29687],[102.24399,12.29298],[102.23801,12.28611],[102.2351,12.2953],[102.23534,12.29695],[102.23858,12.2963]],[[102.24912,12.28828],[102.25016,12.29025],[102.25285,12.28804],[102.25122,12.28589],[102.24912,12.28828]]]}},{"type":"Feature","properties":{"kind":"coastline","p_code":"76","p_name_t":"จังหวัดเพชรบุรี","p_name_e":"CHANGWAT PHETCHABURI","length_km":87.02},"geometry":{"type":"LineString","coordinates":[[99.95306,13.29746],[99.95164,13.28585],[99.94355,13.269],[99.9437,13.26555],[99.95321,13.26067],[99.96427,13.24371],[99.98268,13.23656],[99.98956,13.23036],[99.99936,13.21867],[100.00414,13.19999],[100.01864,13.18354],[100.05369,13.16787],[100.07001,13.15264],[100.07025,13.14724],[100.06426,13.13033],[100.06275,13.11184],[100.06519,13.08164],[100.07044,13.07208],[100.0851,13.05972],[100.1023,13.0552],[100.08464,13.0277],[100.05841,12.99647],[100.0427,12.96733],[100.02941,12.93442],[100.02645,12.92363],[100.02309,12.88431],[100.01108,12.85568],[99.99645,12.8319],[99.96572,12.73955],[99.96369,12.72802],[99.96364,12.69116],[99.95958,12.67206],[99.9556,12.63294]]}},{"type":"Feature","properties":{"kind":"coastline","p_code":"96","p_name_t":"จังหวัดนราธิวาส","p_name_e":"CHANGWAT NARATHIWAT","length_km":56.96},"geometry":{"type":"LineString","coordinates":[[101.72472,6.57682],[101.77858,6.49814],[101.81568,6.45336],[101.85607,6.42786],[101.86699,6.42824],[101.87398,6.42462],[101.91741,6.37355],[101.94923,6.34184],[101.98384,6.31388],[102.08657,6.24732],[102.08778,6.24098]]}},{"type":"Feature","properties":{"kind":"coastline","p_code":"11","p_name_t":"จังหวัดสมุทรปราการ","p_name_e":"CHANGWAT SAMUT PRAKAN","length_km":48.86},"geometry":{"type":"LineString","coordinates":[[100.8479,13.47809],[100.81592,13.48451],[100.81487,13.48679],[100.81094,13.4855],[100.69551,13.5045],[100.64541,13.51828],[100.64478,13.52022],[100.64054,13.51897],[100.62552,13.52735],[100.62383,13.53079],[100.62048,13.53123],[100.61212,13.5389],[100.59677,13.53899],[100.59043,13.54301],[100.57845,13.52094],[100.56411,13.50912],[100.557,13.50591],[100.49668,13.49972],[100.49668,13.50171],[100.49415,13.50171],[100.47336,13.49741],[100.47132,13.49739],[100.47044,13.50104],[100.4541,13.49981]]}},{"type":"Feature","properties":{"kind":"coastline","p_code":"74","p_name_t":"จังหวัดสมุทรสาคร","p_name_e":"CHANGWAT SAMUT SAKHON","length_km":38.09},"geometry":{"type":"LineString","coordinates":[[100.41039,13.49284],[100.41068,13.49149],[100.4003,13.48935],[100.37623,13.48849],[100.34295,13.48383],[100.3145,13.48919],[100.29384,13.49993],[100.27703,13.48965],[100.27006,13.48248],[100.24885,13.47366],[100.14209,13.44417],[100.0796,13.4242]]}},{"type":"Feature","properties":{"kind":"coastline","p_code":"75","p_name_t":"จังหวัดสมุทรสงคราม","p_name_e":"CHANGWAT SAMUT SONGKHAM","length_km":26.13},"geometry":{"type":"LineString","coordinates":[[100.07962,13.4242],[100.06346,13.41797],[100.04772,13.40777],[100.04223,13.39854],[100.04257,13.39357],[100.03941,13.39359],[100.03736,13.37797],[100.03313,13.37044],[100.02431,13.3629],[100.01937,13.36208],[100.01499,13.36513],[100.00376,13.36741],[99.99648,13.36575],[100.00153,13.3547],[99.99657,13.34269],[99.99838,13.33644],[99.99705,13.33132],[99.98283,13.3247],[99.97732,13.3252],[99.97683,13.3224],[99.96585,13.31561],[99.96107,13.31685],[99.96192,13.31322],[99.95836,13.31016],[99.95022,13.31004],[99.95306,13.29742]]}},{"type":"Feature","properties":{"kind":"coastline","p_code":"24","p_name_t":"จังหวัดฉะเชิงเทรา","p_name_e":"CHANGWAT CHACHOENGSAO","length_km":14.86},"geometry":{"type":"LineString","coordinates":[[100.97392,13.47325],[100.97004,13.47658],[100.95449,13.46536],[100.9345,13.46222],[100.90296,13.46686],[100.89919,13.46906],[100.88854,13.46839],[100.88255,13.47197],[100.87358,13.47189],[100.84788,13.47809]]}},{"type":"Feature","properties":{"kind":"coastline","p_code":"10","p_name_t":"กรุงเทพมหานคร","p_name_e":"BANGKOK","length_km":5.3},"geometry":{"type":"LineString","coordinates":[[100.45412,13.49981],[100.43978,13.49588],[100.41039,13.49283]]}}]}