{"type":"FeatureCollection","crs":{"type":"name","properties":{"name":"urn:ogc:def:crs:OGC:1.3:CRS84"}},"features":[{"type":"Feature","properties":{"kind":"land_border","p_code":"63","p_name_t":"จังหวัดตาก","p_name_e":"CHANGWAT TAK","length_km":545.45},"geometry":{"type":"LineString","coordinates":[[98.55856,15.6511],[98.54661,15.6821],[98.57298,15.78461],[98.61046,15.87649],[98.60414,15.87581],[98.60144,15.87293],[98.59594,15.87534],[98.59735,15.88529],[98.59376,15.88641],[98.58924,15.8942],[98.58934,15.90778],[98.58474,15.91691],[98.58877,15.93295],[98.59235,15.93825],[98.59244,15.95031],[98.59591,15.96037],[98.60236,15.96514],[98.60621,15.96514],[98.60903,15.97208],[98.60718,15.98536],[98.60037,15.99691],[98.59675,16.00851],[98.59033,16.01408],[98.57726,16.01996],[98.57487,16.02555],[98.56477,16.02994],[98.56166,16.03351],[98.56684,16.05589],[98.57875,16.06095],[98.58125,16.07085],[98.58667,16.07538],[98.59684,16.07444],[98.60061,16.07342],[98.60277,16.06533],[98.60853,16.06088],[98.60366,16.05347],[98.60732,16.05108],[98.60834,16.04249],[98.6121,16.0424],[98.61384,16.03987],[98.61761,16.04234],[98.62514,16.04244],[98.63161,16.04861],[98.62697,16.06186],[98.6397,16.06082],[98.64265,16.06655],[98.66161,16.07379],[98.66263,16.07637],[98.65922,16.08225],[98.6711,16.0897],[98.67496,16.09549],[98.66635,16.11001],[98.68242,16.11163],[98.68257,16.11743],[98.67835,16.12585],[98.68616,16.12825],[98.68667,16.13306],[98.69206,16.13101],[98.69951,16.13482],[98.7089,16.13471],[98.71374,16.13184],[98.71864,16.12294],[98.72798,16.12281],[98.74311,16.11888],[98.74972,16.12076],[98.76787,16.12009],[98.77987,16.12627],[98.78496,16.12305],[98.78866,16.1108],[98.80447,16.10359],[98.80969,16.10833],[98.82471,16.11333],[98.82962,16.11752],[98.82815,16.12082],[98.83114,16.12607],[98.84155,16.12974],[98.84758,16.12759],[98.85194,16.13609],[98.8498,16.14017],[98.85447,16.15648],[98.85085,16.16094],[98.85615,16.16327],[98.85745,16.16743],[98.86161,16.16886],[98.86242,16.17135],[98.85966,16.18212],[98.86091,16.18742],[98.8542,16.19273],[98.8551,16.19476],[98.85957,16.19467],[98.86166,16.1987],[98.85961,16.20696],[98.85288,16.21389],[98.85311,16.21847],[98.85588,16.22394],[98.86569,16.23293],[98.87087,16.23458],[98.87188,16.23836],[98.87511,16.23641],[98.87757,16.23007],[98.88253,16.24006],[98.88781,16.24239],[98.88798,16.24833],[98.89345,16.24789],[98.90396,16.25425],[98.9048,16.26047],[98.9107,16.26865],[98.90701,16.27516],[98.91267,16.29304],[98.91105,16.29842],[98.91605,16.30574],[98.92366,16.30457],[98.92799,16.30653],[98.92781,16.31117],[98.92525,16.31285],[98.93202,16.32874],[98.92923,16.33772],[98.92444,16.34181],[98.92648,16.34535],[98.92402,16.34694],[98.91766,16.34422],[98.91185,16.34449],[98.90913,16.34766],[98.91118,16.35259],[98.91726,16.35785],[98.92041,16.36994],[98.91713,16.37679],[98.91819,16.38824],[98.90068,16.40067],[98.89646,16.40752],[98.89189,16.40737],[98.88908,16.41686],[98.87918,16.42575],[98.87578,16.4226],[98.86809,16.42394],[98.86055,16.43015],[98.85565,16.42885],[98.84684,16.41936],[98.84067,16.42232],[98.8293,16.42233],[98.82728,16.41269],[98.81331,16.39388],[98.81705,16.38886],[98.81694,16.38532],[98.79782,16.37619],[98.79181,16.36989],[98.78477,16.36827],[98.78135,16.36327],[98.78297,16.35503],[98.77634,16.34991],[98.77683,16.34513],[98.77437,16.34488],[98.77204,16.34791],[98.76867,16.34716],[98.76553,16.34284],[98.76116,16.34515],[98.75382,16.34392],[98.74738,16.34658],[98.74474,16.34488],[98.7454,16.34205],[98.74274,16.33825],[98.73641,16.33776],[98.73382,16.33285],[98.72816,16.3325],[98.72527,16.32274],[98.72848,16.31966],[98.72737,16.31562],[98.7253,16.31515],[98.72557,16.31289],[98.72146,16.31475],[98.71886,16.31015],[98.71999,16.29685],[98.70722,16.29446],[98.70466,16.28352],[98.70666,16.28168],[98.70349,16.27888],[98.70411,16.27291],[98.70181,16.27034],[98.69862,16.26875],[98.69463,16.27002],[98.6922,16.2721],[98.69313,16.27553],[98.68409,16.27876],[98.68202,16.28203],[98.67919,16.27841],[98.68221,16.2768],[98.68091,16.27381],[98.67771,16.27115],[98.67509,16.27206],[98.67379,16.27483],[98.67626,16.27988],[98.67323,16.28463],[98.66907,16.28369],[98.66669,16.2919],[98.66926,16.29268],[98.66984,16.29964],[98.67168,16.30056],[98.66945,16.30132],[98.66885,16.30577],[98.67068,16.30613],[98.66762,16.30901],[98.67047,16.31059],[98.6695,16.31367],[98.67183,16.31744],[98.6665,16.31641],[98.66367,16.31947],[98.66802,16.32249],[98.66674,16.32453],[98.669,16.32638],[98.66661,16.33376],[98.66664,16.34581],[98.66502,16.34811],[98.653,16.35216],[98.65544,16.35756],[98.66214,16.35983],[98.66461,16.36441],[98.66241,16.36829],[98.65365,16.37025],[98.65827,16.37778],[98.64913,16.39355],[98.65629,16.39947],[98.64365,16.40344],[98.64117,16.40967],[98.63624,16.4115],[98.64041,16.41673],[98.63762,16.42579],[98.6397,16.43122],[98.65148,16.44853],[98.65783,16.4532],[98.65789,16.45704],[98.65133,16.4629],[98.65143,16.47118],[98.64774,16.47373],[98.64423,16.4728],[98.64302,16.47892],[98.63395,16.47813],[98.6334,16.48423],[98.62986,16.48798],[98.62733,16.49591],[98.62094,16.49892],[98.61398,16.50577],[98.60615,16.5268],[98.59886,16.53183],[98.59559,16.53753],[98.59819,16.54654],[98.59511,16.54723],[98.5903,16.54334],[98.58294,16.54759],[98.58339,16.55108],[98.58687,16.55285],[98.58534,16.5591],[98.57847,16.55742],[98.57864,16.56654],[98.57262,16.56927],[98.57707,16.57369],[98.5796,16.56702],[98.58698,16.56589],[98.58701,16.56827],[98.57979,16.57538],[98.5836,16.57742],[98.58285,16.58282],[98.58719,16.58672],[98.58261,16.5952],[98.58403,16.59939],[98.58114,16.60092],[98.57729,16.59794],[98.57702,16.60631],[98.57113,16.60611],[98.57165,16.6112],[98.56897,16.6164],[98.57391,16.6209],[98.57121,16.63181],[98.56161,16.62985],[98.55922,16.63553],[98.55346,16.63371],[98.54471,16.6386],[98.53709,16.63422],[98.53107,16.64062],[98.52435,16.6429],[98.52337,16.65024],[98.5172,16.64917],[98.51235,16.64415],[98.51549,16.66756],[98.51892,16.6761],[98.51513,16.68523],[98.51783,16.69347],[98.51178,16.69595],[98.51693,16.69871],[98.51743,16.70118],[98.50303,16.69877],[98.50093,16.69164],[98.49639,16.69052],[98.49905,16.69598],[98.49615,16.7025],[98.50283,16.71085],[98.50178,16.7149],[98.49428,16.71567],[98.49156,16.70879],[98.48562,16.71663],[98.47108,16.71412],[98.4712,16.71734],[98.47785,16.71912],[98.47537,16.72316],[98.46954,16.72492],[98.46848,16.72834],[98.46328,16.72852],[98.46897,16.73849],[98.46257,16.74686],[98.46248,16.75088],[98.46826,16.75234],[98.47178,16.75084],[98.47427,16.74616],[98.479,16.74667],[98.47988,16.74923],[98.47638,16.75346],[98.47698,16.76407],[98.48433,16.76734],[98.48935,16.77258],[98.48355,16.78011],[98.48608,16.79023],[98.48996,16.79161],[98.49265,16.78867],[98.49533,16.79191],[98.49922,16.78557],[98.50383,16.78549],[98.50627,16.78752],[98.50699,16.79634],[98.51069,16.79786],[98.5144,16.79639],[98.51564,16.79101],[98.52044,16.79028],[98.52447,16.79397],[98.5258,16.79921],[98.51634,16.79789],[98.51486,16.80456],[98.52104,16.80788],[98.54778,16.81397],[98.54117,16.82028],[98.53789,16.82921],[98.53248,16.82959],[98.52605,16.82698],[98.52295,16.83485],[98.51533,16.83746],[98.50816,16.83695],[98.50259,16.83225],[98.4921,16.84151],[98.4975,16.86003],[98.50123,16.86406],[98.50764,16.86661],[98.51147,16.85606],[98.51561,16.85691],[98.5137,16.86721],[98.50705,16.87673],[98.50839,16.87952],[98.51715,16.87959],[98.52188,16.87655],[98.52479,16.87126],[98.53277,16.86702],[98.53584,16.86002],[98.54,16.86137],[98.52651,16.88371],[98.52875,16.89086],[98.53564,16.89344],[98.53571,16.89895],[98.51265,16.9026],[98.52136,16.91058],[98.52215,16.91708],[98.50999,16.9166],[98.50749,16.91067],[98.50125,16.91756],[98.50554,16.92787],[98.49938,16.92851],[98.49043,16.92265],[98.49091,16.93405],[98.4829,16.93773],[98.484,16.94105],[98.49735,16.95031],[98.50152,16.94974],[98.50489,16.94443],[98.50839,16.94517],[98.50796,16.94864],[98.49923,16.95772],[98.48883,16.9578],[98.48992,16.96813],[98.4876,16.97124],[98.48112,16.97158],[98.47557,16.96824],[98.46972,16.97071],[98.46923,16.97376],[98.47815,16.97663],[98.48075,16.97982],[98.47337,16.98619],[98.47266,16.99524],[98.4693,16.99621],[98.46465,16.99205],[98.45835,16.99123],[98.44848,16.99699],[98.45017,17.00398],[98.45529,17.01126],[98.45209,17.0163],[98.4554,17.02216],[98.45151,17.02472],[98.44103,17.02071],[98.43029,17.02218],[98.43664,17.02746],[98.43762,17.03633],[98.4306,17.03938],[98.42401,17.03786],[98.42426,17.04361],[98.42096,17.04563],[98.41633,17.04303],[98.41101,17.05408],[98.40396,17.05612],[98.40048,17.04807],[98.39711,17.04735],[98.39072,17.05264],[98.39312,17.05843],[98.39019,17.06058],[98.38405,17.05705],[98.37969,17.05907],[98.37544,17.05566],[98.37066,17.05628],[98.3608,17.04898],[98.35151,17.04989],[98.34493,17.04812],[98.33714,17.05133],[98.33334,17.05721],[98.3181,17.06893],[98.31222,17.0789],[98.3126,17.08889],[98.30268,17.08864],[98.29962,17.09111],[98.30539,17.09452],[98.30869,17.10068],[98.31566,17.09488],[98.31719,17.10491],[98.32259,17.11103],[98.30846,17.11184],[98.30126,17.10776],[98.29916,17.11089],[98.29815,17.12745],[98.29334,17.12281],[98.29528,17.11685],[98.29322,17.11396],[98.28602,17.11168],[98.28021,17.11553],[98.28316,17.12621],[98.28649,17.13042],[98.28469,17.14375],[98.28835,17.14471],[98.29649,17.14168],[98.2981,17.14412],[98.29671,17.1497],[98.28748,17.15624],[98.27863,17.15184],[98.27126,17.15211],[98.26721,17.16098],[98.27987,17.16846],[98.27929,17.17331],[98.2665,17.17736],[98.25902,17.17521],[98.25877,17.17842],[98.2641,17.18443],[98.26245,17.18755],[98.24923,17.1825],[98.25146,17.19724],[98.24586,17.19548],[98.24419,17.1984],[98.24708,17.21071],[98.2391,17.20969],[98.2309,17.20288],[98.22844,17.2048],[98.22972,17.21256],[98.24481,17.22289],[98.24289,17.22904],[98.23903,17.23027],[98.22827,17.22113],[98.2186,17.22833],[98.21226,17.22926],[98.20879,17.24515],[98.20435,17.25059],[98.19706,17.25488],[98.17414,17.25906],[98.17137,17.26377],[98.16716,17.26294],[98.16554,17.26545],[98.1673,17.27319],[98.16166,17.27902],[98.15224,17.28413],[98.14649,17.29203],[98.13514,17.2926],[98.1382,17.29976],[98.13454,17.3064],[98.12903,17.30769],[98.12796,17.3177],[98.11977,17.32314],[98.11634,17.31944],[98.11245,17.31978],[98.10575,17.33693],[98.1052,17.34534],[98.10737,17.3502],[98.10522,17.35379],[98.10921,17.3568],[98.11223,17.36479],[98.11908,17.37079],[98.11911,17.37452],[98.11063,17.37543],[98.1084,17.38237],[98.11043,17.38538],[98.10198,17.39051],[98.09349,17.39111],[98.08874,17.396],[98.08074,17.38984],[98.07842,17.39577],[98.07284,17.40073],[98.0711,17.40754],[98.06481,17.41175],[98.06115,17.41996],[98.04569,17.42993],[98.04723,17.4339],[98.05598,17.43616],[98.05676,17.44121],[98.04855,17.44284],[98.04209,17.4507],[98.03681,17.45227],[98.02579,17.46876],[98.00488,17.49106],[97.99162,17.51078],[97.98823,17.5121],[97.98344,17.5095],[97.97077,17.5083],[97.96545,17.51664],[97.96775,17.52108],[97.9623,17.52784],[97.93989,17.53173],[97.93489,17.53373],[97.93272,17.53848],[97.92362,17.53925],[97.91918,17.55795],[97.91493,17.5588],[97.91038,17.56313],[97.91124,17.5674],[97.90779,17.57368],[97.90784,17.58062],[97.90448,17.5856],[97.8505,17.62459],[97.84015,17.63752],[97.82946,17.64544],[97.82661,17.65135],[97.8217,17.65287],[97.81832,17.66224],[97.80412,17.67108],[97.80212,17.67561],[97.79352,17.67947],[97.79118,17.69199],[97.77847,17.70601],[97.77404,17.70785],[97.76763,17.72027],[97.7627,17.72514],[97.76479,17.73021],[97.76247,17.7344],[97.76267,17.74535],[97.76964,17.74628],[97.77444,17.75112],[97.76917,17.75456],[97.75885,17.76996],[97.75132,17.76811],[97.74579,17.77001],[97.74259,17.78484]]}},{"type":"Feature","properties":{"kind":"land_border","p_code":"58","p_name_t":"จังหวัดแม่ฮ่องสอน","p_name_e":"CHANGWAT MAE HONG SON","length_km":499.44},"geometry":{"type":"LineString","coordinates":[[97.74259,17.78482],[97.73318,17.79643],[97.7226,17.80079],[97.71829,17.80711],[97.72022,17.81543],[97.71818,17.81854],[97.70909,17.81841],[97.70371,17.8157],[97.69958,17.81919],[97.69272,17.83109],[97.69304,17.84059],[97.68185,17.85726],[97.67286,17.87605],[97.67377,17.88761],[97.68639,17.91167],[97.68726,17.92491],[97.70771,17.94634],[97.72611,17.95035],[97.73331,17.9547],[97.73637,17.96095],[97.73771,17.975],[97.73574,17.98869],[97.72088,18.01203],[97.72358,18.02272],[97.71147,18.04126],[97.70756,18.05546],[97.699,18.06521],[97.69345,18.06571],[97.68654,18.05905],[97.68123,18.06453],[97.68006,18.07404],[97.6845,18.07803],[97.68967,18.07927],[97.69057,18.08774],[97.67817,18.11365],[97.67596,18.1604],[97.6664,18.17029],[97.65664,18.17287],[97.65007,18.17931],[97.6428,18.19258],[97.61575,18.22177],[97.60966,18.23618],[97.60857,18.24182],[97.61155,18.25134],[97.63311,18.27084],[97.63895,18.27962],[97.63946,18.2857],[97.6369,18.29201],[97.6185,18.31912],[97.59319,18.332],[97.58177,18.33347],[97.57502,18.33858],[97.56724,18.33664],[97.55888,18.33903],[97.54973,18.33313],[97.53921,18.29367],[97.53202,18.28103],[97.5081,18.2671],[97.50432,18.26635],[97.50087,18.26836],[97.4843,18.29084],[97.4665,18.30425],[97.45196,18.32874],[97.44602,18.33422],[97.44159,18.35764],[97.45136,18.37776],[97.4519,18.39047],[97.44054,18.40481],[97.42964,18.40648],[97.42515,18.41009],[97.41723,18.43752],[97.41386,18.44248],[97.40182,18.45154],[97.39886,18.45774],[97.39118,18.49138],[97.3843,18.50977],[97.37219,18.5235],[97.36228,18.52658],[97.35776,18.53026],[97.34689,18.54484],[97.34441,18.55544],[97.34393,18.57608],[97.35666,18.59022],[97.36141,18.59963],[97.36325,18.59011],[97.3615,18.56817],[97.36286,18.55926],[97.38268,18.55861],[97.39416,18.56074],[97.39802,18.56495],[97.40426,18.56589],[97.40921,18.55464],[97.4177,18.55237],[97.42744,18.54414],[97.42918,18.52408],[97.43667,18.51994],[97.43686,18.50645],[97.44395,18.50108],[97.4456,18.49494],[97.4538,18.49385],[97.45929,18.49961],[97.46585,18.49747],[97.47175,18.5039],[97.48275,18.51027],[97.4846,18.50823],[97.49163,18.50905],[97.50126,18.49379],[97.5094,18.4927],[97.51804,18.49826],[97.52274,18.49534],[97.52809,18.4963],[97.53444,18.49155],[97.53682,18.49263],[97.54061,18.50134],[97.53897,18.50393],[97.5434,18.51406],[97.54596,18.52965],[97.54942,18.53057],[97.55294,18.52762],[97.55857,18.52676],[97.56383,18.5214],[97.57213,18.53445],[97.58577,18.53309],[97.58796,18.53753],[97.59077,18.53829],[97.59481,18.53549],[97.60479,18.53596],[97.60606,18.54266],[97.61366,18.54459],[97.61921,18.5425],[97.61908,18.53938],[97.62104,18.53952],[97.62275,18.54399],[97.61452,18.55526],[97.61491,18.56097],[97.6272,18.56535],[97.63586,18.55905],[97.64066,18.56222],[97.64465,18.57004],[97.65002,18.571],[97.65101,18.57692],[97.65562,18.5776],[97.65865,18.57511],[97.66723,18.57522],[97.67053,18.57323],[97.67499,18.57668],[97.68266,18.57537],[97.69292,18.56999],[97.70104,18.56929],[97.70818,18.5722],[97.71482,18.57127],[97.72242,18.57369],[97.72237,18.5792],[97.7253,18.58353],[97.73195,18.58607],[97.73429,18.58578],[97.73837,18.57956],[97.7434,18.57794],[97.749,18.57826],[97.75354,18.57598],[97.76843,18.57826],[97.76642,18.5885],[97.77185,18.59838],[97.77156,18.60349],[97.76884,18.60451],[97.7741,18.61007],[97.77381,18.61877],[97.76983,18.62165],[97.77084,18.62818],[97.76697,18.63225],[97.77103,18.63707],[97.76846,18.64373],[97.77162,18.6461],[97.77226,18.65529],[97.76739,18.6686],[97.77271,18.67542],[97.77075,18.68187],[97.77373,18.68923],[97.76499,18.70898],[97.75856,18.71176],[97.7545,18.7211],[97.75473,18.73058],[97.75215,18.73756],[97.75339,18.74144],[97.75765,18.74465],[97.75849,18.75423],[97.76368,18.75806],[97.76191,18.763],[97.75385,18.76642],[97.75404,18.78532],[97.74924,18.79055],[97.74849,18.79777],[97.75286,18.80807],[97.7455,18.81202],[97.74276,18.82279],[97.73912,18.82788],[97.74632,18.83417],[97.74871,18.84432],[97.74435,18.84988],[97.74777,18.85717],[97.74104,18.86099],[97.73958,18.86594],[97.74162,18.8813],[97.73679,18.887],[97.73066,18.88527],[97.72081,18.88628],[97.71081,18.89796],[97.70541,18.89975],[97.70396,18.89794],[97.69754,18.9051],[97.69698,18.91067],[97.68918,18.91616],[97.68955,18.92532],[97.66765,18.93183],[97.66909,18.93404],[97.66678,18.93862],[97.67121,18.94192],[97.66832,18.94784],[97.67598,18.9477],[97.6844,18.95294],[97.69151,18.94865],[97.70186,18.95854],[97.7076,18.95797],[97.70536,18.96785],[97.71061,18.96664],[97.71592,18.96981],[97.71796,18.96733],[97.72208,18.96739],[97.72611,18.97462],[97.73062,18.97253],[97.73766,18.97866],[97.73889,18.98087],[97.73524,18.9843],[97.73775,18.99665],[97.73569,19.01509],[97.73969,19.02633],[97.7377,19.02989],[97.73911,19.03586],[97.73602,19.04086],[97.74348,19.04233],[97.74773,19.03893],[97.75287,19.0422],[97.75985,19.03869],[97.7692,19.04468],[97.77169,19.05506],[97.76895,19.06274],[97.76512,19.06594],[97.76976,19.07307],[97.78085,19.07597],[97.78459,19.07304],[97.79216,19.0738],[97.79868,19.08253],[97.80212,19.0854],[97.80846,19.08606],[97.81197,19.09117],[97.8236,19.09062],[97.83688,19.09487],[97.8375,19.10826],[97.84063,19.1173],[97.83505,19.13662],[97.83781,19.13945],[97.83819,19.14419],[97.84304,19.14538],[97.8454,19.14982],[97.84219,19.15437],[97.84328,19.16028],[97.84027,19.16277],[97.84134,19.16664],[97.83903,19.17115],[97.84464,19.18247],[97.83841,19.19526],[97.83934,19.19842],[97.84554,19.20168],[97.84549,19.21568],[97.842,19.22473],[97.82715,19.22898],[97.82653,19.2371],[97.81777,19.23822],[97.81548,19.24032],[97.80973,19.25309],[97.78939,19.26371],[97.78383,19.26349],[97.78272,19.26685],[97.78592,19.27347],[97.78881,19.27423],[97.79133,19.28337],[97.79638,19.28303],[97.80188,19.28841],[97.80593,19.2871],[97.81053,19.27931],[97.81754,19.28428],[97.82117,19.28188],[97.82605,19.28244],[97.8321,19.29073],[97.84233,19.28927],[97.8432,19.29121],[97.8407,19.30036],[97.83446,19.29999],[97.82978,19.30326],[97.82871,19.31023],[97.82417,19.31546],[97.82542,19.32313],[97.82199,19.32876],[97.81178,19.33385],[97.81074,19.33724],[97.81416,19.33966],[97.79844,19.35327],[97.80179,19.36368],[97.80061,19.37108],[97.806,19.37568],[97.80304,19.37973],[97.80443,19.385],[97.80305,19.38817],[97.79964,19.38858],[97.79289,19.39414],[97.78695,19.39477],[97.78581,19.39896],[97.78843,19.40325],[97.8034,19.40498],[97.80642,19.41076],[97.8136,19.41368],[97.8162,19.41918],[97.82187,19.42266],[97.82679,19.42989],[97.82807,19.44077],[97.83331,19.44752],[97.83684,19.44916],[97.83911,19.45445],[97.8501,19.46638],[97.85807,19.46926],[97.86103,19.48181],[97.87179,19.48484],[97.87463,19.4893],[97.87373,19.4961],[97.87967,19.49656],[97.88804,19.50106],[97.87961,19.50682],[97.87565,19.50624],[97.87361,19.50956],[97.87527,19.51297],[97.87284,19.51539],[97.86929,19.5153],[97.86779,19.52382],[97.85508,19.53201],[97.85649,19.55194],[97.86305,19.5635],[97.85921,19.57061],[97.86245,19.57575],[97.87974,19.58116],[97.89018,19.5771],[97.90286,19.5788],[97.90914,19.58363],[97.91999,19.58528],[97.94303,19.59771],[97.95076,19.59402],[97.96008,19.59356],[97.96096,19.59876],[97.97125,19.60023],[97.97529,19.60294],[97.97581,19.61022],[97.97385,19.61259],[97.97594,19.61711],[97.97252,19.62272],[97.9752,19.62975],[97.97379,19.63466],[97.9803,19.63468],[97.98397,19.64057],[97.99782,19.63627],[98.00083,19.63316],[98.00405,19.63614],[98.01362,19.63599],[98.01449,19.63982],[98.01848,19.63716],[98.02681,19.63724],[98.02664,19.64093],[98.0386,19.64345],[98.03975,19.64927],[98.04468,19.65424],[98.04317,19.66484],[98.03184,19.67251],[98.03383,19.678],[98.02862,19.68838],[98.0312,19.69148],[98.03083,19.69656],[98.03469,19.70032],[98.02845,19.70768],[98.02525,19.72229],[98.0317,19.7249],[98.02975,19.73487],[98.03365,19.7412],[98.03356,19.75415],[98.03806,19.76431],[98.03426,19.77222],[98.0337,19.78763],[98.04009,19.79869],[98.03662,19.80101],[98.03504,19.80573],[98.04419,19.80857],[98.04859,19.81518],[98.0583,19.8033],[98.06471,19.80419],[98.06703,19.80953],[98.08266,19.81058],[98.08654,19.80505],[98.08377,19.79204],[98.09144,19.78999],[98.10098,19.77172],[98.11351,19.77314],[98.11585,19.77924],[98.1238,19.77937],[98.12814,19.78403],[98.13593,19.78699],[98.15115,19.77371],[98.15764,19.77088],[98.16366,19.77255],[98.16901,19.76965],[98.17906,19.75985],[98.18354,19.75989],[98.18354,19.74952],[98.19267,19.7373],[98.19846,19.73831],[98.20281,19.73227],[98.21061,19.73132],[98.2167,19.72499],[98.22271,19.72448],[98.22495,19.72717],[98.22864,19.72727],[98.23056,19.71819],[98.23792,19.70981],[98.23216,19.70131],[98.23247,19.69384],[98.24705,19.6769],[98.25968,19.67832],[98.26883,19.68392],[98.2782,19.68188],[98.28741,19.6851],[98.29129,19.68412],[98.29227,19.6817],[98.29643,19.68259],[98.30031,19.68678],[98.30812,19.68767],[98.32366,19.6984],[98.33655,19.69373],[98.34115,19.69763],[98.34708,19.6981],[98.34967,19.69417],[98.35669,19.69576],[98.35866,19.69379],[98.36549,19.69339],[98.37074,19.68955],[98.37658,19.69713],[98.39316,19.70417],[98.40429,19.70039],[98.40643,19.695],[98.41461,19.69297],[98.41987,19.69605],[98.42321,19.69577],[98.42544,19.69286],[98.42796,19.69569],[98.43653,19.69635],[98.44567,19.69327],[98.46034,19.69777],[98.46391,19.69272],[98.46691,19.69262]]}},{"type":"Feature","properties":{"kind":"land_border","p_code":"34","p_name_t":"จังหวัดอุบลราชธานี","p_name_e":"CHANGWAT UBON RATCHATHANI","length_km":444.0},"geometry":{"type":"LineString","coordinates":[[105.06031,16.09805],[105.08382,16.08572],[105.08915,16.09013],[105.10273,16.09037],[105.11945,16.0774],[105.12499,16.08015],[105.13442,16.07945],[105.13823,16.07561],[105.14762,16.07467],[105.15254,16.07088],[105.19054,16.05634],[105.22338,16.04693],[105.29868,16.03922],[105.30885,16.03435],[105.31223,16.02979],[105.35402,16.029],[105.36429,16.02104],[105.40734,16.01661],[105.41831,16.01218],[105.42415,16.00594],[105.42481,15.99069],[105.41595,15.98591],[105.39182,15.99153],[105.37661,15.98356],[105.37486,15.97577],[105.36745,15.9694],[105.36196,15.95407],[105.34933,15.94203],[105.34775,15.93236],[105.34231,15.92216],[105.34392,15.91179],[105.35217,15.90642],[105.37295,15.85783],[105.38591,15.83672],[105.38951,15.82553],[105.39056,15.80939],[105.39414,15.80263],[105.40193,15.79461],[105.41065,15.79456],[105.41965,15.78914],[105.42068,15.77317],[105.43423,15.75508],[105.45521,15.7476],[105.46866,15.74678],[105.49728,15.76701],[105.50195,15.76753],[105.50931,15.76607],[105.51483,15.75781],[105.52435,15.75598],[105.53288,15.74877],[105.54979,15.75062],[105.55406,15.74922],[105.56034,15.73866],[105.58884,15.72797],[105.60141,15.72009],[105.6101,15.6924],[105.62591,15.67743],[105.63395,15.66452],[105.63668,15.65218],[105.63702,15.6339],[105.62867,15.60581],[105.62831,15.58108],[105.62492,15.56341],[105.60852,15.54707],[105.60673,15.53897],[105.59312,15.51031],[105.60279,15.47764],[105.59781,15.46264],[105.59749,15.44622],[105.59185,15.4258],[105.57907,15.40908],[105.56113,15.39919],[105.55525,15.39925],[105.55225,15.39647],[105.53883,15.39233],[105.52738,15.3942],[105.49236,15.38548],[105.47628,15.36902],[105.46746,15.35039],[105.46887,15.34264],[105.47414,15.33487],[105.48857,15.32838],[105.49542,15.32127],[105.50208,15.32057],[105.50354,15.31557],[105.51848,15.32188],[105.54064,15.32415],[105.55433,15.3219],[105.57413,15.32834],[105.57811,15.3194],[105.5846,15.31553],[105.58184,15.30815],[105.58272,15.30195],[105.59222,15.27429],[105.58061,15.25937],[105.57608,15.25848],[105.55927,15.26213],[105.55459,15.25641],[105.55675,15.2489],[105.55022,15.25331],[105.53959,15.25223],[105.52143,15.23122],[105.516,15.21889],[105.5118,15.21706],[105.50872,15.21179],[105.49386,15.20428],[105.49062,15.19784],[105.49458,15.19475],[105.49457,15.19214],[105.49286,15.19071],[105.4891,15.19371],[105.48791,15.19002],[105.48155,15.18651],[105.47489,15.17882],[105.47401,15.1768],[105.47817,15.1689],[105.4721,15.16651],[105.46918,15.15869],[105.47012,15.15658],[105.48596,15.15021],[105.47599,15.13827],[105.46786,15.1343],[105.46859,15.12685],[105.4613,15.11581],[105.46618,15.11082],[105.4704,15.10075],[105.47935,15.09387],[105.48499,15.09234],[105.49526,15.09381],[105.51547,15.08406],[105.51354,15.06316],[105.51979,15.06461],[105.52663,15.06228],[105.53332,15.06543],[105.53718,15.06349],[105.54047,15.06879],[105.54469,15.06796],[105.54772,15.06402],[105.55397,15.06406],[105.55484,15.05538],[105.5515,15.04704],[105.54664,15.04467],[105.54683,15.03831],[105.55185,15.03082],[105.56418,15.02936],[105.56506,15.02402],[105.5725,15.02045],[105.57427,14.99905],[105.60579,14.99279],[105.62146,14.97601],[105.62475,14.97517],[105.61814,14.97183],[105.61278,14.97284],[105.60685,14.97084],[105.60398,14.96473],[105.59501,14.96165],[105.58343,14.94079],[105.56985,14.95026],[105.5678,14.95516],[105.56188,14.9539],[105.55638,14.95539],[105.55308,14.95133],[105.55324,14.94117],[105.54564,14.92634],[105.55099,14.92284],[105.55888,14.92363],[105.56474,14.91043],[105.57723,14.89626],[105.58002,14.87799],[105.57085,14.88088],[105.55991,14.87575],[105.54948,14.87475],[105.54314,14.86717],[105.54282,14.86277],[105.54681,14.85866],[105.55171,14.84563],[105.55827,14.84301],[105.55993,14.8392],[105.5562,14.83897],[105.55299,14.8344],[105.54355,14.83028],[105.53722,14.81932],[105.52367,14.82511],[105.51919,14.82292],[105.51754,14.80929],[105.51121,14.80021],[105.51378,14.79685],[105.5205,14.79466],[105.51535,14.7915],[105.52524,14.7821],[105.51399,14.773],[105.51287,14.7654],[105.51775,14.76291],[105.51261,14.75392],[105.53147,14.73989],[105.54275,14.73987],[105.5466,14.73159],[105.52936,14.73052],[105.51968,14.72727],[105.522,14.71997],[105.52068,14.71395],[105.52405,14.71023],[105.52461,14.70397],[105.52346,14.70045],[105.51781,14.69958],[105.51514,14.69626],[105.5273,14.67939],[105.51638,14.66689],[105.51644,14.65855],[105.51938,14.655],[105.51762,14.65229],[105.52816,14.64756],[105.53037,14.64002],[105.52479,14.63318],[105.52955,14.62378],[105.53695,14.62354],[105.54251,14.62012],[105.52996,14.60799],[105.52921,14.59494],[105.53577,14.59234],[105.53891,14.58377],[105.529,14.5726],[105.53494,14.55867],[105.5333,14.5534],[105.52414,14.55182],[105.52401,14.5423],[105.52654,14.53652],[105.51701,14.53909],[105.50801,14.52404],[105.50105,14.52173],[105.5009,14.5132],[105.48077,14.50644],[105.48743,14.50067],[105.48034,14.49436],[105.47911,14.48815],[105.47389,14.48142],[105.46985,14.47064],[105.45996,14.46582],[105.45587,14.45418],[105.45042,14.45259],[105.44884,14.44762],[105.44514,14.44488],[105.44158,14.42987],[105.43427,14.4279],[105.42982,14.42421],[105.42914,14.41634],[105.42394,14.4166],[105.42158,14.42149],[105.41307,14.42903],[105.40743,14.42959],[105.40748,14.42529],[105.40339,14.4207],[105.40408,14.41527],[105.39954,14.40881],[105.39272,14.40654],[105.38693,14.41052],[105.38693,14.39647],[105.38231,14.40043],[105.37482,14.39801],[105.37233,14.39979],[105.36036,14.38756],[105.354,14.38795],[105.34169,14.38415],[105.3338,14.39268],[105.32132,14.39821],[105.30543,14.37571],[105.30356,14.36615],[105.29705,14.36907],[105.29183,14.36826],[105.28966,14.36535],[105.28436,14.36591],[105.28306,14.35608],[105.2801,14.35371],[105.2754,14.35431],[105.2665,14.36099],[105.25133,14.3619],[105.2417,14.35051],[105.23574,14.34982],[105.23347,14.3367],[105.22734,14.33347],[105.22064,14.33699],[105.2163,14.33526],[105.21094,14.3422],[105.19728,14.34779],[105.18492,14.34138],[105.17525,14.34478],[105.16651,14.32869],[105.1686,14.32452],[105.17589,14.32051],[105.17763,14.31649],[105.17597,14.31108],[105.17163,14.30858],[105.17019,14.30319],[105.16096,14.30102],[105.16035,14.28886],[105.15199,14.28616],[105.15028,14.28246],[105.15056,14.27409],[105.15372,14.26916],[105.14312,14.26136],[105.14476,14.25893],[105.15432,14.25742],[105.14935,14.24596],[105.13215,14.22873],[105.12486,14.22397],[105.11459,14.22093],[105.10912,14.21225],[105.09431,14.21441],[105.08313,14.20902],[105.07226,14.2133],[105.04981,14.21502],[105.03221,14.23521],[105.02099,14.24338],[105.02241,14.25676],[105.02018,14.25988],[105.02057,14.26442],[105.01575,14.27135],[105.01583,14.27635],[105.0053,14.28988],[105.00149,14.30484],[104.99129,14.31101],[104.98425,14.31891],[104.99184,14.32395],[104.99279,14.34193],[105.00145,14.36238],[105.00107,14.3665],[104.99363,14.3757],[104.99378,14.37942],[104.98925,14.37968],[104.97186,14.39153],[104.96533,14.38879],[104.9581,14.39141],[104.95514,14.38165],[104.94895,14.38141],[104.94269,14.38404],[104.93775,14.39132],[104.92246,14.40121],[104.91749,14.39907],[104.90696,14.39946]]}},{"type":"Feature","properties":{"kind":"land_border","p_code":"71","p_name_t":"จังหวัดกาญจนบุรี","p_name_e":"CHANGWAT KANCHANABURI","length_km":373.97},"geometry":{"type":"LineString","coordinates":[[99.16762,13.7261],[99.16195,13.72575],[99.15853,13.73267],[99.15488,13.73516],[99.15369,13.75568],[99.14327,13.75692],[99.13322,13.767],[99.12647,13.76809],[99.12154,13.77401],[99.11777,13.7955],[99.12226,13.80326],[99.12114,13.81321],[99.11421,13.81994],[99.11617,13.82457],[99.11445,13.83035],[99.10683,13.83116],[99.09937,13.83806],[99.10092,13.85432],[99.10708,13.86548],[99.111,13.86641],[99.10803,13.88773],[99.10952,13.89079],[99.10483,13.89542],[99.09453,13.89014],[99.0883,13.8926],[99.08086,13.89182],[99.07455,13.90275],[99.06777,13.9065],[99.06639,13.91766],[99.05984,13.92925],[99.0545,13.93034],[99.04729,13.9393],[99.03733,13.94515],[99.02997,13.9464],[99.02345,13.94487],[99.01899,13.94692],[99.01986,13.95404],[99.01642,13.95654],[99.01325,13.96429],[99.01449,13.97423],[99.01192,13.98362],[99.00842,13.99307],[99.00433,13.99675],[99.00559,14.00021],[98.99872,14.00968],[98.99814,14.01915],[98.98917,14.02202],[98.97097,14.0339],[98.97343,14.03987],[98.96874,14.05341],[98.97018,14.05672],[98.96803,14.08032],[98.96068,14.09089],[98.95974,14.09665],[98.94559,14.09237],[98.92461,14.1088],[98.90351,14.11012],[98.89978,14.10842],[98.88776,14.12028],[98.87613,14.12536],[98.8716,14.14087],[98.86741,14.14695],[98.85978,14.14821],[98.84948,14.16025],[98.84427,14.1635],[98.83948,14.16342],[98.83116,14.17434],[98.82707,14.17624],[98.81828,14.17272],[98.80064,14.18827],[98.79848,14.1924],[98.78541,14.19475],[98.78326,14.19777],[98.77769,14.19965],[98.77483,14.2072],[98.76781,14.20854],[98.76008,14.21526],[98.7552,14.21515],[98.74768,14.22629],[98.74383,14.22821],[98.74293,14.23268],[98.73972,14.23167],[98.73197,14.24102],[98.72732,14.23847],[98.72453,14.23953],[98.71549,14.24631],[98.71165,14.25198],[98.70538,14.25346],[98.7006,14.26011],[98.69809,14.2747],[98.69207,14.27495],[98.68785,14.27261],[98.68099,14.27417],[98.67631,14.28239],[98.6679,14.28916],[98.663,14.29186],[98.65791,14.2917],[98.64608,14.30173],[98.64225,14.30141],[98.63107,14.31585],[98.62601,14.31262],[98.61887,14.31439],[98.61458,14.31305],[98.60055,14.32379],[98.5972,14.32864],[98.59703,14.33662],[98.59293,14.34491],[98.59424,14.36076],[98.597,14.36796],[98.59362,14.37677],[98.58969,14.37044],[98.57629,14.36851],[98.57638,14.37482],[98.57326,14.38077],[98.56486,14.38495],[98.56292,14.39726],[98.5567,14.40458],[98.55771,14.41978],[98.54791,14.42319],[98.54679,14.43084],[98.5493,14.43482],[98.54232,14.44458],[98.53316,14.44331],[98.53166,14.44865],[98.52428,14.45569],[98.52012,14.47094],[98.51728,14.47103],[98.51693,14.47366],[98.51101,14.47818],[98.5097,14.49062],[98.50447,14.49596],[98.50533,14.50806],[98.5037,14.51073],[98.49799,14.51241],[98.49719,14.52475],[98.49213,14.53991],[98.48894,14.53973],[98.48438,14.53411],[98.47183,14.53653],[98.46445,14.53035],[98.46175,14.53065],[98.45952,14.54818],[98.45579,14.55617],[98.45848,14.56033],[98.45965,14.57821],[98.45172,14.58368],[98.44484,14.59266],[98.43679,14.60806],[98.43751,14.61295],[98.43353,14.61329],[98.42519,14.61919],[98.42455,14.62234],[98.42003,14.62343],[98.41584,14.6304],[98.40764,14.63308],[98.40434,14.63751],[98.37926,14.65432],[98.37883,14.65771],[98.37276,14.66415],[98.36647,14.66629],[98.36241,14.68395],[98.36346,14.68825],[98.35326,14.69607],[98.35287,14.69887],[98.34504,14.69978],[98.34031,14.70366],[98.33664,14.71084],[98.33397,14.71132],[98.32973,14.70615],[98.32348,14.7097],[98.3225,14.71555],[98.31683,14.72114],[98.31535,14.72675],[98.31093,14.72737],[98.31046,14.73078],[98.30667,14.73146],[98.30654,14.73767],[98.30077,14.74809],[98.29708,14.75022],[98.29429,14.76982],[98.28982,14.77422],[98.2839,14.77403],[98.27681,14.79184],[98.277,14.79686],[98.27083,14.79941],[98.26106,14.81121],[98.25428,14.81371],[98.25085,14.82533],[98.24723,14.8301],[98.24768,14.83292],[98.25358,14.83614],[98.25409,14.83995],[98.25853,14.84345],[98.26083,14.85688],[98.25603,14.86383],[98.24475,14.87154],[98.24176,14.8771],[98.23334,14.88326],[98.22987,14.88955],[98.23416,14.89734],[98.24086,14.89843],[98.25007,14.91596],[98.2436,14.92322],[98.24343,14.93901],[98.23293,14.94336],[98.22853,14.94825],[98.23126,14.95377],[98.23247,14.96737],[98.2274,14.96875],[98.22059,14.97573],[98.21688,14.97542],[98.20948,14.98138],[98.20878,14.98434],[98.21272,15.01958],[98.21915,15.02555],[98.22447,15.02694],[98.22868,15.03724],[98.2351,15.0428],[98.22106,15.05513],[98.22112,15.06004],[98.21687,15.06375],[98.21024,15.07726],[98.20492,15.07745],[98.20297,15.08297],[98.19221,15.0879],[98.19021,15.09258],[98.18419,15.09652],[98.1854,15.10476],[98.18226,15.10911],[98.18993,15.1308],[98.19538,15.13454],[98.18956,15.14055],[98.1902,15.14919],[98.19242,15.15246],[98.20003,15.15577],[98.20166,15.16527],[98.20755,15.16986],[98.20772,15.17469],[98.21223,15.17676],[98.21364,15.18022],[98.21298,15.18438],[98.20777,15.18992],[98.20949,15.2],[98.19895,15.21046],[98.20196,15.21489],[98.19833,15.21964],[98.20059,15.22538],[98.19771,15.23253],[98.20285,15.23646],[98.20786,15.234],[98.21373,15.23553],[98.22244,15.22376],[98.23231,15.22224],[98.23643,15.21945],[98.23974,15.22149],[98.24751,15.22151],[98.25344,15.22556],[98.25792,15.22354],[98.26035,15.23516],[98.26753,15.24704],[98.27319,15.25139],[98.28018,15.27013],[98.29303,15.27307],[98.30349,15.28028],[98.29446,15.29764],[98.30057,15.30353],[98.29596,15.30848],[98.29571,15.3114],[98.2984,15.31313],[98.30282,15.31051],[98.30543,15.3132],[98.30763,15.31242],[98.31564,15.30677],[98.32742,15.30251],[98.33636,15.29443],[98.35271,15.29291],[98.36418,15.28332],[98.37511,15.28189],[98.37905,15.27404],[98.38572,15.27017],[98.38829,15.27168],[98.39462,15.26318],[98.39897,15.26096],[98.40214,15.25445],[98.41414,15.2646],[98.41699,15.27281],[98.41349,15.28376],[98.40897,15.28713],[98.4141,15.29442],[98.40823,15.30252],[98.40204,15.30589],[98.39087,15.30149],[98.38802,15.30113],[98.38809,15.30352],[98.40072,15.30961],[98.39998,15.32156],[98.41162,15.32084],[98.41497,15.32319],[98.40991,15.33646],[98.41191,15.35307],[98.41642,15.36338],[98.43122,15.36794],[98.43563,15.36169],[98.44161,15.36532],[98.4442,15.37121],[98.45534,15.36787],[98.44962,15.38305],[98.45325,15.38493],[98.45923,15.38613],[98.46312,15.37594],[98.47116,15.37225],[98.47279,15.37545],[98.48148,15.37777],[98.48101,15.38842],[98.48322,15.39189],[98.49008,15.39379],[98.49703,15.38854],[98.50006,15.38954],[98.509,15.37587],[98.51606,15.37965],[98.52482,15.37086],[98.52821,15.37247],[98.53771,15.37063],[98.54763,15.35896],[98.54458,15.35432],[98.55089,15.3447],[98.5474,15.34276],[98.54965,15.33779],[98.5546,15.33464],[98.55889,15.33615],[98.58035,15.37616],[98.58546,15.47102],[98.55302,15.6023],[98.56302,15.63944],[98.55855,15.65112]]}},{"type":"Feature","properties":{"kind":"land_border","p_code":"57","p_name_t":"จังหวัดเชียงราย","p_name_e":"CHANGWAT CHIANGRAI","length_km":310.97},"geometry":{"type":"LineString","coordinates":[[99.51281,20.14709],[99.5115,20.15183],[99.5178,20.15266],[99.53177,20.14611],[99.53885,20.14732],[99.53822,20.16497],[99.54176,20.17288],[99.54618,20.173],[99.5527,20.17867],[99.55657,20.19561],[99.56374,20.20609],[99.55581,20.21676],[99.54429,20.21782],[99.54177,20.22461],[99.53388,20.2318],[99.5242,20.23202],[99.52237,20.23388],[99.52142,20.24927],[99.51636,20.25589],[99.51881,20.25956],[99.51815,20.26508],[99.50984,20.28858],[99.50524,20.29434],[99.50624,20.30759],[99.5096,20.31416],[99.50728,20.32594],[99.49659,20.34168],[99.48338,20.34995],[99.47562,20.35141],[99.46789,20.35994],[99.4586,20.36379],[99.45857,20.37981],[99.46089,20.38788],[99.45932,20.3943],[99.47379,20.39558],[99.48948,20.3854],[99.49691,20.38572],[99.50949,20.37316],[99.51072,20.36834],[99.51364,20.36768],[99.51636,20.36248],[99.52614,20.36227],[99.5394,20.35591],[99.55782,20.35803],[99.56106,20.3527],[99.57498,20.34885],[99.57657,20.34539],[99.58361,20.34256],[99.59332,20.34284],[99.59725,20.339],[99.60342,20.3378],[99.6127,20.33188],[99.61406,20.33636],[99.62266,20.33861],[99.62998,20.33631],[99.63332,20.34162],[99.64232,20.34169],[99.64434,20.34383],[99.64835,20.34207],[99.64958,20.33609],[99.65289,20.33517],[99.65704,20.32872],[99.66535,20.32645],[99.67556,20.31807],[99.68131,20.31664],[99.69907,20.32674],[99.70986,20.32415],[99.71428,20.32786],[99.7187,20.32783],[99.72048,20.33127],[99.71792,20.34205],[99.73096,20.35012],[99.73996,20.34516],[99.74492,20.34639],[99.75777,20.3393],[99.76251,20.3423],[99.77083,20.34158],[99.77708,20.33492],[99.81058,20.33592],[99.81303,20.34252],[99.82725,20.3558],[99.83144,20.36722],[99.83691,20.37299],[99.8402,20.37351],[99.84049,20.40103],[99.85953,20.42156],[99.86407,20.43333],[99.86009,20.44201],[99.86828,20.44638],[99.87339,20.44398],[99.89151,20.44535],[99.89327,20.44326],[99.89357,20.44619],[99.8976,20.4489],[99.90253,20.44699],[99.90548,20.44945],[99.91098,20.44986],[99.91629,20.44976],[99.91606,20.44794],[99.92149,20.44581],[99.92936,20.4543],[99.9396,20.45549],[99.95526,20.46476],[99.96019,20.46493],[99.96091,20.46206],[99.96611,20.46145],[99.96373,20.45949],[99.96494,20.45758],[99.9688,20.4601],[99.97035,20.45889],[99.96681,20.45496],[99.97066,20.45436],[99.97636,20.44886],[99.98036,20.45017],[99.97411,20.4441],[99.977,20.44262],[99.97718,20.43969],[99.98125,20.44177],[99.98383,20.43825],[99.98686,20.4383],[99.98536,20.4357],[99.98921,20.43555],[99.98434,20.43386],[99.98709,20.43161],[99.98445,20.42953],[99.99226,20.42732],[99.98751,20.42302],[99.99489,20.42164],[99.98981,20.41823],[99.99805,20.41892],[99.99962,20.41614],[100.00356,20.41517],[100.0032,20.41257],[100.00844,20.41854],[100.01194,20.41678],[100.01025,20.41348],[100.01377,20.41495],[100.01837,20.41303],[100.01701,20.40949],[100.01925,20.40663],[100.0231,20.40574],[100.02395,20.40795],[100.02502,20.40518],[100.03061,20.4023],[100.0301,20.40064],[100.03355,20.4026],[100.03344,20.39936],[100.03563,20.40132],[100.04022,20.39342],[100.041,20.39821],[100.04298,20.39849],[100.04503,20.39218],[100.05098,20.39328],[100.05433,20.38808],[100.05652,20.38977],[100.05647,20.39637],[100.06003,20.39627],[100.06197,20.39222],[100.06679,20.39423],[100.06334,20.39111],[100.06409,20.38552],[100.07017,20.3899],[100.07221,20.38821],[100.06577,20.38179],[100.06685,20.37484],[100.07048,20.37492],[100.07851,20.38025],[100.07675,20.37392],[100.08604,20.36866],[100.07933,20.36329],[100.08463,20.35318],[100.09637,20.31748],[100.09596,20.30216],[100.09063,20.27802],[100.09413,20.26459],[100.11162,20.25056],[100.16368,20.24438],[100.17367,20.24721],[100.18084,20.26494],[100.17574,20.27834],[100.16787,20.28624],[100.16749,20.29834],[100.17275,20.30295],[100.19127,20.30992],[100.21155,20.31221],[100.22102,20.31678],[100.22916,20.33189],[100.22405,20.34651],[100.22495,20.35177],[100.2297,20.35782],[100.24659,20.368],[100.2494,20.37457],[100.24885,20.38418],[100.25538,20.39129],[100.2661,20.39904],[100.27241,20.40081],[100.30129,20.39737],[100.31436,20.4021],[100.31881,20.39918],[100.33144,20.39824],[100.35142,20.38131],[100.35212,20.37859],[100.3554,20.37813],[100.35953,20.36768],[100.35923,20.35514],[100.3681,20.35504],[100.37552,20.35084],[100.38203,20.3158],[100.39724,20.29173],[100.40706,20.28085],[100.41447,20.25489],[100.428,20.24448],[100.4472,20.23514],[100.45515,20.22781],[100.45662,20.22269],[100.4535,20.20449],[100.45557,20.19875],[100.46671,20.19691],[100.47515,20.19122],[100.48088,20.18328],[100.48966,20.17665],[100.50724,20.15133],[100.51894,20.1439],[100.52964,20.14458],[100.55227,20.17558],[100.55754,20.17422],[100.56477,20.17616],[100.57788,20.16812],[100.56853,20.11479],[100.56965,20.09832],[100.56049,20.08624],[100.56049,20.07605],[100.55414,20.05435],[100.55413,20.04744],[100.5502,20.03881],[100.55158,20.03146],[100.54191,20.02225],[100.54337,20.01236],[100.54103,20.00355],[100.53878,20.00178],[100.5378,19.99392],[100.52645,19.96774],[100.52563,19.95856],[100.51617,19.94041],[100.5166,19.93606],[100.52229,19.92925],[100.52033,19.91514],[100.51374,19.90907],[100.52011,19.90349],[100.5153,19.89918],[100.51239,19.89052],[100.50057,19.88337],[100.50079,19.87077],[100.49797,19.86679],[100.48718,19.86488],[100.47389,19.85663],[100.4617,19.85686],[100.45018,19.84836],[100.44324,19.83875],[100.44292,19.83419],[100.44874,19.82643],[100.44433,19.82179],[100.4443,19.81601],[100.44074,19.80898],[100.44324,19.80544],[100.43862,19.7915],[100.43336,19.78741],[100.42764,19.78771],[100.41873,19.78438],[100.41411,19.77974],[100.40403,19.7531],[100.40407,19.74141],[100.40666,19.736]]}},{"type":"Feature","properties":{"kind":"land_border","p_code":"55","p_name_t":"จังหวัดน่าน","p_name_e":"CHANGWAT NAN","length_km":300.76},"geometry":{"type":"LineString","coordinates":[[100.59869,19.5102],[100.60144,19.51567],[100.60286,19.53005],[100.61094,19.53461],[100.60861,19.5481],[100.62964,19.55516],[100.64507,19.55461],[100.6514,19.55679],[100.66022,19.54771],[100.67218,19.54951],[100.6961,19.53494],[100.70786,19.5359],[100.71117,19.53079],[100.7304,19.52556],[100.752,19.51077],[100.75786,19.51163],[100.75974,19.50794],[100.75627,19.50414],[100.76433,19.50106],[100.76588,19.48917],[100.77098,19.48726],[100.77991,19.49341],[100.79188,19.51052],[100.81625,19.52489],[100.81964,19.533],[100.82539,19.53779],[100.82677,19.5435],[100.83137,19.54482],[100.8349,19.55098],[100.83865,19.5528],[100.84813,19.56865],[100.86045,19.57386],[100.85859,19.58167],[100.86604,19.58546],[100.86532,19.58948],[100.86979,19.59035],[100.87137,19.59634],[100.87394,19.59816],[100.87319,19.60053],[100.8785,19.60172],[100.87828,19.60579],[100.88288,19.60594],[100.88772,19.62426],[100.89352,19.63424],[100.91332,19.62676],[100.91682,19.62183],[100.92576,19.62577],[100.93412,19.62282],[100.93858,19.62578],[100.95819,19.62513],[100.97354,19.61946],[100.98194,19.62755],[100.98976,19.62531],[100.99718,19.62672],[101.002,19.62241],[101.00617,19.62385],[101.01434,19.62031],[101.02002,19.62349],[101.02384,19.6302],[101.03484,19.62922],[101.03842,19.62494],[101.04268,19.62541],[101.05295,19.62007],[101.05548,19.62187],[101.06141,19.62003],[101.06678,19.61324],[101.06739,19.60466],[101.0702,19.60315],[101.07872,19.60458],[101.08681,19.59998],[101.09012,19.59683],[101.09169,19.58736],[101.09675,19.58467],[101.10129,19.58631],[101.1163,19.58441],[101.11789,19.58153],[101.11626,19.57907],[101.12262,19.57284],[101.13994,19.57892],[101.14702,19.57782],[101.15307,19.58122],[101.15995,19.58095],[101.1633,19.583],[101.1666,19.58117],[101.16934,19.5857],[101.1796,19.57841],[101.18587,19.5794],[101.19188,19.57653],[101.1974,19.57703],[101.20461,19.58856],[101.20242,19.59134],[101.20435,19.59606],[101.2032,19.59946],[101.20685,19.60548],[101.21681,19.60242],[101.2253,19.60514],[101.23259,19.60264],[101.24381,19.60342],[101.24651,19.59453],[101.25585,19.59095],[101.26158,19.59344],[101.28077,19.58223],[101.28037,19.57715],[101.28744,19.56947],[101.28327,19.56141],[101.27407,19.55152],[101.28065,19.5371],[101.28474,19.53411],[101.28529,19.52751],[101.27813,19.52035],[101.27475,19.51217],[101.27019,19.5109],[101.2675,19.50405],[101.26678,19.49114],[101.26979,19.48522],[101.26599,19.47056],[101.24744,19.47444],[101.23889,19.47307],[101.2366,19.47799],[101.22844,19.47728],[101.22471,19.47224],[101.22002,19.47449],[101.21677,19.47326],[101.21393,19.47589],[101.21129,19.47422],[101.21143,19.46433],[101.20506,19.45857],[101.20916,19.45447],[101.208,19.44903],[101.21258,19.44469],[101.21024,19.43852],[101.215,19.43186],[101.19897,19.40669],[101.19504,19.40631],[101.19628,19.39961],[101.19103,19.40258],[101.18685,19.39823],[101.19048,19.38609],[101.19043,19.37768],[101.1975,19.37196],[101.20203,19.36393],[101.20531,19.35016],[101.21485,19.34751],[101.21935,19.34395],[101.22852,19.34671],[101.23296,19.33559],[101.24165,19.32603],[101.23182,19.3189],[101.22728,19.30604],[101.22994,19.29642],[101.2399,19.28411],[101.24297,19.26483],[101.24754,19.25622],[101.24999,19.24296],[101.25963,19.23077],[101.25411,19.22101],[101.25336,19.21135],[101.2505,19.20621],[101.25229,19.19227],[101.24502,19.18042],[101.25303,19.17039],[101.2545,19.15413],[101.25756,19.14909],[101.25849,19.13933],[101.25418,19.1317],[101.25683,19.12457],[101.27168,19.11399],[101.28421,19.11039],[101.28887,19.10473],[101.29353,19.10381],[101.29792,19.09737],[101.29775,19.09398],[101.31591,19.07987],[101.32536,19.07984],[101.32642,19.07309],[101.33147,19.07196],[101.33284,19.0681],[101.3386,19.07052],[101.34099,19.06905],[101.35042,19.05204],[101.35703,19.04996],[101.35428,19.04871],[101.35529,19.04586],[101.34868,19.03577],[101.34535,19.02574],[101.34061,19.0217],[101.33957,19.01012],[101.33577,19.00447],[101.32631,19.00222],[101.31001,19.00226],[101.30617,18.99749],[101.30525,18.98864],[101.29309,18.98192],[101.29113,18.97717],[101.29416,18.97276],[101.29198,18.96631],[101.29666,18.95514],[101.2931,18.95159],[101.2962,18.94664],[101.29609,18.94172],[101.29105,18.9354],[101.28124,18.93593],[101.27843,18.93191],[101.27408,18.93023],[101.27463,18.9184],[101.26468,18.9106],[101.25377,18.90593],[101.24568,18.88846],[101.25197,18.86832],[101.25478,18.86531],[101.25201,18.86291],[101.25428,18.84841],[101.24297,18.83201],[101.24731,18.82583],[101.24801,18.81769],[101.25835,18.809],[101.24911,18.79167],[101.25188,18.78513],[101.24908,18.77593],[101.25247,18.77182],[101.24359,18.77028],[101.23771,18.75925],[101.2387,18.75145],[101.23588,18.74154],[101.22409,18.73265],[101.23292,18.72221],[101.23426,18.71245],[101.24608,18.7118],[101.2532,18.70605],[101.25675,18.70573],[101.26096,18.70042],[101.26783,18.69799],[101.27228,18.68852],[101.26724,18.68684],[101.26619,18.6835],[101.25898,18.67807],[101.25778,18.66948],[101.25333,18.66591],[101.25023,18.65743],[101.24184,18.65166],[101.24177,18.63945],[101.23532,18.6353],[101.22611,18.62436],[101.21845,18.62456],[101.21378,18.61938],[101.1908,18.6155],[101.18223,18.61178],[101.17923,18.60544],[101.1819,18.60246],[101.17996,18.58894],[101.18674,18.57899],[101.18198,18.56839],[101.18307,18.56064],[101.17969,18.5584],[101.17457,18.55998],[101.1705,18.55675],[101.14854,18.55257],[101.14851,18.54274],[101.14196,18.53804],[101.1383,18.52829],[101.12721,18.52441],[101.11539,18.52753],[101.10427,18.52207],[101.09819,18.50822],[101.09842,18.50304],[101.09146,18.49901],[101.09306,18.47926],[101.0825,18.47582],[101.08034,18.471],[101.07319,18.46318],[101.06737,18.46036],[101.06642,18.45628],[101.06355,18.45531],[101.05415,18.44265],[101.05664,18.43598],[101.05268,18.42553],[101.0589,18.42193],[101.06907,18.41009],[101.07622,18.40775],[101.07963,18.40413],[101.08409,18.39597],[101.08286,18.38463],[101.08581,18.38072]]}},{"type":"Feature","properties":{"kind":"land_border","p_code":"77","p_name_t":"จังหวัดประจวบคีรีขันธ์","p_name_e":"CHANGWAT PRACHUAP KHILIKHAN","length_km":287.7},"geometry":{"type":"LineString","coordinates":[[99.15074,11.03345],[99.15671,11.03239],[99.16453,11.03861],[99.16493,11.04234],[99.17167,11.04362],[99.17144,11.05484],[99.17451,11.05881],[99.18009,11.05984],[99.17688,11.06261],[99.17977,11.07154],[99.17765,11.07442],[99.17895,11.08199],[99.18975,11.08381],[99.20006,11.09076],[99.20312,11.10136],[99.21111,11.09787],[99.21604,11.10097],[99.21729,11.1059],[99.2223,11.10683],[99.22743,11.11172],[99.22883,11.13082],[99.22386,11.13559],[99.22462,11.14214],[99.23154,11.14399],[99.25281,11.16921],[99.25204,11.17545],[99.25892,11.18808],[99.25753,11.19279],[99.26099,11.19518],[99.26276,11.20049],[99.27056,11.20442],[99.27852,11.19878],[99.28071,11.19144],[99.28662,11.19077],[99.29109,11.19521],[99.29416,11.19506],[99.29154,11.20323],[99.29762,11.20534],[99.30217,11.21052],[99.30287,11.21543],[99.30737,11.21771],[99.30734,11.23004],[99.30949,11.23549],[99.30584,11.23959],[99.30033,11.24113],[99.29585,11.24887],[99.29862,11.25332],[99.30683,11.25638],[99.31359,11.27179],[99.31738,11.27377],[99.31697,11.2765],[99.32341,11.28156],[99.32626,11.28726],[99.32317,11.30285],[99.31197,11.31752],[99.31796,11.32043],[99.31945,11.32451],[99.32656,11.32932],[99.32731,11.33716],[99.3316,11.33784],[99.33514,11.3347],[99.34304,11.33289],[99.34207,11.33847],[99.34448,11.349],[99.35541,11.35717],[99.3652,11.37183],[99.37864,11.37551],[99.3844,11.38148],[99.39581,11.38223],[99.40197,11.38992],[99.40185,11.39438],[99.39773,11.40089],[99.40507,11.40738],[99.40145,11.4114],[99.40277,11.4247],[99.39612,11.43911],[99.40167,11.44361],[99.39374,11.45166],[99.39444,11.46128],[99.40432,11.46657],[99.40924,11.46266],[99.41176,11.4674],[99.41101,11.47273],[99.41911,11.475],[99.41981,11.48098],[99.4258,11.4822],[99.42999,11.47882],[99.43333,11.48159],[99.44078,11.47897],[99.44401,11.48056],[99.44133,11.48585],[99.44414,11.49091],[99.45256,11.49303],[99.45578,11.48995],[99.45851,11.49155],[99.45794,11.49565],[99.44838,11.50865],[99.45723,11.51305],[99.46288,11.52198],[99.46643,11.52302],[99.46661,11.52632],[99.47395,11.53254],[99.46843,11.54928],[99.46539,11.54771],[99.4627,11.54913],[99.46318,11.55705],[99.46762,11.56671],[99.45783,11.58276],[99.46296,11.58907],[99.46126,11.59744],[99.46499,11.60018],[99.46762,11.60674],[99.46722,11.61457],[99.47476,11.62366],[99.48307,11.62637],[99.49136,11.62512],[99.49267,11.62848],[99.50583,11.63612],[99.51716,11.63627],[99.52259,11.62463],[99.53001,11.6214],[99.54094,11.62324],[99.54629,11.62787],[99.55691,11.62408],[99.56567,11.62641],[99.5658,11.62998],[99.5716,11.63682],[99.56996,11.64325],[99.5733,11.64837],[99.58195,11.65331],[99.58682,11.65921],[99.58271,11.67794],[99.58836,11.68321],[99.5877,11.68807],[99.58998,11.69205],[99.59713,11.69412],[99.59821,11.6981],[99.59612,11.69902],[99.6021,11.7079],[99.60591,11.70732],[99.60995,11.71073],[99.61556,11.71093],[99.62037,11.71805],[99.61856,11.72315],[99.63027,11.72401],[99.63643,11.72756],[99.63871,11.73669],[99.63774,11.74114],[99.63993,11.74304],[99.63698,11.74598],[99.63909,11.7529],[99.63713,11.75555],[99.6402,11.76122],[99.63981,11.76501],[99.64397,11.77072],[99.64011,11.78923],[99.64139,11.79191],[99.64518,11.79092],[99.6485,11.80478],[99.65119,11.80733],[99.6504,11.81161],[99.6532,11.81319],[99.65881,11.8109],[99.65955,11.81983],[99.66489,11.82311],[99.65761,11.82948],[99.64127,11.82689],[99.63903,11.82915],[99.63537,11.82852],[99.63487,11.83179],[99.6305,11.83345],[99.62447,11.83162],[99.62143,11.83315],[99.62421,11.8377],[99.62515,11.85012],[99.61348,11.85857],[99.60963,11.86863],[99.60329,11.87096],[99.60006,11.87893],[99.59488,11.87257],[99.58826,11.87284],[99.58915,11.88644],[99.58418,11.89002],[99.57963,11.90335],[99.58666,11.91809],[99.58602,11.93085],[99.57975,11.94371],[99.59155,11.95141],[99.59337,11.95515],[99.5913,11.96507],[99.59398,11.97076],[99.59373,11.97797],[99.59014,11.98116],[99.59233,11.99298],[99.5883,11.99839],[99.58167,11.99972],[99.57438,12.00821],[99.56781,12.00741],[99.5628,12.01163],[99.53805,12.01438],[99.53632,12.01778],[99.54133,12.03478],[99.5403,12.03991],[99.5353,12.04306],[99.53543,12.04991],[99.53243,12.05371],[99.5337,12.06609],[99.54019,12.07519],[99.54577,12.07765],[99.55027,12.08284],[99.5511,12.09106],[99.55588,12.09386],[99.55529,12.11428],[99.56024,12.11965],[99.56181,12.1316],[99.56954,12.13727],[99.57083,12.14524],[99.56465,12.14519],[99.56155,12.14836],[99.55662,12.14805],[99.54897,12.15118],[99.53925,12.14445],[99.53039,12.14852],[99.52377,12.14514],[99.52296,12.14751],[99.5155,12.14841],[99.50743,12.14343],[99.49945,12.14361],[99.49441,12.13074],[99.4913,12.12904],[99.48488,12.12952],[99.47975,12.13403],[99.47371,12.13163],[99.47238,12.1342],[99.47408,12.14467],[99.47302,12.15792],[99.47835,12.16392],[99.48622,12.1661],[99.48955,12.17254],[99.48823,12.18159],[99.49479,12.19008],[99.49373,12.19291],[99.49617,12.19714],[99.49195,12.20003],[99.49037,12.21002],[99.48615,12.21229],[99.48642,12.21888],[99.48079,12.22191],[99.48178,12.22401],[99.47829,12.22641],[99.47842,12.22909],[99.47298,12.23241],[99.47126,12.23618],[99.47209,12.24145],[99.4762,12.24249],[99.48188,12.25292],[99.48041,12.26665],[99.48408,12.27336],[99.48223,12.27903],[99.47614,12.2799],[99.47429,12.28304],[99.46593,12.28232],[99.46155,12.28609],[99.46234,12.29721],[99.45756,12.30038],[99.45304,12.30735],[99.45279,12.31192],[99.44819,12.31217],[99.4444,12.31727],[99.4454,12.32265],[99.44252,12.32753],[99.44555,12.33188],[99.43396,12.3429],[99.43741,12.34955],[99.44371,12.35143],[99.44394,12.35584],[99.43227,12.36373],[99.43394,12.36856],[99.4378,12.37052],[99.43683,12.37522],[99.44267,12.3829],[99.4418,12.40057],[99.44648,12.40685],[99.44338,12.41073],[99.43432,12.41509],[99.42582,12.42577],[99.4247,12.44899],[99.41404,12.45016],[99.40821,12.45692],[99.40181,12.45984],[99.40342,12.47005],[99.40663,12.4734],[99.40593,12.48029],[99.41653,12.48899],[99.42542,12.49121],[99.4246,12.49997],[99.42029,12.50603],[99.41799,12.52522],[99.4217,12.52956],[99.42347,12.53792],[99.42185,12.55224],[99.42414,12.5572],[99.43314,12.55712],[99.43536,12.56527],[99.43075,12.57024],[99.42809,12.57868],[99.43317,12.58325],[99.43587,12.58173],[99.43882,12.58325]]}},{"type":"Feature","properties":{"kind":"land_border","p_code":"95","p_name_t":"จังหวัดยะลา","p_name_e":"CHANGWAT YALA","length_km":247.95},"geometry":{"type":"LineString","coordinates":[[101.50181,5.88941],[101.49387,5.88163],[101.48685,5.8832],[101.48732,5.87366],[101.48512,5.86996],[101.47899,5.87272],[101.47392,5.87025],[101.47031,5.87468],[101.46492,5.87664],[101.45413,5.86738],[101.44677,5.87075],[101.4383,5.87079],[101.43724,5.87268],[101.43184,5.87099],[101.42769,5.87562],[101.42413,5.87419],[101.41768,5.87652],[101.41338,5.87311],[101.4077,5.87214],[101.40268,5.87438],[101.39563,5.87331],[101.39122,5.87584],[101.38947,5.85835],[101.3867,5.85396],[101.37966,5.85064],[101.37933,5.84567],[101.37365,5.83708],[101.37435,5.83282],[101.36173,5.83115],[101.35866,5.8333],[101.34859,5.82583],[101.34588,5.80886],[101.34121,5.80962],[101.33725,5.80693],[101.33217,5.81147],[101.32336,5.81374],[101.3121,5.80216],[101.30745,5.80458],[101.30434,5.81401],[101.29545,5.81215],[101.29077,5.81632],[101.27671,5.81202],[101.26941,5.80338],[101.26395,5.80064],[101.25871,5.78735],[101.25905,5.77863],[101.25012,5.76125],[101.25558,5.75239],[101.25364,5.74656],[101.25959,5.73241],[101.25779,5.72193],[101.261,5.71662],[101.25945,5.71163],[101.25398,5.71009],[101.24879,5.70488],[101.25053,5.69908],[101.24816,5.69613],[101.24431,5.69547],[101.24169,5.69115],[101.233,5.68783],[101.21823,5.68775],[101.2179,5.68064],[101.22098,5.67529],[101.21374,5.66148],[101.20437,5.65983],[101.20261,5.65445],[101.19507,5.64938],[101.18811,5.65067],[101.17138,5.64754],[101.16654,5.64122],[101.16816,5.63561],[101.16348,5.63049],[101.15157,5.62266],[101.14843,5.62418],[101.14451,5.62301],[101.14368,5.61417],[101.13409,5.61287],[101.12782,5.63192],[101.1292,5.63836],[101.12519,5.64641],[101.12319,5.66171],[101.11968,5.66365],[101.1183,5.6718],[101.11054,5.68153],[101.09685,5.69225],[101.09514,5.7036],[101.08845,5.70467],[101.08524,5.70882],[101.08528,5.71296],[101.08079,5.71009],[101.08046,5.71724],[101.08261,5.72139],[101.06787,5.72879],[101.06215,5.7269],[101.06283,5.73165],[101.0592,5.73419],[101.06006,5.74434],[101.05482,5.74301],[101.05336,5.74447],[101.05021,5.74009],[101.04094,5.74072],[101.03633,5.73739],[101.03372,5.73868],[101.01999,5.75923],[101.0188,5.76621],[101.0071,5.77037],[101.00725,5.77406],[101.00287,5.77932],[100.99761,5.78021],[100.99569,5.78477],[100.98933,5.78378],[100.98856,5.79601],[100.98389,5.80731],[100.98534,5.81019],[100.99248,5.81166],[100.9992,5.81903],[101.00179,5.82472],[101.00109,5.82858],[101.01212,5.83779],[101.0067,5.85131],[101.00985,5.86377],[101.00891,5.87286],[101.01324,5.87512],[101.01438,5.88216],[101.02299,5.89231],[101.02407,5.89728],[101.02915,5.90129],[101.02527,5.91153],[101.02622,5.91362],[101.03698,5.91745],[101.04534,5.91612],[101.05204,5.91063],[101.05566,5.91253],[101.056,5.91624],[101.05972,5.91629],[101.06293,5.92001],[101.06987,5.91758],[101.07498,5.91819],[101.08563,5.91043],[101.08876,5.9204],[101.08711,5.92494],[101.09174,5.92706],[101.09268,5.93341],[101.09918,5.94207],[101.09541,5.95095],[101.09975,5.95102],[101.10862,5.95888],[101.11174,5.95783],[101.11454,5.96707],[101.12342,5.97742],[101.12262,5.98222],[101.10719,5.99056],[101.1062,6.00019],[101.11258,6.00933],[101.1083,6.0158],[101.11003,6.02378],[101.10775,6.02845],[101.11223,6.03181],[101.11375,6.03919],[101.10678,6.04474],[101.10536,6.04882],[101.10014,6.05045],[101.10444,6.06015],[101.104,6.06345],[101.11057,6.06607],[101.10986,6.07363],[101.11549,6.08127],[101.11494,6.09291],[101.12619,6.09549],[101.12669,6.10581],[101.11827,6.11495],[101.11377,6.11236],[101.10617,6.11318],[101.10766,6.11809],[101.10523,6.12381],[101.10165,6.12395],[101.08908,6.13418],[101.07488,6.1356],[101.07025,6.14017],[101.06043,6.14043],[101.05834,6.14247],[101.06069,6.15084],[101.07522,6.16093],[101.07548,6.17138],[101.08408,6.17469],[101.08602,6.17893],[101.09229,6.17634],[101.0962,6.17981],[101.10137,6.17828],[101.10807,6.17973],[101.1263,6.19302],[101.12301,6.20087],[101.11504,6.20383],[101.11848,6.21171],[101.11543,6.21747],[101.1161,6.22078],[101.11284,6.22252],[101.11326,6.22647],[101.10522,6.23803],[101.11211,6.25064],[101.10765,6.2516],[101.09507,6.26023],[101.08169,6.25851],[101.07555,6.25558],[101.07198,6.2577],[101.06764,6.25572],[101.06402,6.25917],[101.05935,6.25373],[101.05004,6.25456],[101.03109,6.24417],[101.02171,6.25014],[101.01697,6.24592],[101.01239,6.24843],[101.00998,6.25623],[100.98948,6.26625],[100.98427,6.27545],[100.98449,6.27888],[100.97615,6.27918],[100.96884,6.28328],[100.96635,6.28229],[100.96758,6.27552],[100.96492,6.27232],[100.95579,6.26915],[100.95462,6.26541],[100.94658,6.26322],[100.94694,6.25273],[100.94416,6.24299],[100.92282,6.24435],[100.91694,6.24812],[100.91262,6.24513],[100.91145,6.2415],[100.90739,6.24033],[100.90745,6.23712],[100.90262,6.23323],[100.89235,6.23944],[100.89194,6.24921],[100.88585,6.2501],[100.88412,6.2553],[100.88033,6.2547],[100.87592,6.25847],[100.87459,6.26321],[100.8714,6.26458],[100.86905,6.25979],[100.86926,6.25291],[100.86511,6.24445],[100.87036,6.24008],[100.85386,6.23152],[100.84859,6.2384],[100.84431,6.24986],[100.846,6.25783],[100.84484,6.26298],[100.83831,6.2827],[100.83498,6.28524],[100.83631,6.29219],[100.83481,6.29623],[100.83741,6.30027],[100.84084,6.30113],[100.84284,6.30819]]}},{"type":"Feature","properties":{"kind":"land_border","p_code":"42","p_name_t":"จังหวัดเลย","p_name_e":"CHANGWAT LOEI","length_km":235.53},"geometry":{"type":"LineString","coordinates":[[100.96682,17.57089],[100.97372,17.56831],[100.97476,17.57129],[100.97827,17.57134],[100.98408,17.56586],[100.98912,17.56636],[100.99697,17.56355],[100.99742,17.55973],[101.00109,17.55949],[101.00308,17.55647],[101.00966,17.55605],[101.01239,17.55866],[101.02338,17.55752],[101.02364,17.5518],[101.0371,17.54643],[101.03963,17.54127],[101.0431,17.54544],[101.04525,17.54501],[101.04688,17.52955],[101.06035,17.52669],[101.06113,17.51225],[101.06466,17.51491],[101.08021,17.50252],[101.08074,17.50543],[101.08388,17.50404],[101.09287,17.50843],[101.10254,17.50848],[101.09587,17.50492],[101.09992,17.50138],[101.09372,17.49652],[101.1024,17.49208],[101.10683,17.49236],[101.11062,17.48504],[101.11011,17.4797],[101.1148,17.47827],[101.12179,17.48394],[101.12661,17.48149],[101.13514,17.48319],[101.13464,17.48052],[101.12959,17.48009],[101.13107,17.47291],[101.13896,17.47435],[101.14565,17.4784],[101.14687,17.47004],[101.14988,17.46614],[101.16192,17.46768],[101.16404,17.46941],[101.16408,17.4779],[101.1677,17.48077],[101.16245,17.483],[101.16408,17.48625],[101.16268,17.49135],[101.18254,17.49788],[101.1834,17.50306],[101.17946,17.50286],[101.18161,17.506],[101.17871,17.50746],[101.18039,17.51141],[101.17658,17.51669],[101.1761,17.5249],[101.18889,17.53088],[101.21121,17.53083],[101.22961,17.53624],[101.23196,17.55417],[101.24144,17.55317],[101.24709,17.56118],[101.24896,17.57861],[101.2581,17.58695],[101.25958,17.59843],[101.27418,17.61084],[101.28027,17.6081],[101.28762,17.62292],[101.29164,17.6253],[101.29396,17.63051],[101.30069,17.63405],[101.30643,17.6321],[101.30858,17.63337],[101.31189,17.64056],[101.30583,17.6464],[101.30605,17.65084],[101.32438,17.65682],[101.33167,17.65414],[101.33886,17.66029],[101.34604,17.6592],[101.35593,17.66885],[101.36141,17.68143],[101.36715,17.6793],[101.37757,17.68238],[101.37853,17.69273],[101.38214,17.69818],[101.39703,17.69068],[101.40051,17.68251],[101.40839,17.68925],[101.40672,17.7019],[101.4141,17.70909],[101.42901,17.7127],[101.43065,17.71592],[101.42122,17.72385],[101.41323,17.7251],[101.40724,17.72243],[101.40109,17.72392],[101.39711,17.72868],[101.40243,17.7344],[101.40711,17.73624],[101.41647,17.73511],[101.41635,17.731],[101.41852,17.72998],[101.42385,17.73778],[101.43696,17.73128],[101.44207,17.73362],[101.44624,17.72876],[101.447,17.73596],[101.45316,17.73848],[101.45503,17.74632],[101.46645,17.74761],[101.4625,17.75249],[101.46323,17.75423],[101.47041,17.75479],[101.48273,17.76053],[101.48363,17.75492],[101.47554,17.75124],[101.47534,17.74824],[101.48105,17.7433],[101.4904,17.74608],[101.4858,17.73632],[101.48455,17.72739],[101.48636,17.72453],[101.49035,17.72398],[101.49498,17.73365],[101.49474,17.74061],[101.50265,17.74503],[101.49729,17.75113],[101.49723,17.7549],[101.50376,17.75486],[101.5045,17.75966],[101.52104,17.77222],[101.52229,17.77705],[101.52915,17.77418],[101.53753,17.77494],[101.55076,17.78916],[101.57416,17.78526],[101.5733,17.79227],[101.56686,17.80257],[101.56026,17.80848],[101.55341,17.80757],[101.5515,17.81079],[101.55175,17.82058],[101.56502,17.84096],[101.56904,17.86265],[101.57432,17.8696],[101.5791,17.86781],[101.58682,17.85147],[101.5919,17.84915],[101.60284,17.8568],[101.61211,17.87713],[101.61258,17.88874],[101.61633,17.89362],[101.62405,17.89201],[101.63247,17.89535],[101.65009,17.89592],[101.69322,17.91248],[101.70193,17.91155],[101.70633,17.90419],[101.70993,17.90249],[101.72468,17.91235],[101.73356,17.92619],[101.72829,17.94773],[101.74309,17.97569],[101.74445,17.99128],[101.75288,18.00214],[101.75702,18.03611],[101.76398,18.04475],[101.7662,18.05423],[101.78177,18.06831],[101.78691,18.07164],[101.79539,18.06454],[101.81594,18.0593],[101.82603,18.05976],[101.83481,18.05177],[101.85672,18.0439],[101.87045,18.03117],[101.87949,18.0269],[101.90495,18.03001],[101.90967,18.0337],[101.9145,18.04474],[101.93606,18.07091],[101.93939,18.08278],[101.95442,18.09337],[101.95343,18.10331],[101.95614,18.10457],[101.9625,18.10227],[101.96677,18.10925],[101.9827,18.12164],[101.99699,18.12594],[102.01904,18.1495],[102.02733,18.15097],[102.03467,18.16134],[102.04598,18.19907],[102.0865,18.21958],[102.1056,18.21319]]}},{"type":"Feature","properties":{"kind":"land_border","p_code":"43","p_name_t":"จังหวัดหนองคาย","p_name_e":"CHANGWAT NONG KHAI","length_km":195.99},"geometry":{"type":"LineString","coordinates":[[102.10558,18.21319],[102.11305,18.21033],[102.13481,18.21565],[102.14186,18.21242],[102.14389,18.20593],[102.16397,18.20388],[102.1859,18.14732],[102.19656,18.13968],[102.19989,18.13356],[102.22008,18.1229],[102.29177,18.05744],[102.30527,18.05159],[102.33518,18.04849],[102.35151,18.04229],[102.42682,17.98627],[102.45916,17.97122],[102.47255,17.96736],[102.49021,17.967],[102.50927,17.9711],[102.52641,17.96347],[102.53411,17.96303],[102.55426,17.96905],[102.58726,17.96282],[102.60202,17.95626],[102.60755,17.95086],[102.61385,17.93899],[102.61329,17.90817],[102.6088,17.89771],[102.60739,17.88671],[102.59288,17.86088],[102.58845,17.84676],[102.59009,17.84109],[102.59524,17.83575],[102.60015,17.83406],[102.63948,17.83091],[102.66781,17.80507],[102.67379,17.80288],[102.68271,17.80343],[102.69247,17.8104],[102.69812,17.81969],[102.6772,17.84193],[102.67822,17.85428],[102.6876,17.86947],[102.69709,17.87573],[102.70884,17.87942],[102.74079,17.88367],[102.75878,17.89385],[102.76991,17.90401],[102.77862,17.92498],[102.78647,17.93441],[102.79705,17.93897],[102.81812,17.94073],[102.85987,17.97296],[102.89873,17.98077],[102.93827,18.00208],[102.95667,18.00525],[102.97099,18.00357],[102.98755,17.99501],[103.01647,17.97169],[103.02437,17.97104],[103.0391,17.97959],[103.06143,18.00539],[103.07549,18.02642],[103.07846,18.03427],[103.08094,18.05145],[103.07199,18.07537],[103.07794,18.0956],[103.07732,18.11331],[103.08061,18.12468],[103.08853,18.1332],[103.13533,18.15998],[103.14851,18.17289],[103.15602,18.198],[103.15067,18.22008],[103.15113,18.23008],[103.16666,18.2556],[103.1803,18.26537],[103.20942,18.27172],[103.23755,18.28325],[103.25875,18.28636],[103.28105,18.29279],[103.29571,18.30032],[103.29843,18.30409]]}},{"type":"Feature","properties":{"kind":"land_border","p_code":"50","p_name_t":"จังหวัดเชียงใหม่","p_name_e":"CHANGWAT CHIANG MAI","length_km":192.93},"geometry":{"type":"LineString","coordinates":[[98.4669,19.69261],[98.46839,19.69467],[98.47311,19.69452],[98.48565,19.70449],[98.4978,19.70561],[98.50708,19.70974],[98.50945,19.71712],[98.51834,19.71583],[98.52642,19.70602],[98.52989,19.70487],[98.53377,19.69646],[98.53907,19.69276],[98.53908,19.68863],[98.5499,19.68623],[98.55758,19.68101],[98.55961,19.67527],[98.56744,19.67166],[98.57271,19.70398],[98.57772,19.70458],[98.59101,19.71488],[98.60107,19.71291],[98.60887,19.70859],[98.61532,19.71071],[98.61718,19.71702],[98.62421,19.713],[98.62824,19.71534],[98.62658,19.72788],[98.63317,19.72773],[98.65419,19.7393],[98.66096,19.7338],[98.66109,19.73644],[98.66582,19.74035],[98.66434,19.74657],[98.66673,19.74901],[98.6732,19.75132],[98.68006,19.74907],[98.68503,19.75387],[98.69513,19.75423],[98.7043,19.75766],[98.71166,19.76792],[98.71785,19.76214],[98.72878,19.76116],[98.73968,19.75341],[98.75192,19.75966],[98.77819,19.75182],[98.79498,19.76958],[98.7968,19.77508],[98.80308,19.77506],[98.81342,19.78051],[98.82869,19.79343],[98.83054,19.80514],[98.83375,19.81092],[98.83834,19.81297],[98.84985,19.80685],[98.85329,19.79703],[98.86858,19.79224],[98.87474,19.78259],[98.88534,19.77928],[98.89236,19.77351],[98.89659,19.76647],[98.90891,19.76089],[98.91374,19.75578],[98.91692,19.74321],[98.92595,19.75125],[98.92919,19.75787],[98.92761,19.77104],[98.93399,19.77353],[98.94136,19.76909],[98.96539,19.74126],[98.98096,19.73413],[98.98775,19.75049],[98.98949,19.77556],[98.99177,19.78125],[98.99384,19.78332],[99.00365,19.78146],[99.00618,19.78856],[99.01676,19.79537],[99.02511,19.82505],[99.03112,19.83313],[99.029,19.83922],[99.03385,19.85005],[99.02453,19.86388],[99.02744,19.8918],[99.0226,19.90385],[99.02696,19.91408],[99.02406,19.91742],[99.02263,19.92663],[99.02424,19.9288],[99.0307,19.92674],[99.03437,19.92995],[99.04348,19.93175],[99.04074,19.94071],[99.04378,19.94522],[99.0434,19.95029],[99.03759,19.96627],[99.03061,19.97164],[99.03538,19.97898],[99.03789,19.99203],[99.05449,20.00282],[99.04636,20.00867],[99.04362,20.01718],[99.04563,20.02383],[99.04443,20.03798],[99.04832,20.04608],[99.05362,20.05018],[99.05687,20.06314],[99.06692,20.06762],[99.06981,20.08215],[99.06744,20.08743],[99.0761,20.10051],[99.08111,20.10174],[99.08291,20.09878],[99.09059,20.09736],[99.09535,20.10544],[99.10013,20.09769],[99.10451,20.09776],[99.12532,20.1042],[99.13091,20.10411],[99.12681,20.11841],[99.14458,20.12259],[99.15035,20.12862],[99.15987,20.13297],[99.16492,20.13003],[99.17119,20.13228],[99.1731,20.12942],[99.18124,20.12687],[99.19099,20.12672],[99.20001,20.13098],[99.21232,20.13067],[99.22115,20.12423],[99.22196,20.11997],[99.22606,20.11965],[99.23149,20.12524],[99.24255,20.1137],[99.24933,20.11177],[99.25301,20.11403],[99.2583,20.11313],[99.26275,20.10539],[99.28223,20.09437],[99.29446,20.08211],[99.30613,20.07868],[99.31575,20.07027],[99.32285,20.06954],[99.33212,20.0738],[99.33896,20.072],[99.34799,20.07461],[99.35427,20.07993],[99.3813,20.08932],[99.39985,20.0862],[99.41346,20.08783],[99.4153,20.09175],[99.42056,20.09281],[99.42768,20.08894],[99.43893,20.0902],[99.4433,20.09812],[99.45395,20.09812],[99.46957,20.10736],[99.48466,20.10903],[99.49225,20.11486],[99.49869,20.11575],[99.49919,20.12242],[99.49513,20.13141],[99.5086,20.14298],[99.51012,20.14698],[99.51282,20.14712]]}},{"type":"Feature","properties":{"kind":"land_border","p_code":"27","p_name_t":"จังหวัดสระแก้ว","p_name_e":"CHANGWAT SRAKAEO","length_km":176.35},"geometry":{"type":"LineString","coordinates":[[102.92977,14.17639],[102.93729,14.16522],[102.94037,14.1489],[102.93617,14.14199],[102.92546,14.13343],[102.92293,14.10503],[102.9207,14.10505],[102.91316,14.09669],[102.90736,14.09505],[102.90429,14.09062],[102.90497,14.08871],[102.90112,14.08346],[102.90272,14.06764],[102.89761,14.05447],[102.90061,14.04737],[102.89956,14.04415],[102.90369,14.04127],[102.90153,14.03581],[102.90667,14.02989],[102.90858,14.02132],[102.91152,14.01798],[102.90209,14.01642],[102.89403,14.00745],[102.88604,14.01093],[102.88223,14.00915],[102.87958,14.00426],[102.87161,14.00345],[102.86769,14.00522],[102.84884,13.98605],[102.81543,13.96549],[102.81262,13.95659],[102.8027,13.943],[102.79804,13.94231],[102.78285,13.93273],[102.76636,13.85632],[102.75494,13.84494],[102.72327,13.7938],[102.72448,13.78916],[102.73245,13.78514],[102.73226,13.77341],[102.7155,13.77369],[102.689,13.75184],[102.67775,13.74905],[102.59868,13.70703],[102.59079,13.70631],[102.57713,13.69695],[102.57626,13.69249],[102.56797,13.68953],[102.55095,13.66465],[102.54835,13.65885],[102.55746,13.65179],[102.55879,13.64822],[102.56095,13.64925],[102.56135,13.64696],[102.56953,13.64428],[102.57109,13.63676],[102.5754,13.63004],[102.58109,13.62798],[102.58679,13.62947],[102.59004,13.62508],[102.59349,13.62608],[102.59482,13.623],[102.59989,13.62304],[102.60719,13.61652],[102.61044,13.61537],[102.6113,13.61699],[102.61418,13.61405],[102.6212,13.61319],[102.62418,13.60901],[102.6152,13.60613],[102.61411,13.60904],[102.61,13.60546],[102.59545,13.60855],[102.58818,13.60777],[102.57472,13.60374],[102.56914,13.59212],[102.5695,13.58541],[102.56429,13.58277],[102.5626,13.57868],[102.5564,13.57824],[102.55299,13.57486],[102.54892,13.57704],[102.53768,13.56702],[102.52825,13.56686],[102.52674,13.56415],[102.51219,13.56876],[102.50473,13.56804],[102.50062,13.57095],[102.4958,13.56946],[102.4894,13.57236],[102.48373,13.57065],[102.48001,13.57215],[102.47185,13.56501],[102.46838,13.56685],[102.4511,13.56111],[102.44496,13.56141],[102.44387,13.56396],[102.43824,13.56012],[102.43091,13.56249],[102.42147,13.57139],[102.41526,13.57083],[102.41457,13.56872],[102.41282,13.57001],[102.40988,13.56691],[102.40547,13.56898],[102.3983,13.56658],[102.39264,13.56732],[102.38839,13.57169],[102.38281,13.57241],[102.37605,13.57783],[102.37086,13.57524],[102.3717,13.57674],[102.36771,13.57841],[102.35983,13.57163],[102.35898,13.56538],[102.3399,13.55973],[102.33453,13.53876],[102.33901,13.53228],[102.34138,13.53331],[102.34518,13.53127],[102.35119,13.52003],[102.35831,13.51312],[102.35804,13.51003],[102.3641,13.50482],[102.36096,13.50358],[102.36251,13.49855],[102.36087,13.49282],[102.36301,13.49068],[102.35707,13.47938],[102.35835,13.4713],[102.35532,13.46139],[102.35711,13.45234],[102.3554,13.4474],[102.35892,13.44662],[102.3605,13.44304],[102.35806,13.43599],[102.3625,13.42544],[102.3596,13.41852],[102.36065,13.4016],[102.35686,13.39802],[102.35482,13.38877],[102.35673,13.38137],[102.35091,13.37227],[102.34533,13.34829],[102.35205,13.34088],[102.35152,13.33155],[102.35757,13.32428],[102.35966,13.31458],[102.35335,13.29866]]}},{"type":"Feature","properties":{"kind":"land_border","p_code":"23","p_name_t":"จังหวัดตราด","p_name_e":"CHANGWAT TRAT","length_km":170.62},"geometry":{"type":"LineString","coordinates":[[102.5086,12.75305],[102.50017,12.73946],[102.50406,12.73027],[102.50317,12.71358],[102.49702,12.70366],[102.50756,12.69616],[102.5094,12.68875],[102.50496,12.6826],[102.50985,12.67057],[102.53288,12.65276],[102.53974,12.6513],[102.54465,12.656],[102.55039,12.65544],[102.55506,12.65196],[102.56753,12.65765],[102.57144,12.65343],[102.57929,12.65324],[102.58254,12.64425],[102.59897,12.62986],[102.60553,12.6275],[102.61669,12.61573],[102.62698,12.61444],[102.62983,12.60948],[102.64557,12.61056],[102.6481,12.59947],[102.64708,12.59565],[102.64435,12.59489],[102.64452,12.58501],[102.65146,12.58187],[102.66199,12.58246],[102.66709,12.57345],[102.66773,12.56281],[102.67562,12.55911],[102.68501,12.54806],[102.67774,12.54232],[102.67787,12.53832],[102.6842,12.53729],[102.69231,12.532],[102.6969,12.52642],[102.69579,12.51922],[102.70398,12.51942],[102.70535,12.51299],[102.71246,12.50728],[102.71691,12.50714],[102.72363,12.51239],[102.72808,12.51192],[102.72848,12.50889],[102.72354,12.5021],[102.72526,12.49597],[102.72067,12.49131],[102.72076,12.486],[102.72286,12.4854],[102.72977,12.49065],[102.73365,12.48927],[102.7399,12.48186],[102.73631,12.46598],[102.74162,12.46618],[102.74318,12.45977],[102.7464,12.45713],[102.75063,12.46226],[102.75403,12.45549],[102.75686,12.4571],[102.76561,12.45637],[102.76937,12.44822],[102.76914,12.44166],[102.77279,12.43568],[102.78018,12.43521],[102.78385,12.42693],[102.78715,12.41396],[102.78442,12.3998],[102.77892,12.39949],[102.77239,12.39396],[102.76095,12.39442],[102.74378,12.38776],[102.73868,12.37858],[102.72553,12.36459],[102.72369,12.33452],[102.72661,12.32505],[102.72614,12.30267],[102.72343,12.28676],[102.71373,12.26391],[102.71828,12.24822],[102.7182,12.22341],[102.7168,12.22042],[102.71285,12.22089],[102.70829,12.20569],[102.71223,12.19514],[102.70722,12.18618],[102.70377,12.17327],[102.70897,12.16494],[102.71005,12.15179],[102.71842,12.13702],[102.72261,12.13218],[102.72742,12.13145],[102.73241,12.12458],[102.73444,12.11018],[102.74705,12.09596],[102.75201,12.09393],[102.75802,12.08047],[102.77096,12.0728],[102.77001,12.06424],[102.77441,12.05337],[102.77453,12.03317],[102.78008,12.02441],[102.77619,12.01206],[102.7803,11.99001],[102.78443,11.97698],[102.79005,11.97691],[102.79294,11.9724],[102.79948,11.95031],[102.80948,11.94407],[102.81557,11.93373],[102.81346,11.92322],[102.81959,11.91691],[102.81902,11.91177],[102.82217,11.90768],[102.8203,11.89019],[102.83488,11.85283],[102.84591,11.84406],[102.85317,11.82605],[102.85951,11.82608],[102.86243,11.8233],[102.8631,11.81217],[102.86545,11.80778],[102.87329,11.803],[102.88554,11.79937],[102.88204,11.78986],[102.89204,11.78725],[102.90421,11.76926],[102.91138,11.74534],[102.91105,11.68092],[102.9131,11.67655],[102.91253,11.66109],[102.91488,11.65258],[102.90892,11.64996]]}},{"type":"Feature","properties":{"kind":"land_border","p_code":"96","p_name_t":"จังหวัดนราธิวาส","p_name_e":"CHANGWAT NARATHIWAT","length_km":170.32},"geometry":{"type":"LineString","coordinates":[[102.08778,6.24097],[102.09106,6.23693],[102.08002,6.22611],[102.07969,6.20328],[102.0771,6.19854],[102.07692,6.19108],[102.08006,6.18131],[102.07814,6.17135],[102.08223,6.17155],[102.08521,6.16549],[102.08346,6.16197],[102.08449,6.15844],[102.08832,6.15942],[102.09094,6.15438],[102.08993,6.15079],[102.09267,6.14873],[102.08689,6.14093],[102.08834,6.13871],[102.08244,6.13676],[102.0815,6.12963],[102.07715,6.12757],[102.07861,6.12301],[102.07392,6.12023],[102.07493,6.11794],[102.07262,6.11823],[102.07388,6.11589],[102.07138,6.11499],[102.06993,6.10933],[102.06729,6.10993],[102.06089,6.10308],[102.06069,6.09663],[102.0586,6.09689],[102.06064,6.09133],[102.05763,6.09087],[102.05321,6.08016],[102.03362,6.06955],[102.03108,6.07124],[102.02891,6.06529],[102.02187,6.06153],[102.0188,6.05223],[102.01548,6.05368],[102.01172,6.05136],[102.00444,6.05097],[102.00253,6.04943],[102.00363,6.04417],[101.9993,6.04064],[101.99034,6.04058],[101.98274,6.02988],[101.97756,6.03023],[101.97545,6.02411],[101.97034,6.01943],[101.97055,6.011],[101.97232,6.00971],[101.97086,6.00588],[101.9641,6.0007],[101.96265,5.99675],[101.95858,5.99747],[101.95716,5.99377],[101.95328,5.99554],[101.95466,5.99252],[101.95218,5.99144],[101.95126,5.98785],[101.9475,5.99078],[101.94753,5.98389],[101.94496,5.98711],[101.94166,5.98102],[101.94474,5.98025],[101.94301,5.97836],[101.94554,5.97714],[101.93893,5.97235],[101.94302,5.95448],[101.93596,5.94826],[101.92851,5.94895],[101.92854,5.94494],[101.93111,5.94504],[101.92837,5.9387],[101.93077,5.93641],[101.92858,5.93528],[101.93021,5.93259],[101.92708,5.92437],[101.92296,5.92435],[101.92346,5.921],[101.92047,5.91812],[101.92154,5.91059],[101.92951,5.90986],[101.92967,5.90492],[101.93287,5.90671],[101.93297,5.90029],[101.93515,5.89947],[101.93429,5.89716],[101.93797,5.89157],[101.93641,5.88862],[101.93965,5.88916],[101.939,5.87933],[101.9432,5.87201],[101.94028,5.87055],[101.94092,5.86758],[101.93727,5.86192],[101.93541,5.86344],[101.9301,5.86133],[101.92672,5.85659],[101.92902,5.85345],[101.91994,5.8457],[101.91628,5.84551],[101.91648,5.84308],[101.9059,5.84141],[101.89896,5.84431],[101.89687,5.84305],[101.89531,5.84559],[101.89063,5.83829],[101.88633,5.83947],[101.88337,5.8379],[101.88405,5.83515],[101.87949,5.83135],[101.87662,5.82087],[101.87999,5.81011],[101.87809,5.81072],[101.8785,5.80898],[101.87677,5.8094],[101.87243,5.80294],[101.86959,5.80522],[101.86731,5.8026],[101.86562,5.80413],[101.86077,5.80138],[101.86042,5.79847],[101.86358,5.79769],[101.86609,5.79097],[101.85758,5.79188],[101.85624,5.79394],[101.85468,5.79103],[101.84288,5.78885],[101.84052,5.79159],[101.84049,5.78996],[101.8358,5.7887],[101.82462,5.76484],[101.81829,5.75628],[101.82415,5.7518],[101.82385,5.74519],[101.82674,5.73854],[101.82457,5.73323],[101.81574,5.73303],[101.81128,5.7415],[101.80387,5.74422],[101.79823,5.75076],[101.79219,5.75095],[101.77506,5.7693],[101.77386,5.77386],[101.77628,5.7835],[101.76563,5.78941],[101.76066,5.7953],[101.75332,5.79724],[101.74792,5.7929],[101.74382,5.79356],[101.73912,5.78223],[101.72686,5.78529],[101.72178,5.77992],[101.71989,5.78785],[101.71815,5.78829],[101.71442,5.76361],[101.70985,5.76207],[101.70688,5.75515],[101.7021,5.75273],[101.69128,5.75523],[101.68779,5.76426],[101.69012,5.77167],[101.68767,5.78098],[101.68448,5.78338],[101.6785,5.78122],[101.67182,5.78725],[101.66894,5.79086],[101.66998,5.79535],[101.66432,5.80066],[101.6675,5.80827],[101.66273,5.81488],[101.65766,5.81219],[101.65885,5.82591],[101.65664,5.83833],[101.6612,5.84817],[101.65556,5.85744],[101.66264,5.86627],[101.65867,5.87494],[101.65411,5.87786],[101.64156,5.87049],[101.62318,5.87713],[101.62192,5.89587],[101.61815,5.89606],[101.61511,5.90078],[101.61519,5.91082],[101.60839,5.9151],[101.5978,5.91189],[101.58948,5.91853],[101.5878,5.92988],[101.58149,5.93444],[101.57532,5.93054],[101.5726,5.92553],[101.5593,5.91908],[101.55425,5.92109],[101.53948,5.9189],[101.52645,5.90957],[101.52344,5.89867],[101.52026,5.90066],[101.51778,5.89968],[101.51529,5.90381],[101.51325,5.9034],[101.50768,5.89407],[101.5018,5.8894]]}},{"type":"Feature","properties":{"kind":"land_border","p_code":"48","p_name_t":"จังหวัดนครพนม","p_name_e":"CHANGWAT NAKHON PHANOM","length_km":167.87},"geometry":{"type":"LineString","coordinates":[[104.19032,18.02345],[104.21004,18.00361],[104.22543,17.97957],[104.23899,17.94197],[104.24642,17.93011],[104.27558,17.86274],[104.28212,17.85587],[104.30021,17.8451],[104.33639,17.83617],[104.35453,17.82337],[104.38729,17.7711],[104.39601,17.74842],[104.41405,17.72334],[104.43853,17.69569],[104.45852,17.66438],[104.47261,17.6516],[104.48131,17.64862],[104.50917,17.62963],[104.55643,17.60654],[104.57802,17.59149],[104.58674,17.58812],[104.59941,17.58797],[104.60954,17.58362],[104.64227,17.55925],[104.66677,17.54771],[104.68163,17.53641],[104.70157,17.52583],[104.72253,17.50564],[104.73026,17.48438],[104.74595,17.4573],[104.77575,17.42736],[104.8002,17.39367],[104.80401,17.37097],[104.80551,17.29792],[104.80261,17.27023],[104.80665,17.24133],[104.801,17.1629],[104.79329,17.14024],[104.78961,17.13649],[104.78692,17.12409],[104.77569,17.1052],[104.76578,17.08011],[104.74929,17.04974],[104.74149,17.04276],[104.73558,17.03239],[104.72948,17.00818],[104.7303,16.98481],[104.73566,16.94871],[104.7366,16.91491],[104.74427,16.89316],[104.75715,16.87442],[104.75946,16.86194],[104.75288,16.83782],[104.74043,16.81898],[104.73718,16.80468]]}},{"type":"Feature","properties":{"kind":"land_border","p_code":"38","p_name_t":"จังหวัดบึงกาฬ","p_name_e":"CHANGWAT BUNG KAN","length_km":143.19},"geometry":{"type":"LineString","coordinates":[[103.29842,18.30408],[103.29777,18.3149],[103.29078,18.3236],[103.27305,18.33268],[103.25347,18.33659],[103.24395,18.35216],[103.24327,18.36117],[103.24531,18.36842],[103.25066,18.37426],[103.25956,18.37914],[103.28167,18.4008],[103.29358,18.42204],[103.30729,18.43139],[103.31528,18.4339],[103.35067,18.43446],[103.40677,18.44878],[103.42785,18.4415],[103.45814,18.42477],[103.47365,18.42753],[103.48801,18.42349],[103.51447,18.42684],[103.52775,18.42615],[103.55015,18.41904],[103.57006,18.40605],[103.60948,18.40432],[103.63874,18.38923],[103.69757,18.34276],[103.70776,18.34143],[103.74625,18.34368],[103.7507,18.3396],[103.79608,18.34302],[103.81731,18.33851],[103.83132,18.33068],[103.83645,18.32465],[103.85072,18.28986],[103.85708,18.28401],[103.8705,18.28654],[103.88688,18.29423],[103.9132,18.32056],[103.92819,18.33009],[103.95375,18.33922],[103.97111,18.33746],[103.98991,18.31993],[103.99625,18.30742],[104.05994,18.22026],[104.06257,18.21467],[104.0627,18.20376],[104.07165,18.18531],[104.08186,18.17441],[104.08871,18.16139],[104.10509,18.11636],[104.12881,18.08822],[104.17001,18.04705],[104.19034,18.02344]]}},{"type":"Feature","properties":{"kind":"land_border","p_code":"90","p_name_t":"จังหวัดสงขลา","p_name_e":"CHANGWAT SONGKHLA","length_km":139.82},"geometry":{"type":"LineString","coordinates":[[100.84283,6.30818],[100.84852,6.31029],[100.84913,6.31496],[100.84025,6.32277],[100.84038,6.32761],[100.8355,6.3387],[100.82851,6.34772],[100.82754,6.35246],[100.82171,6.35715],[100.82216,6.36545],[100.82038,6.36916],[100.82417,6.38279],[100.82128,6.39983],[100.82413,6.40502],[100.82135,6.41571],[100.81383,6.43094],[100.8118,6.44333],[100.79143,6.44877],[100.78797,6.4537],[100.78157,6.45469],[100.78158,6.45736],[100.77617,6.46319],[100.76787,6.45551],[100.75241,6.45859],[100.74348,6.47065],[100.74273,6.48194],[100.73857,6.49059],[100.74318,6.4999],[100.73841,6.5102],[100.73406,6.50991],[100.7331,6.50617],[100.72985,6.50541],[100.73173,6.50203],[100.72941,6.50058],[100.73019,6.49642],[100.72346,6.49555],[100.71939,6.48647],[100.71166,6.48129],[100.70913,6.47113],[100.69738,6.47116],[100.69696,6.4663],[100.68618,6.46493],[100.68438,6.45376],[100.66218,6.45094],[100.65261,6.44284],[100.64299,6.44944],[100.64628,6.45855],[100.62626,6.45791],[100.61721,6.46009],[100.6083,6.47228],[100.605,6.47239],[100.60282,6.46893],[100.59495,6.47776],[100.58398,6.47847],[100.57287,6.48306],[100.56241,6.49635],[100.55319,6.49178],[100.54874,6.48516],[100.54253,6.49152],[100.53673,6.48704],[100.53264,6.49029],[100.52577,6.48804],[100.5243,6.49083],[100.51893,6.48922],[100.51559,6.49356],[100.51205,6.49266],[100.50815,6.50072],[100.50229,6.49985],[100.49415,6.50832],[100.49257,6.51565],[100.49575,6.51871],[100.49539,6.52191],[100.48903,6.52589],[100.48617,6.52328],[100.47693,6.52445],[100.4692,6.52103],[100.45769,6.53215],[100.45311,6.52751],[100.43985,6.52774],[100.42055,6.51858],[100.41532,6.52414],[100.41094,6.52352],[100.40759,6.52948],[100.40239,6.53077],[100.40191,6.53672],[100.39623,6.53416],[100.38789,6.53569],[100.38643,6.53955],[100.37308,6.54498],[100.36727,6.54002],[100.36009,6.54724],[100.35904,6.5572],[100.35308,6.56187],[100.35364,6.56808],[100.35144,6.57294],[100.34484,6.57181],[100.3409,6.57635],[100.34166,6.58002],[100.33605,6.58269],[100.33539,6.58498],[100.32935,6.58453],[100.32522,6.58659],[100.32498,6.58897],[100.32026,6.59184],[100.31598,6.60388],[100.30413,6.60516],[100.30563,6.61058],[100.31873,6.61571],[100.32546,6.6226],[100.32112,6.63596],[100.31759,6.63534],[100.31653,6.63697],[100.32157,6.64357],[100.31969,6.65439],[100.32714,6.66388],[100.32539,6.66576],[100.31916,6.66491],[100.31626,6.66738],[100.30722,6.66811],[100.30197,6.67976],[100.29475,6.67987],[100.28994,6.69227],[100.29492,6.7048],[100.29351,6.70767],[100.28982,6.71042],[100.28665,6.708],[100.27686,6.7072],[100.2637,6.69932],[100.26272,6.70451],[100.25746,6.71113],[100.25257,6.70816],[100.25326,6.70491],[100.24932,6.69838],[100.24355,6.69642],[100.24256,6.69391],[100.2285,6.69426],[100.22917,6.69659],[100.22414,6.69757],[100.21815,6.70354],[100.21821,6.70966],[100.21521,6.71336],[100.21416,6.71973],[100.20658,6.72091],[100.20438,6.72691]]}},{"type":"Feature","properties":{"kind":"land_border","p_code":"33","p_name_t":"จังหวัดศรีสะเกษ","p_name_e":"CHANGWAT SISAKET","length_km":132.0},"geometry":{"type":"LineString","coordinates":[[104.90697,14.39946],[104.90247,14.4009],[104.89821,14.40638],[104.89517,14.40494],[104.87165,14.41783],[104.8618,14.40887],[104.85694,14.41275],[104.85379,14.4076],[104.84171,14.40346],[104.83939,14.41366],[104.82903,14.41852],[104.81862,14.41871],[104.8179,14.42742],[104.80526,14.43759],[104.789,14.43457],[104.77586,14.42438],[104.76618,14.42383],[104.757,14.41527],[104.75671,14.41043],[104.75287,14.40546],[104.73921,14.41371],[104.73221,14.4118],[104.72398,14.40249],[104.72117,14.40894],[104.72526,14.41614],[104.72454,14.42],[104.72115,14.42521],[104.71586,14.42769],[104.71388,14.43217],[104.70958,14.43341],[104.70341,14.43105],[104.69479,14.4218],[104.68332,14.39566],[104.67846,14.39543],[104.67929,14.39043],[104.67137,14.39836],[104.66328,14.39841],[104.65797,14.40112],[104.65308,14.40775],[104.65223,14.42005],[104.64955,14.42328],[104.6449,14.42351],[104.62702,14.40578],[104.61353,14.39669],[104.60283,14.39545],[104.58862,14.38054],[104.58052,14.37522],[104.5769,14.36689],[104.57856,14.35735],[104.56938,14.3598],[104.56279,14.35193],[104.54474,14.35561],[104.5357,14.35401],[104.53083,14.35982],[104.52401,14.36],[104.51517,14.37021],[104.50088,14.3754],[104.48032,14.36614],[104.4757,14.36093],[104.47833,14.35233],[104.46991,14.34585],[104.46458,14.34487],[104.46171,14.34624],[104.46374,14.35495],[104.45975,14.36127],[104.44958,14.35698],[104.44197,14.36011],[104.43632,14.35826],[104.42913,14.3651],[104.41499,14.37146],[104.4118,14.37114],[104.4065,14.36612],[104.39876,14.37412],[104.39553,14.37466],[104.38987,14.3743],[104.38124,14.36905],[104.36292,14.36966],[104.35673,14.37268],[104.34979,14.36882],[104.33239,14.36919],[104.32128,14.37488],[104.31275,14.38271],[104.30729,14.38298],[104.29137,14.40073],[104.28584,14.39958],[104.27789,14.40762],[104.27377,14.40825],[104.26658,14.39908],[104.26045,14.39915],[104.25732,14.39414],[104.2511,14.39153],[104.25245,14.3869],[104.24548,14.37603],[104.23096,14.37046],[104.21107,14.36772],[104.2072,14.36994],[104.199,14.38317],[104.19424,14.38118],[104.18687,14.38478],[104.17075,14.37586],[104.17468,14.37129],[104.17233,14.36752],[104.1754,14.3622],[104.17413,14.35938],[104.14377,14.3546],[104.13649,14.35891],[104.13991,14.36713],[104.13719,14.37332],[104.13048,14.37598],[104.12171,14.37375],[104.10812,14.37848],[104.10639,14.37084],[104.09835,14.36661],[104.0947,14.35516],[104.08909,14.34841],[104.0681,14.34202],[104.05692,14.34396]]}},{"type":"Feature","properties":{"kind":"land_border","p_code":"32","p_name_t":"จังหวัดสุรินทร์","p_name_e":"CHANGWAT SURIN","length_km":129.93},"geometry":{"type":"LineString","coordinates":[[104.05694,14.34396],[104.04907,14.34014],[104.03244,14.34035],[104.02833,14.33716],[104.02803,14.34027],[104.01399,14.34389],[104.01116,14.3481],[104.01073,14.35495],[104.00806,14.35713],[104.00305,14.35607],[103.99591,14.34512],[103.98712,14.3462],[103.98535,14.3523],[103.98148,14.35526],[103.97256,14.34995],[103.9506,14.35063],[103.94621,14.34135],[103.94755,14.33252],[103.94195,14.33004],[103.93683,14.33268],[103.92874,14.33188],[103.92186,14.33657],[103.91446,14.33547],[103.90845,14.33845],[103.89951,14.33774],[103.90007,14.34553],[103.89424,14.34308],[103.88532,14.34289],[103.88137,14.33824],[103.87602,14.34522],[103.8713,14.34761],[103.86809,14.35437],[103.85971,14.35784],[103.86107,14.36596],[103.84698,14.37103],[103.83899,14.37143],[103.83441,14.36872],[103.8285,14.35936],[103.83053,14.35408],[103.82885,14.35251],[103.81797,14.35597],[103.80267,14.35646],[103.80442,14.3662],[103.80225,14.36973],[103.78583,14.36647],[103.77851,14.36046],[103.77407,14.36007],[103.77434,14.36431],[103.75829,14.37764],[103.75119,14.37196],[103.74614,14.37814],[103.74146,14.37701],[103.73697,14.37987],[103.73151,14.3786],[103.72493,14.38043],[103.71276,14.37697],[103.70617,14.37888],[103.70085,14.39072],[103.70326,14.39809],[103.70253,14.40606],[103.7084,14.41372],[103.70826,14.43225],[103.69389,14.4384],[103.68612,14.43936],[103.67923,14.43513],[103.66607,14.43539],[103.65926,14.43786],[103.65391,14.43633],[103.64497,14.42942],[103.64137,14.42125],[103.64904,14.42107],[103.65645,14.41815],[103.65456,14.40977],[103.64957,14.4125],[103.64217,14.41065],[103.62426,14.3987],[103.61992,14.3986],[103.61618,14.40129],[103.61044,14.41952],[103.60453,14.41523],[103.59795,14.41692],[103.58982,14.42384],[103.57914,14.42653],[103.57427,14.42399],[103.559,14.42402],[103.55065,14.41891],[103.53719,14.41582],[103.52809,14.40993],[103.52523,14.4009],[103.51779,14.4049],[103.50027,14.40065],[103.49417,14.38654],[103.49026,14.38563],[103.48668,14.38813],[103.48295,14.3868],[103.47971,14.37822],[103.47156,14.375],[103.47047,14.36716],[103.46729,14.36422],[103.45101,14.36792],[103.44554,14.37903],[103.43937,14.3792],[103.43825,14.38902],[103.43532,14.39091],[103.4208,14.3829],[103.411,14.37235],[103.40996,14.36909],[103.41267,14.36171],[103.40938,14.35744],[103.39274,14.35685],[103.37699,14.35172],[103.34688,14.35393],[103.34025,14.35111],[103.33046,14.35069],[103.31725,14.35641],[103.28367,14.34771],[103.26416,14.35028],[103.24656,14.3382],[103.23717,14.33615],[103.22694,14.32704]]}},{"type":"Feature","properties":{"kind":"land_border","p_code":"76","p_name_t":"จังหวัดเพชรบุรี","p_name_e":"CHANGWAT PHETCHABURI","length_km":123.06},"geometry":{"type":"LineString","coordinates":[[99.43882,12.58324],[99.43394,12.5908],[99.42502,12.5956],[99.42051,12.60805],[99.41154,12.61598],[99.39814,12.61391],[99.38629,12.61779],[99.37933,12.61539],[99.3775,12.62219],[99.3709,12.62214],[99.36593,12.62493],[99.36617,12.63443],[99.3566,12.63597],[99.35421,12.6405],[99.34774,12.63875],[99.34361,12.64213],[99.345,12.64814],[99.33773,12.66225],[99.32336,12.66867],[99.30867,12.66783],[99.30748,12.671],[99.29534,12.67759],[99.3001,12.68991],[99.29406,12.69717],[99.28938,12.69893],[99.28995,12.71566],[99.27827,12.71757],[99.27032,12.72934],[99.26443,12.72572],[99.25272,12.72385],[99.24775,12.71952],[99.24108,12.72213],[99.23405,12.73833],[99.22746,12.74406],[99.23397,12.75124],[99.23254,12.77035],[99.23465,12.77795],[99.22827,12.79113],[99.22905,12.79856],[99.2252,12.81333],[99.22305,12.81427],[99.22272,12.82373],[99.21923,12.82355],[99.21789,12.82851],[99.21159,12.82633],[99.20434,12.83874],[99.19861,12.84084],[99.19739,12.8451],[99.1896,12.84591],[99.18606,12.85032],[99.18729,12.85572],[99.1849,12.86231],[99.18874,12.87992],[99.18076,12.88813],[99.18322,12.89305],[99.1827,12.91103],[99.17484,12.92129],[99.16291,12.92776],[99.17108,12.93554],[99.17204,12.94287],[99.18444,12.94466],[99.18828,12.95172],[99.19511,12.95666],[99.19334,12.96562],[99.18985,12.96769],[99.18716,12.97653],[99.19478,12.99111],[99.18954,12.99052],[99.18061,12.99325],[99.1688,13.00782],[99.171,13.01445],[99.16551,13.01898],[99.15752,13.01994],[99.15487,13.0267],[99.14781,13.02656],[99.14645,13.03303],[99.14098,13.03531],[99.1397,13.03273],[99.13396,13.03344],[99.12501,13.03814],[99.1147,13.05169],[99.11395,13.05843],[99.1099,13.06428],[99.10422,13.06324],[99.1,13.07183],[99.09951,13.07824],[99.10321,13.08409],[99.10876,13.08361],[99.12063,13.09662],[99.12866,13.09559],[99.13126,13.0979],[99.12733,13.10318],[99.1282,13.11643],[99.12901,13.11869],[99.13391,13.11878],[99.1329,13.12323],[99.13618,13.12888],[99.13625,13.13409],[99.13138,13.1373],[99.13007,13.1427],[99.13686,13.15197],[99.13429,13.16443],[99.12517,13.17034],[99.12191,13.1697],[99.11694,13.1741],[99.12489,13.18714],[99.12346,13.19471],[99.13067,13.20247],[99.15567,13.2085],[99.1638,13.20802],[99.17502,13.20197],[99.18301,13.19224],[99.18621,13.19404],[99.18992,13.19269],[99.19475,13.19728],[99.1973,13.19324],[99.20329,13.19963],[99.20415,13.20414],[99.20995,13.2076]]}},{"type":"Feature","properties":{"kind":"land_border","p_code":"85","p_name_t":"จังหวัดระนอง","p_name_e":"CHANGWAT RANONG","length_km":113.23},"geometry":{"type":"LineString","coordinates":[[98.63303,10.08874],[98.6342,10.10377],[98.64165,10.11785],[98.63933,10.13198],[98.654,10.16536],[98.6713,10.1741],[98.67819,10.18721],[98.69464,10.2041],[98.70117,10.21568],[98.71995,10.26397],[98.7244,10.28296],[98.72946,10.29451],[98.73179,10.30962],[98.7435,10.32643],[98.74382,10.34253],[98.75509,10.39215],[98.76695,10.40578],[98.77087,10.42157],[98.78142,10.44146],[98.78518,10.4443],[98.79568,10.4452],[98.79987,10.44781],[98.79673,10.45574],[98.80954,10.4727],[98.80279,10.47801],[98.80008,10.48405],[98.80576,10.48267],[98.8044,10.48813],[98.81193,10.49055],[98.81775,10.5006],[98.81934,10.50808],[98.81657,10.51521],[98.81797,10.52711],[98.82111,10.52994],[98.81973,10.53157],[98.81262,10.53024],[98.81554,10.53966],[98.80908,10.54043],[98.81761,10.54736],[98.81375,10.54903],[98.81279,10.5552],[98.80878,10.55362],[98.80388,10.55948],[98.79851,10.56001],[98.80436,10.56442],[98.80716,10.57915],[98.80998,10.58228],[98.80728,10.58779],[98.81068,10.59259],[98.80842,10.59364],[98.80389,10.58707],[98.80146,10.58665],[98.8016,10.59303],[98.79686,10.59569],[98.80121,10.60108],[98.79929,10.60551],[98.79368,10.60335],[98.78611,10.60624],[98.78098,10.60144],[98.7808,10.61581],[98.7738,10.6162],[98.77112,10.62171],[98.77505,10.62597],[98.77477,10.63153],[98.77744,10.63452],[98.77619,10.63964],[98.78263,10.64675],[98.78461,10.65254],[98.77972,10.67946],[98.78243,10.68435],[98.78545,10.68045],[98.78962,10.68319],[98.79647,10.69743],[98.80246,10.70006],[98.80082,10.7076],[98.80741,10.70768],[98.81245,10.71295],[98.80895,10.714],[98.80889,10.71592],[98.81806,10.71846],[98.8187,10.72323],[98.82369,10.72602],[98.82294,10.73067],[98.82871,10.73309],[98.83166,10.73658],[98.8319,10.74073],[98.83527,10.74169],[98.8343,10.74358],[98.83893,10.74786],[98.83925,10.75345],[98.8448,10.75377],[98.84493,10.75798],[98.8501,10.7613],[98.85904,10.77427],[98.86074,10.77385],[98.85834,10.77575],[98.86195,10.77907],[98.86371,10.77638],[98.86753,10.7764],[98.87014,10.783],[98.87128,10.78179],[98.87484,10.78371],[98.87562,10.78772],[98.8788,10.78887],[98.8805,10.78535],[98.88423,10.7856],[98.88605,10.77771],[98.88917,10.77808],[98.88911,10.77416]]}},{"type":"Feature","properties":{"kind":"land_border","p_code":"53","p_name_t":"จังหวัดอุตรดิตถ์","p_name_e":"CHANGWAT AUTTARADIT","length_km":111.9},"geometry":{"type":"LineString","coordinates":[[101.08579,18.38073],[101.0942,18.38141],[101.10959,18.3712],[101.11289,18.37188],[101.11558,18.36992],[101.11867,18.37136],[101.13217,18.36586],[101.14843,18.34704],[101.15398,18.34907],[101.16249,18.34536],[101.1674,18.34668],[101.18209,18.34049],[101.17996,18.32768],[101.17556,18.32565],[101.17394,18.32042],[101.1684,18.32073],[101.16474,18.31347],[101.15945,18.3106],[101.15874,18.30725],[101.16075,18.30493],[101.14989,18.2982],[101.14831,18.29443],[101.15626,18.28355],[101.16042,18.28297],[101.16314,18.27834],[101.15124,18.26937],[101.144,18.25965],[101.15919,18.24661],[101.1625,18.23362],[101.16656,18.23066],[101.16394,18.2223],[101.16524,18.21779],[101.17268,18.21701],[101.17931,18.22459],[101.19254,18.21341],[101.18407,18.19659],[101.18353,18.19014],[101.17735,18.18118],[101.17825,18.17327],[101.17293,18.16426],[101.17492,18.16227],[101.16896,18.13994],[101.16096,18.12383],[101.166,18.11271],[101.1647,18.10499],[101.17437,18.0891],[101.17173,18.08573],[101.17271,18.07581],[101.17586,18.07092],[101.1805,18.07064],[101.18383,18.06542],[101.17564,18.05349],[101.17688,18.05053],[101.16043,18.02984],[101.15529,18.0376],[101.14964,18.03604],[101.14082,18.02672],[101.13931,18.02096],[101.13256,18.01377],[101.12959,18.00613],[101.1212,17.9986],[101.11741,17.97736],[101.11864,17.97365],[101.11735,17.97089],[101.11454,17.97153],[101.11734,17.95137],[101.10366,17.94654],[101.09459,17.93598],[101.09526,17.93131],[101.09091,17.92985],[101.08863,17.92544],[101.0776,17.92394],[101.07111,17.92028],[101.07057,17.91395],[101.06614,17.91417],[101.06439,17.91679],[101.05996,17.91395],[101.04719,17.9133],[101.03041,17.90117],[101.02839,17.90161],[101.02687,17.89733],[101.01887,17.89145],[101.01655,17.88408],[101.02102,17.88283],[101.0173,17.87799],[101.02608,17.87214],[101.03476,17.86067],[101.03,17.84703],[101.02928,17.83866],[101.03236,17.83403],[101.02781,17.82877],[101.01856,17.82927],[101.00087,17.82314],[100.99889,17.82076],[100.99985,17.81679],[100.99265,17.80398],[101.00254,17.79489],[101.00633,17.7844],[100.99921,17.77054],[100.98122,17.7679],[100.97731,17.76205],[100.97743,17.75345],[100.98628,17.74881],[100.98826,17.74301]]}},{"type":"Feature","properties":{"kind":"land_border","p_code":"22","p_name_t":"จังหวัดจันทบุรี","p_name_e":"CHANGWAT CHANTHABURI","length_km":89.69},"geometry":{"type":"LineString","coordinates":[[102.35336,13.29868],[102.34943,13.28708],[102.35116,13.27214],[102.35868,13.27094],[102.36734,13.26292],[102.36659,13.25584],[102.37035,13.23744],[102.37862,13.22709],[102.37914,13.22255],[102.38669,13.21771],[102.3895,13.20256],[102.39344,13.19926],[102.39416,13.19117],[102.39155,13.18491],[102.39342,13.17671],[102.39673,13.17514],[102.39818,13.17131],[102.39882,13.15724],[102.40586,13.14548],[102.4101,13.14486],[102.41685,13.13956],[102.4167,13.12277],[102.42245,13.11692],[102.42513,13.10803],[102.42845,13.10837],[102.4332,13.10194],[102.43401,13.09113],[102.43979,13.0851],[102.44462,13.08705],[102.44977,13.0846],[102.44932,13.08305],[102.45922,13.08221],[102.49419,13.01349],[102.51586,13.00576],[102.52534,13.00539],[102.53003,13.00216],[102.52855,13.00018],[102.52559,13.00194],[102.52596,12.99934],[102.52084,12.99965],[102.52275,12.99669],[102.5165,12.99628],[102.51636,12.99118],[102.5135,12.99133],[102.5122,12.99507],[102.50847,12.99553],[102.50776,12.9935],[102.50169,12.99161],[102.49967,12.98632],[102.49064,12.98487],[102.48568,12.9794],[102.49125,12.97114],[102.49635,12.96888],[102.5008,12.96124],[102.49636,12.95238],[102.48595,12.94797],[102.49209,12.93813],[102.49179,12.9332],[102.49617,12.92672],[102.49523,12.92206],[102.49755,12.91975],[102.49866,12.92086],[102.50183,12.91523],[102.5031,12.9008],[102.50931,12.89509],[102.50613,12.88675],[102.50866,12.88437],[102.50495,12.88222],[102.50784,12.8659],[102.4997,12.86236],[102.49804,12.8583],[102.501,12.8497],[102.51454,12.84191],[102.5153,12.82207],[102.5294,12.81807],[102.5321,12.81046],[102.52826,12.7966],[102.53614,12.78386],[102.53216,12.76659],[102.52366,12.76226],[102.52323,12.75878],[102.5177,12.75251],[102.50859,12.75303]]}},{"type":"Feature","properties":{"kind":"land_border","p_code":"49","p_name_t":"จังหวัดมุกดาหาร","p_name_e":"CHANGWAT MUKDAHAN","length_km":71.79},"geometry":{"type":"LineString","coordinates":[[104.73718,16.80469],[104.74607,16.76628],[104.75894,16.73922],[104.75928,16.7132],[104.764,16.70023],[104.76164,16.68522],[104.74206,16.62855],[104.73954,16.59464],[104.73317,16.56588],[104.73688,16.5423],[104.74593,16.52529],[104.76958,16.49808],[104.80276,16.47668],[104.83073,16.46467],[104.84867,16.44835],[104.86158,16.42455],[104.86247,16.40081],[104.87167,16.38519],[104.88465,16.37098],[104.88512,16.35575],[104.89339,16.34441],[104.90301,16.33869],[104.91813,16.33885],[104.92868,16.33333],[104.9329,16.32216],[104.95767,16.29242],[104.97994,16.2783]]}},{"type":"Feature","properties":{"kind":"land_border","p_code":"70","p_name_t":"จังหวัดราชบุรี","p_name_e":"CHANGWAT RATCHABURI","length_km":69.79},"geometry":{"type":"LineString","coordinates":[[99.20994,13.20758],[99.20978,13.21178],[99.20405,13.21902],[99.20882,13.22609],[99.20781,13.23297],[99.20078,13.24774],[99.19789,13.24895],[99.19671,13.25708],[99.2029,13.26146],[99.20727,13.26014],[99.21156,13.26193],[99.20096,13.27221],[99.19975,13.2774],[99.19291,13.28116],[99.19305,13.28398],[99.18708,13.2912],[99.18993,13.30184],[99.19391,13.30419],[99.1908,13.30898],[99.19189,13.32339],[99.19701,13.32513],[99.19983,13.33229],[99.20651,13.33927],[99.20255,13.35481],[99.20572,13.36609],[99.20197,13.37349],[99.20426,13.37859],[99.20713,13.37992],[99.20444,13.38448],[99.20587,13.39099],[99.20399,13.40268],[99.21012,13.41249],[99.20716,13.42073],[99.20097,13.42621],[99.20379,13.43394],[99.1973,13.45106],[99.20703,13.4598],[99.20206,13.47446],[99.20396,13.48168],[99.19847,13.4821],[99.18752,13.49773],[99.19129,13.50041],[99.18837,13.50552],[99.19173,13.5142],[99.18932,13.52587],[99.19194,13.54104],[99.1908,13.54511],[99.18129,13.55246],[99.17678,13.56256],[99.17211,13.56366],[99.16457,13.57506],[99.1782,13.586],[99.16613,13.61099],[99.17133,13.63133],[99.16892,13.63719],[99.17008,13.64795],[99.16676,13.65457],[99.17046,13.66752],[99.16974,13.67169],[99.16592,13.67373],[99.16511,13.6812],[99.16956,13.68362],[99.17121,13.68927],[99.17059,13.69285],[99.16836,13.69251],[99.16696,13.69502],[99.1698,13.70672],[99.16761,13.72611]]}},{"type":"Feature","properties":{"kind":"land_border","p_code":"86","p_name_t":"จังหวัดชุมพร","p_name_e":"CHANGWAT CHUMPHON","length_km":60.6},"geometry":{"type":"LineString","coordinates":[[98.8891,10.77417],[98.89839,10.7806],[98.90295,10.77888],[98.90494,10.78145],[98.90532,10.79398],[98.91119,10.80031],[98.91463,10.80778],[98.91326,10.81226],[98.92083,10.81998],[98.9233,10.82723],[98.92935,10.82329],[98.93055,10.81997],[98.93673,10.8187],[98.93571,10.81338],[98.94653,10.81198],[98.95417,10.81369],[98.95832,10.81201],[98.96575,10.82059],[98.96507,10.82354],[98.97328,10.83227],[98.98001,10.83061],[98.98342,10.83246],[98.99019,10.84426],[98.99403,10.84361],[98.99689,10.84719],[99.00137,10.84797],[99.01074,10.85665],[99.01178,10.87229],[99.00867,10.8745],[99.00841,10.87877],[99.00026,10.88142],[99.00578,10.89272],[99.00267,10.90015],[99.00298,10.90752],[98.99777,10.91131],[99.00042,10.91435],[98.99905,10.92285],[99.0035,10.92979],[99.00296,10.93507],[99.0117,10.94258],[99.02028,10.96688],[99.02634,10.97008],[99.03045,10.96887],[99.03391,10.96405],[99.04958,10.9623],[99.05044,10.95473],[99.05616,10.94733],[99.06283,10.95217],[99.08054,10.95506],[99.08425,10.96434],[99.09038,10.9668],[99.09383,10.97215],[99.09545,10.98563],[99.10056,10.99214],[99.10263,10.99929],[99.1012,11.00199],[99.10239,11.01269],[99.10996,11.0147],[99.11481,11.02066],[99.12689,11.02689],[99.12953,11.0306],[99.13949,11.02828],[99.14115,11.03006],[99.14651,11.02947],[99.15075,11.03346]]}},{"type":"Feature","properties":{"kind":"land_border","p_code":"91","p_name_t":"จังหวัดสตูล","p_name_e":"CHANGWAT SATUN","length_km":50.29},"geometry":{"type":"LineString","coordinates":[[100.20439,6.7269],[100.18566,6.71763],[100.18576,6.71386],[100.17839,6.69742],[100.17101,6.69249],[100.17474,6.68374],[100.17856,6.68272],[100.18035,6.67495],[100.17755,6.66902],[100.18062,6.6551],[100.1676,6.64833],[100.16848,6.63477],[100.16572,6.63138],[100.16777,6.62825],[100.16957,6.60832],[100.17484,6.60453],[100.17767,6.60504],[100.18006,6.60132],[100.17799,6.59157],[100.18361,6.57808],[100.18304,6.57412],[100.1771,6.57311],[100.17496,6.56749],[100.17136,6.57455],[100.16498,6.57044],[100.16237,6.57627],[100.15612,6.57885],[100.15591,6.57553],[100.15908,6.57158],[100.1592,6.56319],[100.15304,6.55641],[100.15687,6.52416],[100.15414,6.52235],[100.1602,6.50268],[100.16031,6.49103],[100.15923,6.48728],[100.15478,6.48716],[100.1544,6.48377],[100.15852,6.47972],[100.15152,6.47691],[100.15044,6.47094],[100.14548,6.46869],[100.14489,6.46023],[100.14756,6.45288],[100.13558,6.44501],[100.13347,6.42933],[100.12316,6.42307],[100.11905,6.42404]]}},{"type":"Feature","properties":{"kind":"land_border","p_code":"31","p_name_t":"จังหวัดบุรีรัมย์","p_name_e":"CHANGWAT BURIRUM","length_km":47.58},"geometry":{"type":"LineString","coordinates":[[103.22696,14.32705],[103.21867,14.32352],[103.21405,14.32817],[103.20316,14.32706],[103.18493,14.33413],[103.16822,14.33538],[103.16132,14.33069],[103.1535,14.31355],[103.14639,14.32483],[103.14215,14.32653],[103.12925,14.31999],[103.13109,14.30742],[103.12402,14.30206],[103.09771,14.29919],[103.08907,14.2959],[103.08294,14.29648],[103.07455,14.28556],[103.05727,14.28519],[103.05695,14.27446],[103.03839,14.25147],[103.03904,14.2441],[103.03265,14.24034],[103.02365,14.22947],[103.01996,14.2284],[103.01705,14.23219],[103.01341,14.23195],[103.01093,14.22599],[102.99809,14.21381],[102.98898,14.21312],[102.98623,14.21487],[102.97025,14.20998],[102.96203,14.21224],[102.95365,14.20838],[102.95119,14.20517],[102.95658,14.19994],[102.95684,14.19678],[102.95375,14.1952],[102.94484,14.19894],[102.94174,14.19776],[102.93847,14.19419],[102.94098,14.18675],[102.92977,14.17638]]}},{"type":"Feature","properties":{"kind":"land_border","p_code":"56","p_name_t":"จังหวัดพะเยา","p_name_e":"CHANGWAT PHAYAO","length_km":44.21},"geometry":{"type":"LineString","coordinates":[[100.40666,19.73602],[100.4168,19.73214],[100.41934,19.72858],[100.42543,19.72848],[100.43073,19.72177],[100.43745,19.7193],[100.43952,19.71165],[100.44527,19.70687],[100.43045,19.68417],[100.42818,19.67315],[100.44336,19.66254],[100.44262,19.63532],[100.44739,19.62819],[100.45566,19.62788],[100.45993,19.61931],[100.46808,19.61485],[100.47681,19.61344],[100.48283,19.60933],[100.4814,19.60457],[100.4866,19.59396],[100.48443,19.58728],[100.49065,19.58225],[100.49179,19.57844],[100.48971,19.5699],[100.48146,19.55947],[100.48244,19.54881],[100.48632,19.54389],[100.50064,19.53855],[100.50847,19.53101],[100.51224,19.52389],[100.5193,19.52245],[100.52346,19.51887],[100.52953,19.52029],[100.53356,19.5243],[100.54933,19.51947],[100.55739,19.51025],[100.56692,19.50671],[100.57489,19.49933],[100.58111,19.49923],[100.58726,19.50473],[100.59419,19.50628],[100.5987,19.51022]]}},{"type":"Feature","properties":{"kind":"land_border","p_code":"65","p_name_t":"จังหวัดพิษณุโลก","p_name_e":"CHANGWAT PHITSANU LOK","length_km":26.26},"geometry":{"type":"LineString","coordinates":[[100.98826,17.74302],[100.99587,17.73493],[101.00762,17.73122],[101.00303,17.71681],[101.0053,17.70885],[101.00263,17.70746],[101.00525,17.70375],[100.99958,17.69899],[101.00934,17.69974],[100.99876,17.6786],[100.99472,17.67792],[100.99211,17.6743],[100.99018,17.66572],[100.99281,17.66278],[100.98988,17.66153],[100.99477,17.65741],[100.99136,17.64932],[100.99465,17.64229],[100.99122,17.61926],[100.98686,17.6176],[100.9872,17.61206],[100.98209,17.60864],[100.97587,17.59576],[100.96838,17.59335],[100.96498,17.58083],[100.96681,17.57087]]}},{"type":"Feature","properties":{"kind":"land_border","p_code":"37","p_name_t":"จังหวัดอำนาจเจริญ","p_name_e":"CHANGWAT AMNAJ CHAROEN","length_km":23.96},"geometry":{"type":"LineString","coordinates":[[104.97992,16.27831],[104.99021,16.27126],[105.01569,16.24218],[105.01595,16.22682],[105.01102,16.20366],[105.01236,16.19023],[105.02581,16.16375],[105.02639,16.15261],[105.03269,16.14442],[105.04089,16.10897],[105.04675,16.10209],[105.06033,16.09804]]}}]}